[2025-11-11 15:15:41] local.ERROR: Target class [cors] does not exist. {"exception":"[object] (Illuminate\\Contracts\\Container\\BindingResolutionException(code: 0): Target class [cors] does not exist. at C:\\Users\\Miguel\\Desktop\\Applikcation Octobre\\Projet gestion de stock\\backend\\vendor\\laravel\\framework\\src\\Illuminate\\Container\\Container.php:1163)
[stacktrace]
#0 C:\\Users\\Miguel\\Desktop\\Applikcation Octobre\\Projet gestion de stock\\backend\\vendor\\laravel\\framework\\src\\Illuminate\\Container\\Container.php(972): Illuminate\\Container\\Container->build('cors')
#1 C:\\Users\\Miguel\\Desktop\\Applikcation Octobre\\Projet gestion de stock\\backend\\vendor\\laravel\\framework\\src\\Illuminate\\Foundation\\Application.php(1078): Illuminate\\Container\\Container->resolve('cors', Array, true)
#2 C:\\Users\\Miguel\\Desktop\\Applikcation Octobre\\Projet gestion de stock\\backend\\vendor\\laravel\\framework\\src\\Illuminate\\Container\\Container.php(903): Illuminate\\Foundation\\Application->resolve('cors', Array)
#3 C:\\Users\\Miguel\\Desktop\\Applikcation Octobre\\Projet gestion de stock\\backend\\vendor\\laravel\\framework\\src\\Illuminate\\Foundation\\Application.php(1058): Illuminate\\Container\\Container->make('cors', Array)
#4 C:\\Users\\Miguel\\Desktop\\Applikcation Octobre\\Projet gestion de stock\\backend\\vendor\\laravel\\framework\\src\\Illuminate\\Pipeline\\Pipeline.php(208): Illuminate\\Foundation\\Application->make('cors')
#5 C:\\Users\\Miguel\\Desktop\\Applikcation Octobre\\Projet gestion de stock\\backend\\vendor\\laravel\\framework\\src\\Illuminate\\Pipeline\\Pipeline.php(137): Illuminate\\Pipeline\\Pipeline->Illuminate\\Pipeline\\{closure}(Object(Illuminate\\Http\\Request))
#6 C:\\Users\\Miguel\\Desktop\\Applikcation Octobre\\Projet gestion de stock\\backend\\vendor\\laravel\\framework\\src\\Illuminate\\Routing\\Router.php(821): Illuminate\\Pipeline\\Pipeline->then(Object(Closure))
#7 C:\\Users\\Miguel\\Desktop\\Applikcation Octobre\\Projet gestion de stock\\backend\\vendor\\laravel\\framework\\src\\Illuminate\\Routing\\Router.php(800): Illuminate\\Routing\\Router->runRouteWithinStack(Object(Illuminate\\Routing\\Route), Object(Illuminate\\Http\\Request))
#8 C:\\Users\\Miguel\\Desktop\\Applikcation Octobre\\Projet gestion de stock\\backend\\vendor\\laravel\\framework\\src\\Illuminate\\Routing\\Router.php(764): Illuminate\\Routing\\Router->runRoute(Object(Illuminate\\Http\\Request), Object(Illuminate\\Routing\\Route))
#9 C:\\Users\\Miguel\\Desktop\\Applikcation Octobre\\Projet gestion de stock\\backend\\vendor\\laravel\\framework\\src\\Illuminate\\Routing\\Router.php(753): Illuminate\\Routing\\Router->dispatchToRoute(Object(Illuminate\\Http\\Request))
#10 C:\\Users\\Miguel\\Desktop\\Applikcation Octobre\\Projet gestion de stock\\backend\\vendor\\laravel\\framework\\src\\Illuminate\\Foundation\\Http\\Kernel.php(200): Illuminate\\Routing\\Router->dispatch(Object(Illuminate\\Http\\Request))
#11 C:\\Users\\Miguel\\Desktop\\Applikcation Octobre\\Projet gestion de stock\\backend\\vendor\\laravel\\framework\\src\\Illuminate\\Pipeline\\Pipeline.php(180): Illuminate\\Foundation\\Http\\Kernel->Illuminate\\Foundation\\Http\\{closure}(Object(Illuminate\\Http\\Request))
#12 C:\\Users\\Miguel\\Desktop\\Applikcation Octobre\\Projet gestion de stock\\backend\\vendor\\laravel\\framework\\src\\Illuminate\\Foundation\\Http\\Middleware\\TransformsRequest.php(21): Illuminate\\Pipeline\\Pipeline->Illuminate\\Pipeline\\{closure}(Object(Illuminate\\Http\\Request))
#13 C:\\Users\\Miguel\\Desktop\\Applikcation Octobre\\Projet gestion de stock\\backend\\vendor\\laravel\\framework\\src\\Illuminate\\Foundation\\Http\\Middleware\\ConvertEmptyStringsToNull.php(31): Illuminate\\Foundation\\Http\\Middleware\\TransformsRequest->handle(Object(Illuminate\\Http\\Request), Object(Closure))
#14 C:\\Users\\Miguel\\Desktop\\Applikcation Octobre\\Projet gestion de stock\\backend\\vendor\\laravel\\framework\\src\\Illuminate\\Pipeline\\Pipeline.php(219): Illuminate\\Foundation\\Http\\Middleware\\ConvertEmptyStringsToNull->handle(Object(Illuminate\\Http\\Request), Object(Closure))
#15 C:\\Users\\Miguel\\Desktop\\Applikcation Octobre\\Projet gestion de stock\\backend\\vendor\\laravel\\framework\\src\\Illuminate\\Foundation\\Http\\Middleware\\TransformsRequest.php(21): Illuminate\\Pipeline\\Pipeline->Illuminate\\Pipeline\\{closure}(Object(Illuminate\\Http\\Request))
#16 C:\\Users\\Miguel\\Desktop\\Applikcation Octobre\\Projet gestion de stock\\backend\\vendor\\laravel\\framework\\src\\Illuminate\\Foundation\\Http\\Middleware\\TrimStrings.php(51): Illuminate\\Foundation\\Http\\Middleware\\TransformsRequest->handle(Object(Illuminate\\Http\\Request), Object(Closure))
#17 C:\\Users\\Miguel\\Desktop\\Applikcation Octobre\\Projet gestion de stock\\backend\\vendor\\laravel\\framework\\src\\Illuminate\\Pipeline\\Pipeline.php(219): Illuminate\\Foundation\\Http\\Middleware\\TrimStrings->handle(Object(Illuminate\\Http\\Request), Object(Closure))
#18 C:\\Users\\Miguel\\Desktop\\Applikcation Octobre\\Projet gestion de stock\\backend\\vendor\\laravel\\framework\\src\\Illuminate\\Http\\Middleware\\ValidatePostSize.php(27): Illuminate\\Pipeline\\Pipeline->Illuminate\\Pipeline\\{closure}(Object(Illuminate\\Http\\Request))
#19 C:\\Users\\Miguel\\Desktop\\Applikcation Octobre\\Projet gestion de stock\\backend\\vendor\\laravel\\framework\\src\\Illuminate\\Pipeline\\Pipeline.php(219): Illuminate\\Http\\Middleware\\ValidatePostSize->handle(Object(Illuminate\\Http\\Request), Object(Closure))
#20 C:\\Users\\Miguel\\Desktop\\Applikcation Octobre\\Projet gestion de stock\\backend\\vendor\\laravel\\framework\\src\\Illuminate\\Http\\Middleware\\HandleCors.php(61): Illuminate\\Pipeline\\Pipeline->Illuminate\\Pipeline\\{closure}(Object(Illuminate\\Http\\Request))
#21 C:\\Users\\Miguel\\Desktop\\Applikcation Octobre\\Projet gestion de stock\\backend\\vendor\\laravel\\framework\\src\\Illuminate\\Pipeline\\Pipeline.php(219): Illuminate\\Http\\Middleware\\HandleCors->handle(Object(Illuminate\\Http\\Request), Object(Closure))
#22 C:\\Users\\Miguel\\Desktop\\Applikcation Octobre\\Projet gestion de stock\\backend\\vendor\\laravel\\framework\\src\\Illuminate\\Http\\Middleware\\TrustProxies.php(58): Illuminate\\Pipeline\\Pipeline->Illuminate\\Pipeline\\{closure}(Object(Illuminate\\Http\\Request))
#23 C:\\Users\\Miguel\\Desktop\\Applikcation Octobre\\Projet gestion de stock\\backend\\vendor\\laravel\\framework\\src\\Illuminate\\Pipeline\\Pipeline.php(219): Illuminate\\Http\\Middleware\\TrustProxies->handle(Object(Illuminate\\Http\\Request), Object(Closure))
#24 C:\\Users\\Miguel\\Desktop\\Applikcation Octobre\\Projet gestion de stock\\backend\\vendor\\laravel\\framework\\src\\Illuminate\\Pipeline\\Pipeline.php(137): Illuminate\\Pipeline\\Pipeline->Illuminate\\Pipeline\\{closure}(Object(Illuminate\\Http\\Request))
#25 C:\\Users\\Miguel\\Desktop\\Applikcation Octobre\\Projet gestion de stock\\backend\\vendor\\laravel\\framework\\src\\Illuminate\\Foundation\\Http\\Kernel.php(175): Illuminate\\Pipeline\\Pipeline->then(Object(Closure))
#26 C:\\Users\\Miguel\\Desktop\\Applikcation Octobre\\Projet gestion de stock\\backend\\vendor\\laravel\\framework\\src\\Illuminate\\Foundation\\Http\\Kernel.php(144): Illuminate\\Foundation\\Http\\Kernel->sendRequestThroughRouter(Object(Illuminate\\Http\\Request))
#27 C:\\Users\\Miguel\\Desktop\\Applikcation Octobre\\Projet gestion de stock\\backend\\public\\index.php(51): Illuminate\\Foundation\\Http\\Kernel->handle(Object(Illuminate\\Http\\Request))
#28 C:\\Users\\Miguel\\Desktop\\Applikcation Octobre\\Projet gestion de stock\\backend\\vendor\\laravel\\framework\\src\\Illuminate\\Foundation\\resources\\server.php(23): require_once('C:\\\\Users\\\\Miguel...')
#29 {main}

[previous exception] [object] (ReflectionException(code: -1): Class \"cors\" does not exist at C:\\Users\\Miguel\\Desktop\\Applikcation Octobre\\Projet gestion de stock\\backend\\vendor\\laravel\\framework\\src\\Illuminate\\Container\\Container.php:1161)
[stacktrace]
#0 C:\\Users\\Miguel\\Desktop\\Applikcation Octobre\\Projet gestion de stock\\backend\\vendor\\laravel\\framework\\src\\Illuminate\\Container\\Container.php(1161): ReflectionClass->__construct('cors')
#1 C:\\Users\\Miguel\\Desktop\\Applikcation Octobre\\Projet gestion de stock\\backend\\vendor\\laravel\\framework\\src\\Illuminate\\Container\\Container.php(972): Illuminate\\Container\\Container->build('cors')
#2 C:\\Users\\Miguel\\Desktop\\Applikcation Octobre\\Projet gestion de stock\\backend\\vendor\\laravel\\framework\\src\\Illuminate\\Foundation\\Application.php(1078): Illuminate\\Container\\Container->resolve('cors', Array, true)
#3 C:\\Users\\Miguel\\Desktop\\Applikcation Octobre\\Projet gestion de stock\\backend\\vendor\\laravel\\framework\\src\\Illuminate\\Container\\Container.php(903): Illuminate\\Foundation\\Application->resolve('cors', Array)
#4 C:\\Users\\Miguel\\Desktop\\Applikcation Octobre\\Projet gestion de stock\\backend\\vendor\\laravel\\framework\\src\\Illuminate\\Foundation\\Application.php(1058): Illuminate\\Container\\Container->make('cors', Array)
#5 C:\\Users\\Miguel\\Desktop\\Applikcation Octobre\\Projet gestion de stock\\backend\\vendor\\laravel\\framework\\src\\Illuminate\\Pipeline\\Pipeline.php(208): Illuminate\\Foundation\\Application->make('cors')
#6 C:\\Users\\Miguel\\Desktop\\Applikcation Octobre\\Projet gestion de stock\\backend\\vendor\\laravel\\framework\\src\\Illuminate\\Pipeline\\Pipeline.php(137): Illuminate\\Pipeline\\Pipeline->Illuminate\\Pipeline\\{closure}(Object(Illuminate\\Http\\Request))
#7 C:\\Users\\Miguel\\Desktop\\Applikcation Octobre\\Projet gestion de stock\\backend\\vendor\\laravel\\framework\\src\\Illuminate\\Routing\\Router.php(821): Illuminate\\Pipeline\\Pipeline->then(Object(Closure))
#8 C:\\Users\\Miguel\\Desktop\\Applikcation Octobre\\Projet gestion de stock\\backend\\vendor\\laravel\\framework\\src\\Illuminate\\Routing\\Router.php(800): Illuminate\\Routing\\Router->runRouteWithinStack(Object(Illuminate\\Routing\\Route), Object(Illuminate\\Http\\Request))
#9 C:\\Users\\Miguel\\Desktop\\Applikcation Octobre\\Projet gestion de stock\\backend\\vendor\\laravel\\framework\\src\\Illuminate\\Routing\\Router.php(764): Illuminate\\Routing\\Router->runRoute(Object(Illuminate\\Http\\Request), Object(Illuminate\\Routing\\Route))
#10 C:\\Users\\Miguel\\Desktop\\Applikcation Octobre\\Projet gestion de stock\\backend\\vendor\\laravel\\framework\\src\\Illuminate\\Routing\\Router.php(753): Illuminate\\Routing\\Router->dispatchToRoute(Object(Illuminate\\Http\\Request))
#11 C:\\Users\\Miguel\\Desktop\\Applikcation Octobre\\Projet gestion de stock\\backend\\vendor\\laravel\\framework\\src\\Illuminate\\Foundation\\Http\\Kernel.php(200): Illuminate\\Routing\\Router->dispatch(Object(Illuminate\\Http\\Request))
#12 C:\\Users\\Miguel\\Desktop\\Applikcation Octobre\\Projet gestion de stock\\backend\\vendor\\laravel\\framework\\src\\Illuminate\\Pipeline\\Pipeline.php(180): Illuminate\\Foundation\\Http\\Kernel->Illuminate\\Foundation\\Http\\{closure}(Object(Illuminate\\Http\\Request))
#13 C:\\Users\\Miguel\\Desktop\\Applikcation Octobre\\Projet gestion de stock\\backend\\vendor\\laravel\\framework\\src\\Illuminate\\Foundation\\Http\\Middleware\\TransformsRequest.php(21): Illuminate\\Pipeline\\Pipeline->Illuminate\\Pipeline\\{closure}(Object(Illuminate\\Http\\Request))
#14 C:\\Users\\Miguel\\Desktop\\Applikcation Octobre\\Projet gestion de stock\\backend\\vendor\\laravel\\framework\\src\\Illuminate\\Foundation\\Http\\Middleware\\ConvertEmptyStringsToNull.php(31): Illuminate\\Foundation\\Http\\Middleware\\TransformsRequest->handle(Object(Illuminate\\Http\\Request), Object(Closure))
#15 C:\\Users\\Miguel\\Desktop\\Applikcation Octobre\\Projet gestion de stock\\backend\\vendor\\laravel\\framework\\src\\Illuminate\\Pipeline\\Pipeline.php(219): Illuminate\\Foundation\\Http\\Middleware\\ConvertEmptyStringsToNull->handle(Object(Illuminate\\Http\\Request), Object(Closure))
#16 C:\\Users\\Miguel\\Desktop\\Applikcation Octobre\\Projet gestion de stock\\backend\\vendor\\laravel\\framework\\src\\Illuminate\\Foundation\\Http\\Middleware\\TransformsRequest.php(21): Illuminate\\Pipeline\\Pipeline->Illuminate\\Pipeline\\{closure}(Object(Illuminate\\Http\\Request))
#17 C:\\Users\\Miguel\\Desktop\\Applikcation Octobre\\Projet gestion de stock\\backend\\vendor\\laravel\\framework\\src\\Illuminate\\Foundation\\Http\\Middleware\\TrimStrings.php(51): Illuminate\\Foundation\\Http\\Middleware\\TransformsRequest->handle(Object(Illuminate\\Http\\Request), Object(Closure))
#18 C:\\Users\\Miguel\\Desktop\\Applikcation Octobre\\Projet gestion de stock\\backend\\vendor\\laravel\\framework\\src\\Illuminate\\Pipeline\\Pipeline.php(219): Illuminate\\Foundation\\Http\\Middleware\\TrimStrings->handle(Object(Illuminate\\Http\\Request), Object(Closure))
#19 C:\\Users\\Miguel\\Desktop\\Applikcation Octobre\\Projet gestion de stock\\backend\\vendor\\laravel\\framework\\src\\Illuminate\\Http\\Middleware\\ValidatePostSize.php(27): Illuminate\\Pipeline\\Pipeline->Illuminate\\Pipeline\\{closure}(Object(Illuminate\\Http\\Request))
#20 C:\\Users\\Miguel\\Desktop\\Applikcation Octobre\\Projet gestion de stock\\backend\\vendor\\laravel\\framework\\src\\Illuminate\\Pipeline\\Pipeline.php(219): Illuminate\\Http\\Middleware\\ValidatePostSize->handle(Object(Illuminate\\Http\\Request), Object(Closure))
#21 C:\\Users\\Miguel\\Desktop\\Applikcation Octobre\\Projet gestion de stock\\backend\\vendor\\laravel\\framework\\src\\Illuminate\\Http\\Middleware\\HandleCors.php(61): Illuminate\\Pipeline\\Pipeline->Illuminate\\Pipeline\\{closure}(Object(Illuminate\\Http\\Request))
#22 C:\\Users\\Miguel\\Desktop\\Applikcation Octobre\\Projet gestion de stock\\backend\\vendor\\laravel\\framework\\src\\Illuminate\\Pipeline\\Pipeline.php(219): Illuminate\\Http\\Middleware\\HandleCors->handle(Object(Illuminate\\Http\\Request), Object(Closure))
#23 C:\\Users\\Miguel\\Desktop\\Applikcation Octobre\\Projet gestion de stock\\backend\\vendor\\laravel\\framework\\src\\Illuminate\\Http\\Middleware\\TrustProxies.php(58): Illuminate\\Pipeline\\Pipeline->Illuminate\\Pipeline\\{closure}(Object(Illuminate\\Http\\Request))
#24 C:\\Users\\Miguel\\Desktop\\Applikcation Octobre\\Projet gestion de stock\\backend\\vendor\\laravel\\framework\\src\\Illuminate\\Pipeline\\Pipeline.php(219): Illuminate\\Http\\Middleware\\TrustProxies->handle(Object(Illuminate\\Http\\Request), Object(Closure))
#25 C:\\Users\\Miguel\\Desktop\\Applikcation Octobre\\Projet gestion de stock\\backend\\vendor\\laravel\\framework\\src\\Illuminate\\Pipeline\\Pipeline.php(137): Illuminate\\Pipeline\\Pipeline->Illuminate\\Pipeline\\{closure}(Object(Illuminate\\Http\\Request))
#26 C:\\Users\\Miguel\\Desktop\\Applikcation Octobre\\Projet gestion de stock\\backend\\vendor\\laravel\\framework\\src\\Illuminate\\Foundation\\Http\\Kernel.php(175): Illuminate\\Pipeline\\Pipeline->then(Object(Closure))
#27 C:\\Users\\Miguel\\Desktop\\Applikcation Octobre\\Projet gestion de stock\\backend\\vendor\\laravel\\framework\\src\\Illuminate\\Foundation\\Http\\Kernel.php(144): Illuminate\\Foundation\\Http\\Kernel->sendRequestThroughRouter(Object(Illuminate\\Http\\Request))
#28 C:\\Users\\Miguel\\Desktop\\Applikcation Octobre\\Projet gestion de stock\\backend\\public\\index.php(51): Illuminate\\Foundation\\Http\\Kernel->handle(Object(Illuminate\\Http\\Request))
#29 C:\\Users\\Miguel\\Desktop\\Applikcation Octobre\\Projet gestion de stock\\backend\\vendor\\laravel\\framework\\src\\Illuminate\\Foundation\\resources\\server.php(23): require_once('C:\\\\Users\\\\Miguel...')
#30 {main}
"} 
[2025-11-11 15:15:41] local.ERROR: Target class [cors] does not exist. {"exception":"[object] (Illuminate\\Contracts\\Container\\BindingResolutionException(code: 0): Target class [cors] does not exist. at C:\\Users\\Miguel\\Desktop\\Applikcation Octobre\\Projet gestion de stock\\backend\\vendor\\laravel\\framework\\src\\Illuminate\\Container\\Container.php:1163)
[stacktrace]
#0 C:\\Users\\Miguel\\Desktop\\Applikcation Octobre\\Projet gestion de stock\\backend\\vendor\\laravel\\framework\\src\\Illuminate\\Container\\Container.php(972): Illuminate\\Container\\Container->build('cors')
#1 C:\\Users\\Miguel\\Desktop\\Applikcation Octobre\\Projet gestion de stock\\backend\\vendor\\laravel\\framework\\src\\Illuminate\\Foundation\\Application.php(1078): Illuminate\\Container\\Container->resolve('cors', Array, true)
#2 C:\\Users\\Miguel\\Desktop\\Applikcation Octobre\\Projet gestion de stock\\backend\\vendor\\laravel\\framework\\src\\Illuminate\\Container\\Container.php(903): Illuminate\\Foundation\\Application->resolve('cors', Array)
#3 C:\\Users\\Miguel\\Desktop\\Applikcation Octobre\\Projet gestion de stock\\backend\\vendor\\laravel\\framework\\src\\Illuminate\\Foundation\\Application.php(1058): Illuminate\\Container\\Container->make('cors', Array)
#4 C:\\Users\\Miguel\\Desktop\\Applikcation Octobre\\Projet gestion de stock\\backend\\vendor\\laravel\\framework\\src\\Illuminate\\Foundation\\Http\\Kernel.php(257): Illuminate\\Foundation\\Application->make('cors')
#5 C:\\Users\\Miguel\\Desktop\\Applikcation Octobre\\Projet gestion de stock\\backend\\vendor\\laravel\\framework\\src\\Illuminate\\Foundation\\Http\\Kernel.php(215): Illuminate\\Foundation\\Http\\Kernel->terminateMiddleware(Object(Illuminate\\Http\\Request), Object(Illuminate\\Http\\JsonResponse))
#6 C:\\Users\\Miguel\\Desktop\\Applikcation Octobre\\Projet gestion de stock\\backend\\public\\index.php(55): Illuminate\\Foundation\\Http\\Kernel->terminate(Object(Illuminate\\Http\\Request), Object(Illuminate\\Http\\JsonResponse))
#7 C:\\Users\\Miguel\\Desktop\\Applikcation Octobre\\Projet gestion de stock\\backend\\vendor\\laravel\\framework\\src\\Illuminate\\Foundation\\resources\\server.php(23): require_once('C:\\\\Users\\\\Miguel...')
#8 {main}

[previous exception] [object] (ReflectionException(code: -1): Class \"cors\" does not exist at C:\\Users\\Miguel\\Desktop\\Applikcation Octobre\\Projet gestion de stock\\backend\\vendor\\laravel\\framework\\src\\Illuminate\\Container\\Container.php:1161)
[stacktrace]
#0 C:\\Users\\Miguel\\Desktop\\Applikcation Octobre\\Projet gestion de stock\\backend\\vendor\\laravel\\framework\\src\\Illuminate\\Container\\Container.php(1161): ReflectionClass->__construct('cors')
#1 C:\\Users\\Miguel\\Desktop\\Applikcation Octobre\\Projet gestion de stock\\backend\\vendor\\laravel\\framework\\src\\Illuminate\\Container\\Container.php(972): Illuminate\\Container\\Container->build('cors')
#2 C:\\Users\\Miguel\\Desktop\\Applikcation Octobre\\Projet gestion de stock\\backend\\vendor\\laravel\\framework\\src\\Illuminate\\Foundation\\Application.php(1078): Illuminate\\Container\\Container->resolve('cors', Array, true)
#3 C:\\Users\\Miguel\\Desktop\\Applikcation Octobre\\Projet gestion de stock\\backend\\vendor\\laravel\\framework\\src\\Illuminate\\Container\\Container.php(903): Illuminate\\Foundation\\Application->resolve('cors', Array)
#4 C:\\Users\\Miguel\\Desktop\\Applikcation Octobre\\Projet gestion de stock\\backend\\vendor\\laravel\\framework\\src\\Illuminate\\Foundation\\Application.php(1058): Illuminate\\Container\\Container->make('cors', Array)
#5 C:\\Users\\Miguel\\Desktop\\Applikcation Octobre\\Projet gestion de stock\\backend\\vendor\\laravel\\framework\\src\\Illuminate\\Foundation\\Http\\Kernel.php(257): Illuminate\\Foundation\\Application->make('cors')
#6 C:\\Users\\Miguel\\Desktop\\Applikcation Octobre\\Projet gestion de stock\\backend\\vendor\\laravel\\framework\\src\\Illuminate\\Foundation\\Http\\Kernel.php(215): Illuminate\\Foundation\\Http\\Kernel->terminateMiddleware(Object(Illuminate\\Http\\Request), Object(Illuminate\\Http\\JsonResponse))
#7 C:\\Users\\Miguel\\Desktop\\Applikcation Octobre\\Projet gestion de stock\\backend\\public\\index.php(55): Illuminate\\Foundation\\Http\\Kernel->terminate(Object(Illuminate\\Http\\Request), Object(Illuminate\\Http\\JsonResponse))
#8 C:\\Users\\Miguel\\Desktop\\Applikcation Octobre\\Projet gestion de stock\\backend\\vendor\\laravel\\framework\\src\\Illuminate\\Foundation\\resources\\server.php(23): require_once('C:\\\\Users\\\\Miguel...')
#9 {main}
"} 
[2025-11-11 15:21:07] local.ERROR: Target class [cors] does not exist. {"exception":"[object] (Illuminate\\Contracts\\Container\\BindingResolutionException(code: 0): Target class [cors] does not exist. at C:\\Users\\Miguel\\Desktop\\Applikcation Octobre\\Projet gestion de stock\\backend\\vendor\\laravel\\framework\\src\\Illuminate\\Container\\Container.php:1163)
[stacktrace]
#0 C:\\Users\\Miguel\\Desktop\\Applikcation Octobre\\Projet gestion de stock\\backend\\vendor\\laravel\\framework\\src\\Illuminate\\Container\\Container.php(972): Illuminate\\Container\\Container->build('cors')
#1 C:\\Users\\Miguel\\Desktop\\Applikcation Octobre\\Projet gestion de stock\\backend\\vendor\\laravel\\framework\\src\\Illuminate\\Foundation\\Application.php(1078): Illuminate\\Container\\Container->resolve('cors', Array, true)
#2 C:\\Users\\Miguel\\Desktop\\Applikcation Octobre\\Projet gestion de stock\\backend\\vendor\\laravel\\framework\\src\\Illuminate\\Container\\Container.php(903): Illuminate\\Foundation\\Application->resolve('cors', Array)
#3 C:\\Users\\Miguel\\Desktop\\Applikcation Octobre\\Projet gestion de stock\\backend\\vendor\\laravel\\framework\\src\\Illuminate\\Foundation\\Application.php(1058): Illuminate\\Container\\Container->make('cors', Array)
#4 C:\\Users\\Miguel\\Desktop\\Applikcation Octobre\\Projet gestion de stock\\backend\\vendor\\laravel\\framework\\src\\Illuminate\\Pipeline\\Pipeline.php(208): Illuminate\\Foundation\\Application->make('cors')
#5 C:\\Users\\Miguel\\Desktop\\Applikcation Octobre\\Projet gestion de stock\\backend\\vendor\\laravel\\framework\\src\\Illuminate\\Pipeline\\Pipeline.php(137): Illuminate\\Pipeline\\Pipeline->Illuminate\\Pipeline\\{closure}(Object(Illuminate\\Http\\Request))
#6 C:\\Users\\Miguel\\Desktop\\Applikcation Octobre\\Projet gestion de stock\\backend\\vendor\\laravel\\framework\\src\\Illuminate\\Routing\\Router.php(821): Illuminate\\Pipeline\\Pipeline->then(Object(Closure))
#7 C:\\Users\\Miguel\\Desktop\\Applikcation Octobre\\Projet gestion de stock\\backend\\vendor\\laravel\\framework\\src\\Illuminate\\Routing\\Router.php(800): Illuminate\\Routing\\Router->runRouteWithinStack(Object(Illuminate\\Routing\\Route), Object(Illuminate\\Http\\Request))
#8 C:\\Users\\Miguel\\Desktop\\Applikcation Octobre\\Projet gestion de stock\\backend\\vendor\\laravel\\framework\\src\\Illuminate\\Routing\\Router.php(764): Illuminate\\Routing\\Router->runRoute(Object(Illuminate\\Http\\Request), Object(Illuminate\\Routing\\Route))
#9 C:\\Users\\Miguel\\Desktop\\Applikcation Octobre\\Projet gestion de stock\\backend\\vendor\\laravel\\framework\\src\\Illuminate\\Routing\\Router.php(753): Illuminate\\Routing\\Router->dispatchToRoute(Object(Illuminate\\Http\\Request))
#10 C:\\Users\\Miguel\\Desktop\\Applikcation Octobre\\Projet gestion de stock\\backend\\vendor\\laravel\\framework\\src\\Illuminate\\Foundation\\Http\\Kernel.php(200): Illuminate\\Routing\\Router->dispatch(Object(Illuminate\\Http\\Request))
#11 C:\\Users\\Miguel\\Desktop\\Applikcation Octobre\\Projet gestion de stock\\backend\\vendor\\laravel\\framework\\src\\Illuminate\\Pipeline\\Pipeline.php(180): Illuminate\\Foundation\\Http\\Kernel->Illuminate\\Foundation\\Http\\{closure}(Object(Illuminate\\Http\\Request))
#12 C:\\Users\\Miguel\\Desktop\\Applikcation Octobre\\Projet gestion de stock\\backend\\vendor\\laravel\\framework\\src\\Illuminate\\Foundation\\Http\\Middleware\\TransformsRequest.php(21): Illuminate\\Pipeline\\Pipeline->Illuminate\\Pipeline\\{closure}(Object(Illuminate\\Http\\Request))
#13 C:\\Users\\Miguel\\Desktop\\Applikcation Octobre\\Projet gestion de stock\\backend\\vendor\\laravel\\framework\\src\\Illuminate\\Foundation\\Http\\Middleware\\ConvertEmptyStringsToNull.php(31): Illuminate\\Foundation\\Http\\Middleware\\TransformsRequest->handle(Object(Illuminate\\Http\\Request), Object(Closure))
#14 C:\\Users\\Miguel\\Desktop\\Applikcation Octobre\\Projet gestion de stock\\backend\\vendor\\laravel\\framework\\src\\Illuminate\\Pipeline\\Pipeline.php(219): Illuminate\\Foundation\\Http\\Middleware\\ConvertEmptyStringsToNull->handle(Object(Illuminate\\Http\\Request), Object(Closure))
#15 C:\\Users\\Miguel\\Desktop\\Applikcation Octobre\\Projet gestion de stock\\backend\\vendor\\laravel\\framework\\src\\Illuminate\\Foundation\\Http\\Middleware\\TransformsRequest.php(21): Illuminate\\Pipeline\\Pipeline->Illuminate\\Pipeline\\{closure}(Object(Illuminate\\Http\\Request))
#16 C:\\Users\\Miguel\\Desktop\\Applikcation Octobre\\Projet gestion de stock\\backend\\vendor\\laravel\\framework\\src\\Illuminate\\Foundation\\Http\\Middleware\\TrimStrings.php(51): Illuminate\\Foundation\\Http\\Middleware\\TransformsRequest->handle(Object(Illuminate\\Http\\Request), Object(Closure))
#17 C:\\Users\\Miguel\\Desktop\\Applikcation Octobre\\Projet gestion de stock\\backend\\vendor\\laravel\\framework\\src\\Illuminate\\Pipeline\\Pipeline.php(219): Illuminate\\Foundation\\Http\\Middleware\\TrimStrings->handle(Object(Illuminate\\Http\\Request), Object(Closure))
#18 C:\\Users\\Miguel\\Desktop\\Applikcation Octobre\\Projet gestion de stock\\backend\\vendor\\laravel\\framework\\src\\Illuminate\\Http\\Middleware\\ValidatePostSize.php(27): Illuminate\\Pipeline\\Pipeline->Illuminate\\Pipeline\\{closure}(Object(Illuminate\\Http\\Request))
#19 C:\\Users\\Miguel\\Desktop\\Applikcation Octobre\\Projet gestion de stock\\backend\\vendor\\laravel\\framework\\src\\Illuminate\\Pipeline\\Pipeline.php(219): Illuminate\\Http\\Middleware\\ValidatePostSize->handle(Object(Illuminate\\Http\\Request), Object(Closure))
#20 C:\\Users\\Miguel\\Desktop\\Applikcation Octobre\\Projet gestion de stock\\backend\\vendor\\laravel\\framework\\src\\Illuminate\\Http\\Middleware\\HandleCors.php(61): Illuminate\\Pipeline\\Pipeline->Illuminate\\Pipeline\\{closure}(Object(Illuminate\\Http\\Request))
#21 C:\\Users\\Miguel\\Desktop\\Applikcation Octobre\\Projet gestion de stock\\backend\\vendor\\laravel\\framework\\src\\Illuminate\\Pipeline\\Pipeline.php(219): Illuminate\\Http\\Middleware\\HandleCors->handle(Object(Illuminate\\Http\\Request), Object(Closure))
#22 C:\\Users\\Miguel\\Desktop\\Applikcation Octobre\\Projet gestion de stock\\backend\\vendor\\laravel\\framework\\src\\Illuminate\\Http\\Middleware\\TrustProxies.php(58): Illuminate\\Pipeline\\Pipeline->Illuminate\\Pipeline\\{closure}(Object(Illuminate\\Http\\Request))
#23 C:\\Users\\Miguel\\Desktop\\Applikcation Octobre\\Projet gestion de stock\\backend\\vendor\\laravel\\framework\\src\\Illuminate\\Pipeline\\Pipeline.php(219): Illuminate\\Http\\Middleware\\TrustProxies->handle(Object(Illuminate\\Http\\Request), Object(Closure))
#24 C:\\Users\\Miguel\\Desktop\\Applikcation Octobre\\Projet gestion de stock\\backend\\vendor\\laravel\\framework\\src\\Illuminate\\Pipeline\\Pipeline.php(137): Illuminate\\Pipeline\\Pipeline->Illuminate\\Pipeline\\{closure}(Object(Illuminate\\Http\\Request))
#25 C:\\Users\\Miguel\\Desktop\\Applikcation Octobre\\Projet gestion de stock\\backend\\vendor\\laravel\\framework\\src\\Illuminate\\Foundation\\Http\\Kernel.php(175): Illuminate\\Pipeline\\Pipeline->then(Object(Closure))
#26 C:\\Users\\Miguel\\Desktop\\Applikcation Octobre\\Projet gestion de stock\\backend\\vendor\\laravel\\framework\\src\\Illuminate\\Foundation\\Http\\Kernel.php(144): Illuminate\\Foundation\\Http\\Kernel->sendRequestThroughRouter(Object(Illuminate\\Http\\Request))
#27 C:\\Users\\Miguel\\Desktop\\Applikcation Octobre\\Projet gestion de stock\\backend\\public\\index.php(51): Illuminate\\Foundation\\Http\\Kernel->handle(Object(Illuminate\\Http\\Request))
#28 C:\\Users\\Miguel\\Desktop\\Applikcation Octobre\\Projet gestion de stock\\backend\\vendor\\laravel\\framework\\src\\Illuminate\\Foundation\\resources\\server.php(23): require_once('C:\\\\Users\\\\Miguel...')
#29 {main}

[previous exception] [object] (ReflectionException(code: -1): Class \"cors\" does not exist at C:\\Users\\Miguel\\Desktop\\Applikcation Octobre\\Projet gestion de stock\\backend\\vendor\\laravel\\framework\\src\\Illuminate\\Container\\Container.php:1161)
[stacktrace]
#0 C:\\Users\\Miguel\\Desktop\\Applikcation Octobre\\Projet gestion de stock\\backend\\vendor\\laravel\\framework\\src\\Illuminate\\Container\\Container.php(1161): ReflectionClass->__construct('cors')
#1 C:\\Users\\Miguel\\Desktop\\Applikcation Octobre\\Projet gestion de stock\\backend\\vendor\\laravel\\framework\\src\\Illuminate\\Container\\Container.php(972): Illuminate\\Container\\Container->build('cors')
#2 C:\\Users\\Miguel\\Desktop\\Applikcation Octobre\\Projet gestion de stock\\backend\\vendor\\laravel\\framework\\src\\Illuminate\\Foundation\\Application.php(1078): Illuminate\\Container\\Container->resolve('cors', Array, true)
#3 C:\\Users\\Miguel\\Desktop\\Applikcation Octobre\\Projet gestion de stock\\backend\\vendor\\laravel\\framework\\src\\Illuminate\\Container\\Container.php(903): Illuminate\\Foundation\\Application->resolve('cors', Array)
#4 C:\\Users\\Miguel\\Desktop\\Applikcation Octobre\\Projet gestion de stock\\backend\\vendor\\laravel\\framework\\src\\Illuminate\\Foundation\\Application.php(1058): Illuminate\\Container\\Container->make('cors', Array)
#5 C:\\Users\\Miguel\\Desktop\\Applikcation Octobre\\Projet gestion de stock\\backend\\vendor\\laravel\\framework\\src\\Illuminate\\Pipeline\\Pipeline.php(208): Illuminate\\Foundation\\Application->make('cors')
#6 C:\\Users\\Miguel\\Desktop\\Applikcation Octobre\\Projet gestion de stock\\backend\\vendor\\laravel\\framework\\src\\Illuminate\\Pipeline\\Pipeline.php(137): Illuminate\\Pipeline\\Pipeline->Illuminate\\Pipeline\\{closure}(Object(Illuminate\\Http\\Request))
#7 C:\\Users\\Miguel\\Desktop\\Applikcation Octobre\\Projet gestion de stock\\backend\\vendor\\laravel\\framework\\src\\Illuminate\\Routing\\Router.php(821): Illuminate\\Pipeline\\Pipeline->then(Object(Closure))
#8 C:\\Users\\Miguel\\Desktop\\Applikcation Octobre\\Projet gestion de stock\\backend\\vendor\\laravel\\framework\\src\\Illuminate\\Routing\\Router.php(800): Illuminate\\Routing\\Router->runRouteWithinStack(Object(Illuminate\\Routing\\Route), Object(Illuminate\\Http\\Request))
#9 C:\\Users\\Miguel\\Desktop\\Applikcation Octobre\\Projet gestion de stock\\backend\\vendor\\laravel\\framework\\src\\Illuminate\\Routing\\Router.php(764): Illuminate\\Routing\\Router->runRoute(Object(Illuminate\\Http\\Request), Object(Illuminate\\Routing\\Route))
#10 C:\\Users\\Miguel\\Desktop\\Applikcation Octobre\\Projet gestion de stock\\backend\\vendor\\laravel\\framework\\src\\Illuminate\\Routing\\Router.php(753): Illuminate\\Routing\\Router->dispatchToRoute(Object(Illuminate\\Http\\Request))
#11 C:\\Users\\Miguel\\Desktop\\Applikcation Octobre\\Projet gestion de stock\\backend\\vendor\\laravel\\framework\\src\\Illuminate\\Foundation\\Http\\Kernel.php(200): Illuminate\\Routing\\Router->dispatch(Object(Illuminate\\Http\\Request))
#12 C:\\Users\\Miguel\\Desktop\\Applikcation Octobre\\Projet gestion de stock\\backend\\vendor\\laravel\\framework\\src\\Illuminate\\Pipeline\\Pipeline.php(180): Illuminate\\Foundation\\Http\\Kernel->Illuminate\\Foundation\\Http\\{closure}(Object(Illuminate\\Http\\Request))
#13 C:\\Users\\Miguel\\Desktop\\Applikcation Octobre\\Projet gestion de stock\\backend\\vendor\\laravel\\framework\\src\\Illuminate\\Foundation\\Http\\Middleware\\TransformsRequest.php(21): Illuminate\\Pipeline\\Pipeline->Illuminate\\Pipeline\\{closure}(Object(Illuminate\\Http\\Request))
#14 C:\\Users\\Miguel\\Desktop\\Applikcation Octobre\\Projet gestion de stock\\backend\\vendor\\laravel\\framework\\src\\Illuminate\\Foundation\\Http\\Middleware\\ConvertEmptyStringsToNull.php(31): Illuminate\\Foundation\\Http\\Middleware\\TransformsRequest->handle(Object(Illuminate\\Http\\Request), Object(Closure))
#15 C:\\Users\\Miguel\\Desktop\\Applikcation Octobre\\Projet gestion de stock\\backend\\vendor\\laravel\\framework\\src\\Illuminate\\Pipeline\\Pipeline.php(219): Illuminate\\Foundation\\Http\\Middleware\\ConvertEmptyStringsToNull->handle(Object(Illuminate\\Http\\Request), Object(Closure))
#16 C:\\Users\\Miguel\\Desktop\\Applikcation Octobre\\Projet gestion de stock\\backend\\vendor\\laravel\\framework\\src\\Illuminate\\Foundation\\Http\\Middleware\\TransformsRequest.php(21): Illuminate\\Pipeline\\Pipeline->Illuminate\\Pipeline\\{closure}(Object(Illuminate\\Http\\Request))
#17 C:\\Users\\Miguel\\Desktop\\Applikcation Octobre\\Projet gestion de stock\\backend\\vendor\\laravel\\framework\\src\\Illuminate\\Foundation\\Http\\Middleware\\TrimStrings.php(51): Illuminate\\Foundation\\Http\\Middleware\\TransformsRequest->handle(Object(Illuminate\\Http\\Request), Object(Closure))
#18 C:\\Users\\Miguel\\Desktop\\Applikcation Octobre\\Projet gestion de stock\\backend\\vendor\\laravel\\framework\\src\\Illuminate\\Pipeline\\Pipeline.php(219): Illuminate\\Foundation\\Http\\Middleware\\TrimStrings->handle(Object(Illuminate\\Http\\Request), Object(Closure))
#19 C:\\Users\\Miguel\\Desktop\\Applikcation Octobre\\Projet gestion de stock\\backend\\vendor\\laravel\\framework\\src\\Illuminate\\Http\\Middleware\\ValidatePostSize.php(27): Illuminate\\Pipeline\\Pipeline->Illuminate\\Pipeline\\{closure}(Object(Illuminate\\Http\\Request))
#20 C:\\Users\\Miguel\\Desktop\\Applikcation Octobre\\Projet gestion de stock\\backend\\vendor\\laravel\\framework\\src\\Illuminate\\Pipeline\\Pipeline.php(219): Illuminate\\Http\\Middleware\\ValidatePostSize->handle(Object(Illuminate\\Http\\Request), Object(Closure))
#21 C:\\Users\\Miguel\\Desktop\\Applikcation Octobre\\Projet gestion de stock\\backend\\vendor\\laravel\\framework\\src\\Illuminate\\Http\\Middleware\\HandleCors.php(61): Illuminate\\Pipeline\\Pipeline->Illuminate\\Pipeline\\{closure}(Object(Illuminate\\Http\\Request))
#22 C:\\Users\\Miguel\\Desktop\\Applikcation Octobre\\Projet gestion de stock\\backend\\vendor\\laravel\\framework\\src\\Illuminate\\Pipeline\\Pipeline.php(219): Illuminate\\Http\\Middleware\\HandleCors->handle(Object(Illuminate\\Http\\Request), Object(Closure))
#23 C:\\Users\\Miguel\\Desktop\\Applikcation Octobre\\Projet gestion de stock\\backend\\vendor\\laravel\\framework\\src\\Illuminate\\Http\\Middleware\\TrustProxies.php(58): Illuminate\\Pipeline\\Pipeline->Illuminate\\Pipeline\\{closure}(Object(Illuminate\\Http\\Request))
#24 C:\\Users\\Miguel\\Desktop\\Applikcation Octobre\\Projet gestion de stock\\backend\\vendor\\laravel\\framework\\src\\Illuminate\\Pipeline\\Pipeline.php(219): Illuminate\\Http\\Middleware\\TrustProxies->handle(Object(Illuminate\\Http\\Request), Object(Closure))
#25 C:\\Users\\Miguel\\Desktop\\Applikcation Octobre\\Projet gestion de stock\\backend\\vendor\\laravel\\framework\\src\\Illuminate\\Pipeline\\Pipeline.php(137): Illuminate\\Pipeline\\Pipeline->Illuminate\\Pipeline\\{closure}(Object(Illuminate\\Http\\Request))
#26 C:\\Users\\Miguel\\Desktop\\Applikcation Octobre\\Projet gestion de stock\\backend\\vendor\\laravel\\framework\\src\\Illuminate\\Foundation\\Http\\Kernel.php(175): Illuminate\\Pipeline\\Pipeline->then(Object(Closure))
#27 C:\\Users\\Miguel\\Desktop\\Applikcation Octobre\\Projet gestion de stock\\backend\\vendor\\laravel\\framework\\src\\Illuminate\\Foundation\\Http\\Kernel.php(144): Illuminate\\Foundation\\Http\\Kernel->sendRequestThroughRouter(Object(Illuminate\\Http\\Request))
#28 C:\\Users\\Miguel\\Desktop\\Applikcation Octobre\\Projet gestion de stock\\backend\\public\\index.php(51): Illuminate\\Foundation\\Http\\Kernel->handle(Object(Illuminate\\Http\\Request))
#29 C:\\Users\\Miguel\\Desktop\\Applikcation Octobre\\Projet gestion de stock\\backend\\vendor\\laravel\\framework\\src\\Illuminate\\Foundation\\resources\\server.php(23): require_once('C:\\\\Users\\\\Miguel...')
#30 {main}
"} 
[2025-11-11 15:21:19] local.ERROR: Target class [cors] does not exist. {"exception":"[object] (Illuminate\\Contracts\\Container\\BindingResolutionException(code: 0): Target class [cors] does not exist. at C:\\Users\\Miguel\\Desktop\\Applikcation Octobre\\Projet gestion de stock\\backend\\vendor\\laravel\\framework\\src\\Illuminate\\Container\\Container.php:1163)
[stacktrace]
#0 C:\\Users\\Miguel\\Desktop\\Applikcation Octobre\\Projet gestion de stock\\backend\\vendor\\laravel\\framework\\src\\Illuminate\\Container\\Container.php(972): Illuminate\\Container\\Container->build('cors')
#1 C:\\Users\\Miguel\\Desktop\\Applikcation Octobre\\Projet gestion de stock\\backend\\vendor\\laravel\\framework\\src\\Illuminate\\Foundation\\Application.php(1078): Illuminate\\Container\\Container->resolve('cors', Array, true)
#2 C:\\Users\\Miguel\\Desktop\\Applikcation Octobre\\Projet gestion de stock\\backend\\vendor\\laravel\\framework\\src\\Illuminate\\Container\\Container.php(903): Illuminate\\Foundation\\Application->resolve('cors', Array)
#3 C:\\Users\\Miguel\\Desktop\\Applikcation Octobre\\Projet gestion de stock\\backend\\vendor\\laravel\\framework\\src\\Illuminate\\Foundation\\Application.php(1058): Illuminate\\Container\\Container->make('cors', Array)
#4 C:\\Users\\Miguel\\Desktop\\Applikcation Octobre\\Projet gestion de stock\\backend\\vendor\\laravel\\framework\\src\\Illuminate\\Foundation\\Http\\Kernel.php(257): Illuminate\\Foundation\\Application->make('cors')
#5 C:\\Users\\Miguel\\Desktop\\Applikcation Octobre\\Projet gestion de stock\\backend\\vendor\\laravel\\framework\\src\\Illuminate\\Foundation\\Http\\Kernel.php(215): Illuminate\\Foundation\\Http\\Kernel->terminateMiddleware(Object(Illuminate\\Http\\Request), Object(Illuminate\\Http\\Response))
#6 C:\\Users\\Miguel\\Desktop\\Applikcation Octobre\\Projet gestion de stock\\backend\\public\\index.php(55): Illuminate\\Foundation\\Http\\Kernel->terminate(Object(Illuminate\\Http\\Request), Object(Illuminate\\Http\\Response))
#7 C:\\Users\\Miguel\\Desktop\\Applikcation Octobre\\Projet gestion de stock\\backend\\vendor\\laravel\\framework\\src\\Illuminate\\Foundation\\resources\\server.php(23): require_once('C:\\\\Users\\\\Miguel...')
#8 {main}

[previous exception] [object] (ReflectionException(code: -1): Class \"cors\" does not exist at C:\\Users\\Miguel\\Desktop\\Applikcation Octobre\\Projet gestion de stock\\backend\\vendor\\laravel\\framework\\src\\Illuminate\\Container\\Container.php:1161)
[stacktrace]
#0 C:\\Users\\Miguel\\Desktop\\Applikcation Octobre\\Projet gestion de stock\\backend\\vendor\\laravel\\framework\\src\\Illuminate\\Container\\Container.php(1161): ReflectionClass->__construct('cors')
#1 C:\\Users\\Miguel\\Desktop\\Applikcation Octobre\\Projet gestion de stock\\backend\\vendor\\laravel\\framework\\src\\Illuminate\\Container\\Container.php(972): Illuminate\\Container\\Container->build('cors')
#2 C:\\Users\\Miguel\\Desktop\\Applikcation Octobre\\Projet gestion de stock\\backend\\vendor\\laravel\\framework\\src\\Illuminate\\Foundation\\Application.php(1078): Illuminate\\Container\\Container->resolve('cors', Array, true)
#3 C:\\Users\\Miguel\\Desktop\\Applikcation Octobre\\Projet gestion de stock\\backend\\vendor\\laravel\\framework\\src\\Illuminate\\Container\\Container.php(903): Illuminate\\Foundation\\Application->resolve('cors', Array)
#4 C:\\Users\\Miguel\\Desktop\\Applikcation Octobre\\Projet gestion de stock\\backend\\vendor\\laravel\\framework\\src\\Illuminate\\Foundation\\Application.php(1058): Illuminate\\Container\\Container->make('cors', Array)
#5 C:\\Users\\Miguel\\Desktop\\Applikcation Octobre\\Projet gestion de stock\\backend\\vendor\\laravel\\framework\\src\\Illuminate\\Foundation\\Http\\Kernel.php(257): Illuminate\\Foundation\\Application->make('cors')
#6 C:\\Users\\Miguel\\Desktop\\Applikcation Octobre\\Projet gestion de stock\\backend\\vendor\\laravel\\framework\\src\\Illuminate\\Foundation\\Http\\Kernel.php(215): Illuminate\\Foundation\\Http\\Kernel->terminateMiddleware(Object(Illuminate\\Http\\Request), Object(Illuminate\\Http\\Response))
#7 C:\\Users\\Miguel\\Desktop\\Applikcation Octobre\\Projet gestion de stock\\backend\\public\\index.php(55): Illuminate\\Foundation\\Http\\Kernel->terminate(Object(Illuminate\\Http\\Request), Object(Illuminate\\Http\\Response))
#8 C:\\Users\\Miguel\\Desktop\\Applikcation Octobre\\Projet gestion de stock\\backend\\vendor\\laravel\\framework\\src\\Illuminate\\Foundation\\resources\\server.php(23): require_once('C:\\\\Users\\\\Miguel...')
#9 {main}
"} 
[2025-11-11 15:21:27] local.ERROR: Target class [cors] does not exist. {"exception":"[object] (Illuminate\\Contracts\\Container\\BindingResolutionException(code: 0): Target class [cors] does not exist. at C:\\Users\\Miguel\\Desktop\\Applikcation Octobre\\Projet gestion de stock\\backend\\vendor\\laravel\\framework\\src\\Illuminate\\Container\\Container.php:1163)
[stacktrace]
#0 C:\\Users\\Miguel\\Desktop\\Applikcation Octobre\\Projet gestion de stock\\backend\\vendor\\laravel\\framework\\src\\Illuminate\\Container\\Container.php(972): Illuminate\\Container\\Container->build('cors')
#1 C:\\Users\\Miguel\\Desktop\\Applikcation Octobre\\Projet gestion de stock\\backend\\vendor\\laravel\\framework\\src\\Illuminate\\Foundation\\Application.php(1078): Illuminate\\Container\\Container->resolve('cors', Array, true)
#2 C:\\Users\\Miguel\\Desktop\\Applikcation Octobre\\Projet gestion de stock\\backend\\vendor\\laravel\\framework\\src\\Illuminate\\Container\\Container.php(903): Illuminate\\Foundation\\Application->resolve('cors', Array)
#3 C:\\Users\\Miguel\\Desktop\\Applikcation Octobre\\Projet gestion de stock\\backend\\vendor\\laravel\\framework\\src\\Illuminate\\Foundation\\Application.php(1058): Illuminate\\Container\\Container->make('cors', Array)
#4 C:\\Users\\Miguel\\Desktop\\Applikcation Octobre\\Projet gestion de stock\\backend\\vendor\\laravel\\framework\\src\\Illuminate\\Pipeline\\Pipeline.php(208): Illuminate\\Foundation\\Application->make('cors')
#5 C:\\Users\\Miguel\\Desktop\\Applikcation Octobre\\Projet gestion de stock\\backend\\vendor\\laravel\\framework\\src\\Illuminate\\Pipeline\\Pipeline.php(137): Illuminate\\Pipeline\\Pipeline->Illuminate\\Pipeline\\{closure}(Object(Illuminate\\Http\\Request))
#6 C:\\Users\\Miguel\\Desktop\\Applikcation Octobre\\Projet gestion de stock\\backend\\vendor\\laravel\\framework\\src\\Illuminate\\Routing\\Router.php(821): Illuminate\\Pipeline\\Pipeline->then(Object(Closure))
#7 C:\\Users\\Miguel\\Desktop\\Applikcation Octobre\\Projet gestion de stock\\backend\\vendor\\laravel\\framework\\src\\Illuminate\\Routing\\Router.php(800): Illuminate\\Routing\\Router->runRouteWithinStack(Object(Illuminate\\Routing\\Route), Object(Illuminate\\Http\\Request))
#8 C:\\Users\\Miguel\\Desktop\\Applikcation Octobre\\Projet gestion de stock\\backend\\vendor\\laravel\\framework\\src\\Illuminate\\Routing\\Router.php(764): Illuminate\\Routing\\Router->runRoute(Object(Illuminate\\Http\\Request), Object(Illuminate\\Routing\\Route))
#9 C:\\Users\\Miguel\\Desktop\\Applikcation Octobre\\Projet gestion de stock\\backend\\vendor\\laravel\\framework\\src\\Illuminate\\Routing\\Router.php(753): Illuminate\\Routing\\Router->dispatchToRoute(Object(Illuminate\\Http\\Request))
#10 C:\\Users\\Miguel\\Desktop\\Applikcation Octobre\\Projet gestion de stock\\backend\\vendor\\laravel\\framework\\src\\Illuminate\\Foundation\\Http\\Kernel.php(200): Illuminate\\Routing\\Router->dispatch(Object(Illuminate\\Http\\Request))
#11 C:\\Users\\Miguel\\Desktop\\Applikcation Octobre\\Projet gestion de stock\\backend\\vendor\\laravel\\framework\\src\\Illuminate\\Pipeline\\Pipeline.php(180): Illuminate\\Foundation\\Http\\Kernel->Illuminate\\Foundation\\Http\\{closure}(Object(Illuminate\\Http\\Request))
#12 C:\\Users\\Miguel\\Desktop\\Applikcation Octobre\\Projet gestion de stock\\backend\\vendor\\laravel\\framework\\src\\Illuminate\\Foundation\\Http\\Middleware\\TransformsRequest.php(21): Illuminate\\Pipeline\\Pipeline->Illuminate\\Pipeline\\{closure}(Object(Illuminate\\Http\\Request))
#13 C:\\Users\\Miguel\\Desktop\\Applikcation Octobre\\Projet gestion de stock\\backend\\vendor\\laravel\\framework\\src\\Illuminate\\Foundation\\Http\\Middleware\\ConvertEmptyStringsToNull.php(31): Illuminate\\Foundation\\Http\\Middleware\\TransformsRequest->handle(Object(Illuminate\\Http\\Request), Object(Closure))
#14 C:\\Users\\Miguel\\Desktop\\Applikcation Octobre\\Projet gestion de stock\\backend\\vendor\\laravel\\framework\\src\\Illuminate\\Pipeline\\Pipeline.php(219): Illuminate\\Foundation\\Http\\Middleware\\ConvertEmptyStringsToNull->handle(Object(Illuminate\\Http\\Request), Object(Closure))
#15 C:\\Users\\Miguel\\Desktop\\Applikcation Octobre\\Projet gestion de stock\\backend\\vendor\\laravel\\framework\\src\\Illuminate\\Foundation\\Http\\Middleware\\TransformsRequest.php(21): Illuminate\\Pipeline\\Pipeline->Illuminate\\Pipeline\\{closure}(Object(Illuminate\\Http\\Request))
#16 C:\\Users\\Miguel\\Desktop\\Applikcation Octobre\\Projet gestion de stock\\backend\\vendor\\laravel\\framework\\src\\Illuminate\\Foundation\\Http\\Middleware\\TrimStrings.php(51): Illuminate\\Foundation\\Http\\Middleware\\TransformsRequest->handle(Object(Illuminate\\Http\\Request), Object(Closure))
#17 C:\\Users\\Miguel\\Desktop\\Applikcation Octobre\\Projet gestion de stock\\backend\\vendor\\laravel\\framework\\src\\Illuminate\\Pipeline\\Pipeline.php(219): Illuminate\\Foundation\\Http\\Middleware\\TrimStrings->handle(Object(Illuminate\\Http\\Request), Object(Closure))
#18 C:\\Users\\Miguel\\Desktop\\Applikcation Octobre\\Projet gestion de stock\\backend\\vendor\\laravel\\framework\\src\\Illuminate\\Http\\Middleware\\ValidatePostSize.php(27): Illuminate\\Pipeline\\Pipeline->Illuminate\\Pipeline\\{closure}(Object(Illuminate\\Http\\Request))
#19 C:\\Users\\Miguel\\Desktop\\Applikcation Octobre\\Projet gestion de stock\\backend\\vendor\\laravel\\framework\\src\\Illuminate\\Pipeline\\Pipeline.php(219): Illuminate\\Http\\Middleware\\ValidatePostSize->handle(Object(Illuminate\\Http\\Request), Object(Closure))
#20 C:\\Users\\Miguel\\Desktop\\Applikcation Octobre\\Projet gestion de stock\\backend\\vendor\\laravel\\framework\\src\\Illuminate\\Http\\Middleware\\HandleCors.php(61): Illuminate\\Pipeline\\Pipeline->Illuminate\\Pipeline\\{closure}(Object(Illuminate\\Http\\Request))
#21 C:\\Users\\Miguel\\Desktop\\Applikcation Octobre\\Projet gestion de stock\\backend\\vendor\\laravel\\framework\\src\\Illuminate\\Pipeline\\Pipeline.php(219): Illuminate\\Http\\Middleware\\HandleCors->handle(Object(Illuminate\\Http\\Request), Object(Closure))
#22 C:\\Users\\Miguel\\Desktop\\Applikcation Octobre\\Projet gestion de stock\\backend\\vendor\\laravel\\framework\\src\\Illuminate\\Http\\Middleware\\TrustProxies.php(58): Illuminate\\Pipeline\\Pipeline->Illuminate\\Pipeline\\{closure}(Object(Illuminate\\Http\\Request))
#23 C:\\Users\\Miguel\\Desktop\\Applikcation Octobre\\Projet gestion de stock\\backend\\vendor\\laravel\\framework\\src\\Illuminate\\Pipeline\\Pipeline.php(219): Illuminate\\Http\\Middleware\\TrustProxies->handle(Object(Illuminate\\Http\\Request), Object(Closure))
#24 C:\\Users\\Miguel\\Desktop\\Applikcation Octobre\\Projet gestion de stock\\backend\\vendor\\laravel\\framework\\src\\Illuminate\\Pipeline\\Pipeline.php(137): Illuminate\\Pipeline\\Pipeline->Illuminate\\Pipeline\\{closure}(Object(Illuminate\\Http\\Request))
#25 C:\\Users\\Miguel\\Desktop\\Applikcation Octobre\\Projet gestion de stock\\backend\\vendor\\laravel\\framework\\src\\Illuminate\\Foundation\\Http\\Kernel.php(175): Illuminate\\Pipeline\\Pipeline->then(Object(Closure))
#26 C:\\Users\\Miguel\\Desktop\\Applikcation Octobre\\Projet gestion de stock\\backend\\vendor\\laravel\\framework\\src\\Illuminate\\Foundation\\Http\\Kernel.php(144): Illuminate\\Foundation\\Http\\Kernel->sendRequestThroughRouter(Object(Illuminate\\Http\\Request))
#27 C:\\Users\\Miguel\\Desktop\\Applikcation Octobre\\Projet gestion de stock\\backend\\public\\index.php(51): Illuminate\\Foundation\\Http\\Kernel->handle(Object(Illuminate\\Http\\Request))
#28 C:\\Users\\Miguel\\Desktop\\Applikcation Octobre\\Projet gestion de stock\\backend\\vendor\\laravel\\framework\\src\\Illuminate\\Foundation\\resources\\server.php(23): require_once('C:\\\\Users\\\\Miguel...')
#29 {main}

[previous exception] [object] (ReflectionException(code: -1): Class \"cors\" does not exist at C:\\Users\\Miguel\\Desktop\\Applikcation Octobre\\Projet gestion de stock\\backend\\vendor\\laravel\\framework\\src\\Illuminate\\Container\\Container.php:1161)
[stacktrace]
#0 C:\\Users\\Miguel\\Desktop\\Applikcation Octobre\\Projet gestion de stock\\backend\\vendor\\laravel\\framework\\src\\Illuminate\\Container\\Container.php(1161): ReflectionClass->__construct('cors')
#1 C:\\Users\\Miguel\\Desktop\\Applikcation Octobre\\Projet gestion de stock\\backend\\vendor\\laravel\\framework\\src\\Illuminate\\Container\\Container.php(972): Illuminate\\Container\\Container->build('cors')
#2 C:\\Users\\Miguel\\Desktop\\Applikcation Octobre\\Projet gestion de stock\\backend\\vendor\\laravel\\framework\\src\\Illuminate\\Foundation\\Application.php(1078): Illuminate\\Container\\Container->resolve('cors', Array, true)
#3 C:\\Users\\Miguel\\Desktop\\Applikcation Octobre\\Projet gestion de stock\\backend\\vendor\\laravel\\framework\\src\\Illuminate\\Container\\Container.php(903): Illuminate\\Foundation\\Application->resolve('cors', Array)
#4 C:\\Users\\Miguel\\Desktop\\Applikcation Octobre\\Projet gestion de stock\\backend\\vendor\\laravel\\framework\\src\\Illuminate\\Foundation\\Application.php(1058): Illuminate\\Container\\Container->make('cors', Array)
#5 C:\\Users\\Miguel\\Desktop\\Applikcation Octobre\\Projet gestion de stock\\backend\\vendor\\laravel\\framework\\src\\Illuminate\\Pipeline\\Pipeline.php(208): Illuminate\\Foundation\\Application->make('cors')
#6 C:\\Users\\Miguel\\Desktop\\Applikcation Octobre\\Projet gestion de stock\\backend\\vendor\\laravel\\framework\\src\\Illuminate\\Pipeline\\Pipeline.php(137): Illuminate\\Pipeline\\Pipeline->Illuminate\\Pipeline\\{closure}(Object(Illuminate\\Http\\Request))
#7 C:\\Users\\Miguel\\Desktop\\Applikcation Octobre\\Projet gestion de stock\\backend\\vendor\\laravel\\framework\\src\\Illuminate\\Routing\\Router.php(821): Illuminate\\Pipeline\\Pipeline->then(Object(Closure))
#8 C:\\Users\\Miguel\\Desktop\\Applikcation Octobre\\Projet gestion de stock\\backend\\vendor\\laravel\\framework\\src\\Illuminate\\Routing\\Router.php(800): Illuminate\\Routing\\Router->runRouteWithinStack(Object(Illuminate\\Routing\\Route), Object(Illuminate\\Http\\Request))
#9 C:\\Users\\Miguel\\Desktop\\Applikcation Octobre\\Projet gestion de stock\\backend\\vendor\\laravel\\framework\\src\\Illuminate\\Routing\\Router.php(764): Illuminate\\Routing\\Router->runRoute(Object(Illuminate\\Http\\Request), Object(Illuminate\\Routing\\Route))
#10 C:\\Users\\Miguel\\Desktop\\Applikcation Octobre\\Projet gestion de stock\\backend\\vendor\\laravel\\framework\\src\\Illuminate\\Routing\\Router.php(753): Illuminate\\Routing\\Router->dispatchToRoute(Object(Illuminate\\Http\\Request))
#11 C:\\Users\\Miguel\\Desktop\\Applikcation Octobre\\Projet gestion de stock\\backend\\vendor\\laravel\\framework\\src\\Illuminate\\Foundation\\Http\\Kernel.php(200): Illuminate\\Routing\\Router->dispatch(Object(Illuminate\\Http\\Request))
#12 C:\\Users\\Miguel\\Desktop\\Applikcation Octobre\\Projet gestion de stock\\backend\\vendor\\laravel\\framework\\src\\Illuminate\\Pipeline\\Pipeline.php(180): Illuminate\\Foundation\\Http\\Kernel->Illuminate\\Foundation\\Http\\{closure}(Object(Illuminate\\Http\\Request))
#13 C:\\Users\\Miguel\\Desktop\\Applikcation Octobre\\Projet gestion de stock\\backend\\vendor\\laravel\\framework\\src\\Illuminate\\Foundation\\Http\\Middleware\\TransformsRequest.php(21): Illuminate\\Pipeline\\Pipeline->Illuminate\\Pipeline\\{closure}(Object(Illuminate\\Http\\Request))
#14 C:\\Users\\Miguel\\Desktop\\Applikcation Octobre\\Projet gestion de stock\\backend\\vendor\\laravel\\framework\\src\\Illuminate\\Foundation\\Http\\Middleware\\ConvertEmptyStringsToNull.php(31): Illuminate\\Foundation\\Http\\Middleware\\TransformsRequest->handle(Object(Illuminate\\Http\\Request), Object(Closure))
#15 C:\\Users\\Miguel\\Desktop\\Applikcation Octobre\\Projet gestion de stock\\backend\\vendor\\laravel\\framework\\src\\Illuminate\\Pipeline\\Pipeline.php(219): Illuminate\\Foundation\\Http\\Middleware\\ConvertEmptyStringsToNull->handle(Object(Illuminate\\Http\\Request), Object(Closure))
#16 C:\\Users\\Miguel\\Desktop\\Applikcation Octobre\\Projet gestion de stock\\backend\\vendor\\laravel\\framework\\src\\Illuminate\\Foundation\\Http\\Middleware\\TransformsRequest.php(21): Illuminate\\Pipeline\\Pipeline->Illuminate\\Pipeline\\{closure}(Object(Illuminate\\Http\\Request))
#17 C:\\Users\\Miguel\\Desktop\\Applikcation Octobre\\Projet gestion de stock\\backend\\vendor\\laravel\\framework\\src\\Illuminate\\Foundation\\Http\\Middleware\\TrimStrings.php(51): Illuminate\\Foundation\\Http\\Middleware\\TransformsRequest->handle(Object(Illuminate\\Http\\Request), Object(Closure))
#18 C:\\Users\\Miguel\\Desktop\\Applikcation Octobre\\Projet gestion de stock\\backend\\vendor\\laravel\\framework\\src\\Illuminate\\Pipeline\\Pipeline.php(219): Illuminate\\Foundation\\Http\\Middleware\\TrimStrings->handle(Object(Illuminate\\Http\\Request), Object(Closure))
#19 C:\\Users\\Miguel\\Desktop\\Applikcation Octobre\\Projet gestion de stock\\backend\\vendor\\laravel\\framework\\src\\Illuminate\\Http\\Middleware\\ValidatePostSize.php(27): Illuminate\\Pipeline\\Pipeline->Illuminate\\Pipeline\\{closure}(Object(Illuminate\\Http\\Request))
#20 C:\\Users\\Miguel\\Desktop\\Applikcation Octobre\\Projet gestion de stock\\backend\\vendor\\laravel\\framework\\src\\Illuminate\\Pipeline\\Pipeline.php(219): Illuminate\\Http\\Middleware\\ValidatePostSize->handle(Object(Illuminate\\Http\\Request), Object(Closure))
#21 C:\\Users\\Miguel\\Desktop\\Applikcation Octobre\\Projet gestion de stock\\backend\\vendor\\laravel\\framework\\src\\Illuminate\\Http\\Middleware\\HandleCors.php(61): Illuminate\\Pipeline\\Pipeline->Illuminate\\Pipeline\\{closure}(Object(Illuminate\\Http\\Request))
#22 C:\\Users\\Miguel\\Desktop\\Applikcation Octobre\\Projet gestion de stock\\backend\\vendor\\laravel\\framework\\src\\Illuminate\\Pipeline\\Pipeline.php(219): Illuminate\\Http\\Middleware\\HandleCors->handle(Object(Illuminate\\Http\\Request), Object(Closure))
#23 C:\\Users\\Miguel\\Desktop\\Applikcation Octobre\\Projet gestion de stock\\backend\\vendor\\laravel\\framework\\src\\Illuminate\\Http\\Middleware\\TrustProxies.php(58): Illuminate\\Pipeline\\Pipeline->Illuminate\\Pipeline\\{closure}(Object(Illuminate\\Http\\Request))
#24 C:\\Users\\Miguel\\Desktop\\Applikcation Octobre\\Projet gestion de stock\\backend\\vendor\\laravel\\framework\\src\\Illuminate\\Pipeline\\Pipeline.php(219): Illuminate\\Http\\Middleware\\TrustProxies->handle(Object(Illuminate\\Http\\Request), Object(Closure))
#25 C:\\Users\\Miguel\\Desktop\\Applikcation Octobre\\Projet gestion de stock\\backend\\vendor\\laravel\\framework\\src\\Illuminate\\Pipeline\\Pipeline.php(137): Illuminate\\Pipeline\\Pipeline->Illuminate\\Pipeline\\{closure}(Object(Illuminate\\Http\\Request))
#26 C:\\Users\\Miguel\\Desktop\\Applikcation Octobre\\Projet gestion de stock\\backend\\vendor\\laravel\\framework\\src\\Illuminate\\Foundation\\Http\\Kernel.php(175): Illuminate\\Pipeline\\Pipeline->then(Object(Closure))
#27 C:\\Users\\Miguel\\Desktop\\Applikcation Octobre\\Projet gestion de stock\\backend\\vendor\\laravel\\framework\\src\\Illuminate\\Foundation\\Http\\Kernel.php(144): Illuminate\\Foundation\\Http\\Kernel->sendRequestThroughRouter(Object(Illuminate\\Http\\Request))
#28 C:\\Users\\Miguel\\Desktop\\Applikcation Octobre\\Projet gestion de stock\\backend\\public\\index.php(51): Illuminate\\Foundation\\Http\\Kernel->handle(Object(Illuminate\\Http\\Request))
#29 C:\\Users\\Miguel\\Desktop\\Applikcation Octobre\\Projet gestion de stock\\backend\\vendor\\laravel\\framework\\src\\Illuminate\\Foundation\\resources\\server.php(23): require_once('C:\\\\Users\\\\Miguel...')
#30 {main}
"} 
[2025-11-11 15:21:27] local.ERROR: Target class [cors] does not exist. {"exception":"[object] (Illuminate\\Contracts\\Container\\BindingResolutionException(code: 0): Target class [cors] does not exist. at C:\\Users\\Miguel\\Desktop\\Applikcation Octobre\\Projet gestion de stock\\backend\\vendor\\laravel\\framework\\src\\Illuminate\\Container\\Container.php:1163)
[stacktrace]
#0 C:\\Users\\Miguel\\Desktop\\Applikcation Octobre\\Projet gestion de stock\\backend\\vendor\\laravel\\framework\\src\\Illuminate\\Container\\Container.php(972): Illuminate\\Container\\Container->build('cors')
#1 C:\\Users\\Miguel\\Desktop\\Applikcation Octobre\\Projet gestion de stock\\backend\\vendor\\laravel\\framework\\src\\Illuminate\\Foundation\\Application.php(1078): Illuminate\\Container\\Container->resolve('cors', Array, true)
#2 C:\\Users\\Miguel\\Desktop\\Applikcation Octobre\\Projet gestion de stock\\backend\\vendor\\laravel\\framework\\src\\Illuminate\\Container\\Container.php(903): Illuminate\\Foundation\\Application->resolve('cors', Array)
#3 C:\\Users\\Miguel\\Desktop\\Applikcation Octobre\\Projet gestion de stock\\backend\\vendor\\laravel\\framework\\src\\Illuminate\\Foundation\\Application.php(1058): Illuminate\\Container\\Container->make('cors', Array)
#4 C:\\Users\\Miguel\\Desktop\\Applikcation Octobre\\Projet gestion de stock\\backend\\vendor\\laravel\\framework\\src\\Illuminate\\Foundation\\Http\\Kernel.php(257): Illuminate\\Foundation\\Application->make('cors')
#5 C:\\Users\\Miguel\\Desktop\\Applikcation Octobre\\Projet gestion de stock\\backend\\vendor\\laravel\\framework\\src\\Illuminate\\Foundation\\Http\\Kernel.php(215): Illuminate\\Foundation\\Http\\Kernel->terminateMiddleware(Object(Illuminate\\Http\\Request), Object(Illuminate\\Http\\Response))
#6 C:\\Users\\Miguel\\Desktop\\Applikcation Octobre\\Projet gestion de stock\\backend\\public\\index.php(55): Illuminate\\Foundation\\Http\\Kernel->terminate(Object(Illuminate\\Http\\Request), Object(Illuminate\\Http\\Response))
#7 C:\\Users\\Miguel\\Desktop\\Applikcation Octobre\\Projet gestion de stock\\backend\\vendor\\laravel\\framework\\src\\Illuminate\\Foundation\\resources\\server.php(23): require_once('C:\\\\Users\\\\Miguel...')
#8 {main}

[previous exception] [object] (ReflectionException(code: -1): Class \"cors\" does not exist at C:\\Users\\Miguel\\Desktop\\Applikcation Octobre\\Projet gestion de stock\\backend\\vendor\\laravel\\framework\\src\\Illuminate\\Container\\Container.php:1161)
[stacktrace]
#0 C:\\Users\\Miguel\\Desktop\\Applikcation Octobre\\Projet gestion de stock\\backend\\vendor\\laravel\\framework\\src\\Illuminate\\Container\\Container.php(1161): ReflectionClass->__construct('cors')
#1 C:\\Users\\Miguel\\Desktop\\Applikcation Octobre\\Projet gestion de stock\\backend\\vendor\\laravel\\framework\\src\\Illuminate\\Container\\Container.php(972): Illuminate\\Container\\Container->build('cors')
#2 C:\\Users\\Miguel\\Desktop\\Applikcation Octobre\\Projet gestion de stock\\backend\\vendor\\laravel\\framework\\src\\Illuminate\\Foundation\\Application.php(1078): Illuminate\\Container\\Container->resolve('cors', Array, true)
#3 C:\\Users\\Miguel\\Desktop\\Applikcation Octobre\\Projet gestion de stock\\backend\\vendor\\laravel\\framework\\src\\Illuminate\\Container\\Container.php(903): Illuminate\\Foundation\\Application->resolve('cors', Array)
#4 C:\\Users\\Miguel\\Desktop\\Applikcation Octobre\\Projet gestion de stock\\backend\\vendor\\laravel\\framework\\src\\Illuminate\\Foundation\\Application.php(1058): Illuminate\\Container\\Container->make('cors', Array)
#5 C:\\Users\\Miguel\\Desktop\\Applikcation Octobre\\Projet gestion de stock\\backend\\vendor\\laravel\\framework\\src\\Illuminate\\Foundation\\Http\\Kernel.php(257): Illuminate\\Foundation\\Application->make('cors')
#6 C:\\Users\\Miguel\\Desktop\\Applikcation Octobre\\Projet gestion de stock\\backend\\vendor\\laravel\\framework\\src\\Illuminate\\Foundation\\Http\\Kernel.php(215): Illuminate\\Foundation\\Http\\Kernel->terminateMiddleware(Object(Illuminate\\Http\\Request), Object(Illuminate\\Http\\Response))
#7 C:\\Users\\Miguel\\Desktop\\Applikcation Octobre\\Projet gestion de stock\\backend\\public\\index.php(55): Illuminate\\Foundation\\Http\\Kernel->terminate(Object(Illuminate\\Http\\Request), Object(Illuminate\\Http\\Response))
#8 C:\\Users\\Miguel\\Desktop\\Applikcation Octobre\\Projet gestion de stock\\backend\\vendor\\laravel\\framework\\src\\Illuminate\\Foundation\\resources\\server.php(23): require_once('C:\\\\Users\\\\Miguel...')
#9 {main}
"} 
[2025-11-11 15:22:23] local.ERROR: Target class [cors] does not exist. {"exception":"[object] (Illuminate\\Contracts\\Container\\BindingResolutionException(code: 0): Target class [cors] does not exist. at C:\\Users\\Miguel\\Desktop\\Applikcation Octobre\\Projet gestion de stock\\backend\\vendor\\laravel\\framework\\src\\Illuminate\\Container\\Container.php:1163)
[stacktrace]
#0 C:\\Users\\Miguel\\Desktop\\Applikcation Octobre\\Projet gestion de stock\\backend\\vendor\\laravel\\framework\\src\\Illuminate\\Container\\Container.php(972): Illuminate\\Container\\Container->build('cors')
#1 C:\\Users\\Miguel\\Desktop\\Applikcation Octobre\\Projet gestion de stock\\backend\\vendor\\laravel\\framework\\src\\Illuminate\\Foundation\\Application.php(1078): Illuminate\\Container\\Container->resolve('cors', Array, true)
#2 C:\\Users\\Miguel\\Desktop\\Applikcation Octobre\\Projet gestion de stock\\backend\\vendor\\laravel\\framework\\src\\Illuminate\\Container\\Container.php(903): Illuminate\\Foundation\\Application->resolve('cors', Array)
#3 C:\\Users\\Miguel\\Desktop\\Applikcation Octobre\\Projet gestion de stock\\backend\\vendor\\laravel\\framework\\src\\Illuminate\\Foundation\\Application.php(1058): Illuminate\\Container\\Container->make('cors', Array)
#4 C:\\Users\\Miguel\\Desktop\\Applikcation Octobre\\Projet gestion de stock\\backend\\vendor\\laravel\\framework\\src\\Illuminate\\Pipeline\\Pipeline.php(208): Illuminate\\Foundation\\Application->make('cors')
#5 C:\\Users\\Miguel\\Desktop\\Applikcation Octobre\\Projet gestion de stock\\backend\\vendor\\laravel\\framework\\src\\Illuminate\\Pipeline\\Pipeline.php(137): Illuminate\\Pipeline\\Pipeline->Illuminate\\Pipeline\\{closure}(Object(Illuminate\\Http\\Request))
#6 C:\\Users\\Miguel\\Desktop\\Applikcation Octobre\\Projet gestion de stock\\backend\\vendor\\laravel\\framework\\src\\Illuminate\\Routing\\Router.php(821): Illuminate\\Pipeline\\Pipeline->then(Object(Closure))
#7 C:\\Users\\Miguel\\Desktop\\Applikcation Octobre\\Projet gestion de stock\\backend\\vendor\\laravel\\framework\\src\\Illuminate\\Routing\\Router.php(800): Illuminate\\Routing\\Router->runRouteWithinStack(Object(Illuminate\\Routing\\Route), Object(Illuminate\\Http\\Request))
#8 C:\\Users\\Miguel\\Desktop\\Applikcation Octobre\\Projet gestion de stock\\backend\\vendor\\laravel\\framework\\src\\Illuminate\\Routing\\Router.php(764): Illuminate\\Routing\\Router->runRoute(Object(Illuminate\\Http\\Request), Object(Illuminate\\Routing\\Route))
#9 C:\\Users\\Miguel\\Desktop\\Applikcation Octobre\\Projet gestion de stock\\backend\\vendor\\laravel\\framework\\src\\Illuminate\\Routing\\Router.php(753): Illuminate\\Routing\\Router->dispatchToRoute(Object(Illuminate\\Http\\Request))
#10 C:\\Users\\Miguel\\Desktop\\Applikcation Octobre\\Projet gestion de stock\\backend\\vendor\\laravel\\framework\\src\\Illuminate\\Foundation\\Http\\Kernel.php(200): Illuminate\\Routing\\Router->dispatch(Object(Illuminate\\Http\\Request))
#11 C:\\Users\\Miguel\\Desktop\\Applikcation Octobre\\Projet gestion de stock\\backend\\vendor\\laravel\\framework\\src\\Illuminate\\Pipeline\\Pipeline.php(180): Illuminate\\Foundation\\Http\\Kernel->Illuminate\\Foundation\\Http\\{closure}(Object(Illuminate\\Http\\Request))
#12 C:\\Users\\Miguel\\Desktop\\Applikcation Octobre\\Projet gestion de stock\\backend\\vendor\\laravel\\framework\\src\\Illuminate\\Foundation\\Http\\Middleware\\TransformsRequest.php(21): Illuminate\\Pipeline\\Pipeline->Illuminate\\Pipeline\\{closure}(Object(Illuminate\\Http\\Request))
#13 C:\\Users\\Miguel\\Desktop\\Applikcation Octobre\\Projet gestion de stock\\backend\\vendor\\laravel\\framework\\src\\Illuminate\\Foundation\\Http\\Middleware\\ConvertEmptyStringsToNull.php(31): Illuminate\\Foundation\\Http\\Middleware\\TransformsRequest->handle(Object(Illuminate\\Http\\Request), Object(Closure))
#14 C:\\Users\\Miguel\\Desktop\\Applikcation Octobre\\Projet gestion de stock\\backend\\vendor\\laravel\\framework\\src\\Illuminate\\Pipeline\\Pipeline.php(219): Illuminate\\Foundation\\Http\\Middleware\\ConvertEmptyStringsToNull->handle(Object(Illuminate\\Http\\Request), Object(Closure))
#15 C:\\Users\\Miguel\\Desktop\\Applikcation Octobre\\Projet gestion de stock\\backend\\vendor\\laravel\\framework\\src\\Illuminate\\Foundation\\Http\\Middleware\\TransformsRequest.php(21): Illuminate\\Pipeline\\Pipeline->Illuminate\\Pipeline\\{closure}(Object(Illuminate\\Http\\Request))
#16 C:\\Users\\Miguel\\Desktop\\Applikcation Octobre\\Projet gestion de stock\\backend\\vendor\\laravel\\framework\\src\\Illuminate\\Foundation\\Http\\Middleware\\TrimStrings.php(51): Illuminate\\Foundation\\Http\\Middleware\\TransformsRequest->handle(Object(Illuminate\\Http\\Request), Object(Closure))
#17 C:\\Users\\Miguel\\Desktop\\Applikcation Octobre\\Projet gestion de stock\\backend\\vendor\\laravel\\framework\\src\\Illuminate\\Pipeline\\Pipeline.php(219): Illuminate\\Foundation\\Http\\Middleware\\TrimStrings->handle(Object(Illuminate\\Http\\Request), Object(Closure))
#18 C:\\Users\\Miguel\\Desktop\\Applikcation Octobre\\Projet gestion de stock\\backend\\vendor\\laravel\\framework\\src\\Illuminate\\Http\\Middleware\\ValidatePostSize.php(27): Illuminate\\Pipeline\\Pipeline->Illuminate\\Pipeline\\{closure}(Object(Illuminate\\Http\\Request))
#19 C:\\Users\\Miguel\\Desktop\\Applikcation Octobre\\Projet gestion de stock\\backend\\vendor\\laravel\\framework\\src\\Illuminate\\Pipeline\\Pipeline.php(219): Illuminate\\Http\\Middleware\\ValidatePostSize->handle(Object(Illuminate\\Http\\Request), Object(Closure))
#20 C:\\Users\\Miguel\\Desktop\\Applikcation Octobre\\Projet gestion de stock\\backend\\vendor\\laravel\\framework\\src\\Illuminate\\Http\\Middleware\\HandleCors.php(61): Illuminate\\Pipeline\\Pipeline->Illuminate\\Pipeline\\{closure}(Object(Illuminate\\Http\\Request))
#21 C:\\Users\\Miguel\\Desktop\\Applikcation Octobre\\Projet gestion de stock\\backend\\vendor\\laravel\\framework\\src\\Illuminate\\Pipeline\\Pipeline.php(219): Illuminate\\Http\\Middleware\\HandleCors->handle(Object(Illuminate\\Http\\Request), Object(Closure))
#22 C:\\Users\\Miguel\\Desktop\\Applikcation Octobre\\Projet gestion de stock\\backend\\vendor\\laravel\\framework\\src\\Illuminate\\Http\\Middleware\\TrustProxies.php(58): Illuminate\\Pipeline\\Pipeline->Illuminate\\Pipeline\\{closure}(Object(Illuminate\\Http\\Request))
#23 C:\\Users\\Miguel\\Desktop\\Applikcation Octobre\\Projet gestion de stock\\backend\\vendor\\laravel\\framework\\src\\Illuminate\\Pipeline\\Pipeline.php(219): Illuminate\\Http\\Middleware\\TrustProxies->handle(Object(Illuminate\\Http\\Request), Object(Closure))
#24 C:\\Users\\Miguel\\Desktop\\Applikcation Octobre\\Projet gestion de stock\\backend\\vendor\\laravel\\framework\\src\\Illuminate\\Pipeline\\Pipeline.php(137): Illuminate\\Pipeline\\Pipeline->Illuminate\\Pipeline\\{closure}(Object(Illuminate\\Http\\Request))
#25 C:\\Users\\Miguel\\Desktop\\Applikcation Octobre\\Projet gestion de stock\\backend\\vendor\\laravel\\framework\\src\\Illuminate\\Foundation\\Http\\Kernel.php(175): Illuminate\\Pipeline\\Pipeline->then(Object(Closure))
#26 C:\\Users\\Miguel\\Desktop\\Applikcation Octobre\\Projet gestion de stock\\backend\\vendor\\laravel\\framework\\src\\Illuminate\\Foundation\\Http\\Kernel.php(144): Illuminate\\Foundation\\Http\\Kernel->sendRequestThroughRouter(Object(Illuminate\\Http\\Request))
#27 C:\\Users\\Miguel\\Desktop\\Applikcation Octobre\\Projet gestion de stock\\backend\\public\\index.php(51): Illuminate\\Foundation\\Http\\Kernel->handle(Object(Illuminate\\Http\\Request))
#28 C:\\Users\\Miguel\\Desktop\\Applikcation Octobre\\Projet gestion de stock\\backend\\vendor\\laravel\\framework\\src\\Illuminate\\Foundation\\resources\\server.php(23): require_once('C:\\\\Users\\\\Miguel...')
#29 {main}

[previous exception] [object] (ReflectionException(code: -1): Class \"cors\" does not exist at C:\\Users\\Miguel\\Desktop\\Applikcation Octobre\\Projet gestion de stock\\backend\\vendor\\laravel\\framework\\src\\Illuminate\\Container\\Container.php:1161)
[stacktrace]
#0 C:\\Users\\Miguel\\Desktop\\Applikcation Octobre\\Projet gestion de stock\\backend\\vendor\\laravel\\framework\\src\\Illuminate\\Container\\Container.php(1161): ReflectionClass->__construct('cors')
#1 C:\\Users\\Miguel\\Desktop\\Applikcation Octobre\\Projet gestion de stock\\backend\\vendor\\laravel\\framework\\src\\Illuminate\\Container\\Container.php(972): Illuminate\\Container\\Container->build('cors')
#2 C:\\Users\\Miguel\\Desktop\\Applikcation Octobre\\Projet gestion de stock\\backend\\vendor\\laravel\\framework\\src\\Illuminate\\Foundation\\Application.php(1078): Illuminate\\Container\\Container->resolve('cors', Array, true)
#3 C:\\Users\\Miguel\\Desktop\\Applikcation Octobre\\Projet gestion de stock\\backend\\vendor\\laravel\\framework\\src\\Illuminate\\Container\\Container.php(903): Illuminate\\Foundation\\Application->resolve('cors', Array)
#4 C:\\Users\\Miguel\\Desktop\\Applikcation Octobre\\Projet gestion de stock\\backend\\vendor\\laravel\\framework\\src\\Illuminate\\Foundation\\Application.php(1058): Illuminate\\Container\\Container->make('cors', Array)
#5 C:\\Users\\Miguel\\Desktop\\Applikcation Octobre\\Projet gestion de stock\\backend\\vendor\\laravel\\framework\\src\\Illuminate\\Pipeline\\Pipeline.php(208): Illuminate\\Foundation\\Application->make('cors')
#6 C:\\Users\\Miguel\\Desktop\\Applikcation Octobre\\Projet gestion de stock\\backend\\vendor\\laravel\\framework\\src\\Illuminate\\Pipeline\\Pipeline.php(137): Illuminate\\Pipeline\\Pipeline->Illuminate\\Pipeline\\{closure}(Object(Illuminate\\Http\\Request))
#7 C:\\Users\\Miguel\\Desktop\\Applikcation Octobre\\Projet gestion de stock\\backend\\vendor\\laravel\\framework\\src\\Illuminate\\Routing\\Router.php(821): Illuminate\\Pipeline\\Pipeline->then(Object(Closure))
#8 C:\\Users\\Miguel\\Desktop\\Applikcation Octobre\\Projet gestion de stock\\backend\\vendor\\laravel\\framework\\src\\Illuminate\\Routing\\Router.php(800): Illuminate\\Routing\\Router->runRouteWithinStack(Object(Illuminate\\Routing\\Route), Object(Illuminate\\Http\\Request))
#9 C:\\Users\\Miguel\\Desktop\\Applikcation Octobre\\Projet gestion de stock\\backend\\vendor\\laravel\\framework\\src\\Illuminate\\Routing\\Router.php(764): Illuminate\\Routing\\Router->runRoute(Object(Illuminate\\Http\\Request), Object(Illuminate\\Routing\\Route))
#10 C:\\Users\\Miguel\\Desktop\\Applikcation Octobre\\Projet gestion de stock\\backend\\vendor\\laravel\\framework\\src\\Illuminate\\Routing\\Router.php(753): Illuminate\\Routing\\Router->dispatchToRoute(Object(Illuminate\\Http\\Request))
#11 C:\\Users\\Miguel\\Desktop\\Applikcation Octobre\\Projet gestion de stock\\backend\\vendor\\laravel\\framework\\src\\Illuminate\\Foundation\\Http\\Kernel.php(200): Illuminate\\Routing\\Router->dispatch(Object(Illuminate\\Http\\Request))
#12 C:\\Users\\Miguel\\Desktop\\Applikcation Octobre\\Projet gestion de stock\\backend\\vendor\\laravel\\framework\\src\\Illuminate\\Pipeline\\Pipeline.php(180): Illuminate\\Foundation\\Http\\Kernel->Illuminate\\Foundation\\Http\\{closure}(Object(Illuminate\\Http\\Request))
#13 C:\\Users\\Miguel\\Desktop\\Applikcation Octobre\\Projet gestion de stock\\backend\\vendor\\laravel\\framework\\src\\Illuminate\\Foundation\\Http\\Middleware\\TransformsRequest.php(21): Illuminate\\Pipeline\\Pipeline->Illuminate\\Pipeline\\{closure}(Object(Illuminate\\Http\\Request))
#14 C:\\Users\\Miguel\\Desktop\\Applikcation Octobre\\Projet gestion de stock\\backend\\vendor\\laravel\\framework\\src\\Illuminate\\Foundation\\Http\\Middleware\\ConvertEmptyStringsToNull.php(31): Illuminate\\Foundation\\Http\\Middleware\\TransformsRequest->handle(Object(Illuminate\\Http\\Request), Object(Closure))
#15 C:\\Users\\Miguel\\Desktop\\Applikcation Octobre\\Projet gestion de stock\\backend\\vendor\\laravel\\framework\\src\\Illuminate\\Pipeline\\Pipeline.php(219): Illuminate\\Foundation\\Http\\Middleware\\ConvertEmptyStringsToNull->handle(Object(Illuminate\\Http\\Request), Object(Closure))
#16 C:\\Users\\Miguel\\Desktop\\Applikcation Octobre\\Projet gestion de stock\\backend\\vendor\\laravel\\framework\\src\\Illuminate\\Foundation\\Http\\Middleware\\TransformsRequest.php(21): Illuminate\\Pipeline\\Pipeline->Illuminate\\Pipeline\\{closure}(Object(Illuminate\\Http\\Request))
#17 C:\\Users\\Miguel\\Desktop\\Applikcation Octobre\\Projet gestion de stock\\backend\\vendor\\laravel\\framework\\src\\Illuminate\\Foundation\\Http\\Middleware\\TrimStrings.php(51): Illuminate\\Foundation\\Http\\Middleware\\TransformsRequest->handle(Object(Illuminate\\Http\\Request), Object(Closure))
#18 C:\\Users\\Miguel\\Desktop\\Applikcation Octobre\\Projet gestion de stock\\backend\\vendor\\laravel\\framework\\src\\Illuminate\\Pipeline\\Pipeline.php(219): Illuminate\\Foundation\\Http\\Middleware\\TrimStrings->handle(Object(Illuminate\\Http\\Request), Object(Closure))
#19 C:\\Users\\Miguel\\Desktop\\Applikcation Octobre\\Projet gestion de stock\\backend\\vendor\\laravel\\framework\\src\\Illuminate\\Http\\Middleware\\ValidatePostSize.php(27): Illuminate\\Pipeline\\Pipeline->Illuminate\\Pipeline\\{closure}(Object(Illuminate\\Http\\Request))
#20 C:\\Users\\Miguel\\Desktop\\Applikcation Octobre\\Projet gestion de stock\\backend\\vendor\\laravel\\framework\\src\\Illuminate\\Pipeline\\Pipeline.php(219): Illuminate\\Http\\Middleware\\ValidatePostSize->handle(Object(Illuminate\\Http\\Request), Object(Closure))
#21 C:\\Users\\Miguel\\Desktop\\Applikcation Octobre\\Projet gestion de stock\\backend\\vendor\\laravel\\framework\\src\\Illuminate\\Http\\Middleware\\HandleCors.php(61): Illuminate\\Pipeline\\Pipeline->Illuminate\\Pipeline\\{closure}(Object(Illuminate\\Http\\Request))
#22 C:\\Users\\Miguel\\Desktop\\Applikcation Octobre\\Projet gestion de stock\\backend\\vendor\\laravel\\framework\\src\\Illuminate\\Pipeline\\Pipeline.php(219): Illuminate\\Http\\Middleware\\HandleCors->handle(Object(Illuminate\\Http\\Request), Object(Closure))
#23 C:\\Users\\Miguel\\Desktop\\Applikcation Octobre\\Projet gestion de stock\\backend\\vendor\\laravel\\framework\\src\\Illuminate\\Http\\Middleware\\TrustProxies.php(58): Illuminate\\Pipeline\\Pipeline->Illuminate\\Pipeline\\{closure}(Object(Illuminate\\Http\\Request))
#24 C:\\Users\\Miguel\\Desktop\\Applikcation Octobre\\Projet gestion de stock\\backend\\vendor\\laravel\\framework\\src\\Illuminate\\Pipeline\\Pipeline.php(219): Illuminate\\Http\\Middleware\\TrustProxies->handle(Object(Illuminate\\Http\\Request), Object(Closure))
#25 C:\\Users\\Miguel\\Desktop\\Applikcation Octobre\\Projet gestion de stock\\backend\\vendor\\laravel\\framework\\src\\Illuminate\\Pipeline\\Pipeline.php(137): Illuminate\\Pipeline\\Pipeline->Illuminate\\Pipeline\\{closure}(Object(Illuminate\\Http\\Request))
#26 C:\\Users\\Miguel\\Desktop\\Applikcation Octobre\\Projet gestion de stock\\backend\\vendor\\laravel\\framework\\src\\Illuminate\\Foundation\\Http\\Kernel.php(175): Illuminate\\Pipeline\\Pipeline->then(Object(Closure))
#27 C:\\Users\\Miguel\\Desktop\\Applikcation Octobre\\Projet gestion de stock\\backend\\vendor\\laravel\\framework\\src\\Illuminate\\Foundation\\Http\\Kernel.php(144): Illuminate\\Foundation\\Http\\Kernel->sendRequestThroughRouter(Object(Illuminate\\Http\\Request))
#28 C:\\Users\\Miguel\\Desktop\\Applikcation Octobre\\Projet gestion de stock\\backend\\public\\index.php(51): Illuminate\\Foundation\\Http\\Kernel->handle(Object(Illuminate\\Http\\Request))
#29 C:\\Users\\Miguel\\Desktop\\Applikcation Octobre\\Projet gestion de stock\\backend\\vendor\\laravel\\framework\\src\\Illuminate\\Foundation\\resources\\server.php(23): require_once('C:\\\\Users\\\\Miguel...')
#30 {main}
"} 
[2025-11-11 15:22:23] local.ERROR: Target class [cors] does not exist. {"exception":"[object] (Illuminate\\Contracts\\Container\\BindingResolutionException(code: 0): Target class [cors] does not exist. at C:\\Users\\Miguel\\Desktop\\Applikcation Octobre\\Projet gestion de stock\\backend\\vendor\\laravel\\framework\\src\\Illuminate\\Container\\Container.php:1163)
[stacktrace]
#0 C:\\Users\\Miguel\\Desktop\\Applikcation Octobre\\Projet gestion de stock\\backend\\vendor\\laravel\\framework\\src\\Illuminate\\Container\\Container.php(972): Illuminate\\Container\\Container->build('cors')
#1 C:\\Users\\Miguel\\Desktop\\Applikcation Octobre\\Projet gestion de stock\\backend\\vendor\\laravel\\framework\\src\\Illuminate\\Foundation\\Application.php(1078): Illuminate\\Container\\Container->resolve('cors', Array, true)
#2 C:\\Users\\Miguel\\Desktop\\Applikcation Octobre\\Projet gestion de stock\\backend\\vendor\\laravel\\framework\\src\\Illuminate\\Container\\Container.php(903): Illuminate\\Foundation\\Application->resolve('cors', Array)
#3 C:\\Users\\Miguel\\Desktop\\Applikcation Octobre\\Projet gestion de stock\\backend\\vendor\\laravel\\framework\\src\\Illuminate\\Foundation\\Application.php(1058): Illuminate\\Container\\Container->make('cors', Array)
#4 C:\\Users\\Miguel\\Desktop\\Applikcation Octobre\\Projet gestion de stock\\backend\\vendor\\laravel\\framework\\src\\Illuminate\\Foundation\\Http\\Kernel.php(257): Illuminate\\Foundation\\Application->make('cors')
#5 C:\\Users\\Miguel\\Desktop\\Applikcation Octobre\\Projet gestion de stock\\backend\\vendor\\laravel\\framework\\src\\Illuminate\\Foundation\\Http\\Kernel.php(215): Illuminate\\Foundation\\Http\\Kernel->terminateMiddleware(Object(Illuminate\\Http\\Request), Object(Illuminate\\Http\\JsonResponse))
#6 C:\\Users\\Miguel\\Desktop\\Applikcation Octobre\\Projet gestion de stock\\backend\\public\\index.php(55): Illuminate\\Foundation\\Http\\Kernel->terminate(Object(Illuminate\\Http\\Request), Object(Illuminate\\Http\\JsonResponse))
#7 C:\\Users\\Miguel\\Desktop\\Applikcation Octobre\\Projet gestion de stock\\backend\\vendor\\laravel\\framework\\src\\Illuminate\\Foundation\\resources\\server.php(23): require_once('C:\\\\Users\\\\Miguel...')
#8 {main}

[previous exception] [object] (ReflectionException(code: -1): Class \"cors\" does not exist at C:\\Users\\Miguel\\Desktop\\Applikcation Octobre\\Projet gestion de stock\\backend\\vendor\\laravel\\framework\\src\\Illuminate\\Container\\Container.php:1161)
[stacktrace]
#0 C:\\Users\\Miguel\\Desktop\\Applikcation Octobre\\Projet gestion de stock\\backend\\vendor\\laravel\\framework\\src\\Illuminate\\Container\\Container.php(1161): ReflectionClass->__construct('cors')
#1 C:\\Users\\Miguel\\Desktop\\Applikcation Octobre\\Projet gestion de stock\\backend\\vendor\\laravel\\framework\\src\\Illuminate\\Container\\Container.php(972): Illuminate\\Container\\Container->build('cors')
#2 C:\\Users\\Miguel\\Desktop\\Applikcation Octobre\\Projet gestion de stock\\backend\\vendor\\laravel\\framework\\src\\Illuminate\\Foundation\\Application.php(1078): Illuminate\\Container\\Container->resolve('cors', Array, true)
#3 C:\\Users\\Miguel\\Desktop\\Applikcation Octobre\\Projet gestion de stock\\backend\\vendor\\laravel\\framework\\src\\Illuminate\\Container\\Container.php(903): Illuminate\\Foundation\\Application->resolve('cors', Array)
#4 C:\\Users\\Miguel\\Desktop\\Applikcation Octobre\\Projet gestion de stock\\backend\\vendor\\laravel\\framework\\src\\Illuminate\\Foundation\\Application.php(1058): Illuminate\\Container\\Container->make('cors', Array)
#5 C:\\Users\\Miguel\\Desktop\\Applikcation Octobre\\Projet gestion de stock\\backend\\vendor\\laravel\\framework\\src\\Illuminate\\Foundation\\Http\\Kernel.php(257): Illuminate\\Foundation\\Application->make('cors')
#6 C:\\Users\\Miguel\\Desktop\\Applikcation Octobre\\Projet gestion de stock\\backend\\vendor\\laravel\\framework\\src\\Illuminate\\Foundation\\Http\\Kernel.php(215): Illuminate\\Foundation\\Http\\Kernel->terminateMiddleware(Object(Illuminate\\Http\\Request), Object(Illuminate\\Http\\JsonResponse))
#7 C:\\Users\\Miguel\\Desktop\\Applikcation Octobre\\Projet gestion de stock\\backend\\public\\index.php(55): Illuminate\\Foundation\\Http\\Kernel->terminate(Object(Illuminate\\Http\\Request), Object(Illuminate\\Http\\JsonResponse))
#8 C:\\Users\\Miguel\\Desktop\\Applikcation Octobre\\Projet gestion de stock\\backend\\vendor\\laravel\\framework\\src\\Illuminate\\Foundation\\resources\\server.php(23): require_once('C:\\\\Users\\\\Miguel...')
#9 {main}
"} 
[2025-11-11 15:23:05] local.ERROR: Target class [cors] does not exist. {"exception":"[object] (Illuminate\\Contracts\\Container\\BindingResolutionException(code: 0): Target class [cors] does not exist. at C:\\Users\\Miguel\\Desktop\\Applikcation Octobre\\Projet gestion de stock\\backend\\vendor\\laravel\\framework\\src\\Illuminate\\Container\\Container.php:1163)
[stacktrace]
#0 C:\\Users\\Miguel\\Desktop\\Applikcation Octobre\\Projet gestion de stock\\backend\\vendor\\laravel\\framework\\src\\Illuminate\\Container\\Container.php(972): Illuminate\\Container\\Container->build('cors')
#1 C:\\Users\\Miguel\\Desktop\\Applikcation Octobre\\Projet gestion de stock\\backend\\vendor\\laravel\\framework\\src\\Illuminate\\Foundation\\Application.php(1078): Illuminate\\Container\\Container->resolve('cors', Array, true)
#2 C:\\Users\\Miguel\\Desktop\\Applikcation Octobre\\Projet gestion de stock\\backend\\vendor\\laravel\\framework\\src\\Illuminate\\Container\\Container.php(903): Illuminate\\Foundation\\Application->resolve('cors', Array)
#3 C:\\Users\\Miguel\\Desktop\\Applikcation Octobre\\Projet gestion de stock\\backend\\vendor\\laravel\\framework\\src\\Illuminate\\Foundation\\Application.php(1058): Illuminate\\Container\\Container->make('cors', Array)
#4 C:\\Users\\Miguel\\Desktop\\Applikcation Octobre\\Projet gestion de stock\\backend\\vendor\\laravel\\framework\\src\\Illuminate\\Pipeline\\Pipeline.php(208): Illuminate\\Foundation\\Application->make('cors')
#5 C:\\Users\\Miguel\\Desktop\\Applikcation Octobre\\Projet gestion de stock\\backend\\vendor\\laravel\\framework\\src\\Illuminate\\Pipeline\\Pipeline.php(137): Illuminate\\Pipeline\\Pipeline->Illuminate\\Pipeline\\{closure}(Object(Illuminate\\Http\\Request))
#6 C:\\Users\\Miguel\\Desktop\\Applikcation Octobre\\Projet gestion de stock\\backend\\vendor\\laravel\\framework\\src\\Illuminate\\Routing\\Router.php(821): Illuminate\\Pipeline\\Pipeline->then(Object(Closure))
#7 C:\\Users\\Miguel\\Desktop\\Applikcation Octobre\\Projet gestion de stock\\backend\\vendor\\laravel\\framework\\src\\Illuminate\\Routing\\Router.php(800): Illuminate\\Routing\\Router->runRouteWithinStack(Object(Illuminate\\Routing\\Route), Object(Illuminate\\Http\\Request))
#8 C:\\Users\\Miguel\\Desktop\\Applikcation Octobre\\Projet gestion de stock\\backend\\vendor\\laravel\\framework\\src\\Illuminate\\Routing\\Router.php(764): Illuminate\\Routing\\Router->runRoute(Object(Illuminate\\Http\\Request), Object(Illuminate\\Routing\\Route))
#9 C:\\Users\\Miguel\\Desktop\\Applikcation Octobre\\Projet gestion de stock\\backend\\vendor\\laravel\\framework\\src\\Illuminate\\Routing\\Router.php(753): Illuminate\\Routing\\Router->dispatchToRoute(Object(Illuminate\\Http\\Request))
#10 C:\\Users\\Miguel\\Desktop\\Applikcation Octobre\\Projet gestion de stock\\backend\\vendor\\laravel\\framework\\src\\Illuminate\\Foundation\\Http\\Kernel.php(200): Illuminate\\Routing\\Router->dispatch(Object(Illuminate\\Http\\Request))
#11 C:\\Users\\Miguel\\Desktop\\Applikcation Octobre\\Projet gestion de stock\\backend\\vendor\\laravel\\framework\\src\\Illuminate\\Pipeline\\Pipeline.php(180): Illuminate\\Foundation\\Http\\Kernel->Illuminate\\Foundation\\Http\\{closure}(Object(Illuminate\\Http\\Request))
#12 C:\\Users\\Miguel\\Desktop\\Applikcation Octobre\\Projet gestion de stock\\backend\\vendor\\laravel\\framework\\src\\Illuminate\\Foundation\\Http\\Middleware\\TransformsRequest.php(21): Illuminate\\Pipeline\\Pipeline->Illuminate\\Pipeline\\{closure}(Object(Illuminate\\Http\\Request))
#13 C:\\Users\\Miguel\\Desktop\\Applikcation Octobre\\Projet gestion de stock\\backend\\vendor\\laravel\\framework\\src\\Illuminate\\Foundation\\Http\\Middleware\\ConvertEmptyStringsToNull.php(31): Illuminate\\Foundation\\Http\\Middleware\\TransformsRequest->handle(Object(Illuminate\\Http\\Request), Object(Closure))
#14 C:\\Users\\Miguel\\Desktop\\Applikcation Octobre\\Projet gestion de stock\\backend\\vendor\\laravel\\framework\\src\\Illuminate\\Pipeline\\Pipeline.php(219): Illuminate\\Foundation\\Http\\Middleware\\ConvertEmptyStringsToNull->handle(Object(Illuminate\\Http\\Request), Object(Closure))
#15 C:\\Users\\Miguel\\Desktop\\Applikcation Octobre\\Projet gestion de stock\\backend\\vendor\\laravel\\framework\\src\\Illuminate\\Foundation\\Http\\Middleware\\TransformsRequest.php(21): Illuminate\\Pipeline\\Pipeline->Illuminate\\Pipeline\\{closure}(Object(Illuminate\\Http\\Request))
#16 C:\\Users\\Miguel\\Desktop\\Applikcation Octobre\\Projet gestion de stock\\backend\\vendor\\laravel\\framework\\src\\Illuminate\\Foundation\\Http\\Middleware\\TrimStrings.php(51): Illuminate\\Foundation\\Http\\Middleware\\TransformsRequest->handle(Object(Illuminate\\Http\\Request), Object(Closure))
#17 C:\\Users\\Miguel\\Desktop\\Applikcation Octobre\\Projet gestion de stock\\backend\\vendor\\laravel\\framework\\src\\Illuminate\\Pipeline\\Pipeline.php(219): Illuminate\\Foundation\\Http\\Middleware\\TrimStrings->handle(Object(Illuminate\\Http\\Request), Object(Closure))
#18 C:\\Users\\Miguel\\Desktop\\Applikcation Octobre\\Projet gestion de stock\\backend\\vendor\\laravel\\framework\\src\\Illuminate\\Http\\Middleware\\ValidatePostSize.php(27): Illuminate\\Pipeline\\Pipeline->Illuminate\\Pipeline\\{closure}(Object(Illuminate\\Http\\Request))
#19 C:\\Users\\Miguel\\Desktop\\Applikcation Octobre\\Projet gestion de stock\\backend\\vendor\\laravel\\framework\\src\\Illuminate\\Pipeline\\Pipeline.php(219): Illuminate\\Http\\Middleware\\ValidatePostSize->handle(Object(Illuminate\\Http\\Request), Object(Closure))
#20 C:\\Users\\Miguel\\Desktop\\Applikcation Octobre\\Projet gestion de stock\\backend\\vendor\\laravel\\framework\\src\\Illuminate\\Http\\Middleware\\HandleCors.php(61): Illuminate\\Pipeline\\Pipeline->Illuminate\\Pipeline\\{closure}(Object(Illuminate\\Http\\Request))
#21 C:\\Users\\Miguel\\Desktop\\Applikcation Octobre\\Projet gestion de stock\\backend\\vendor\\laravel\\framework\\src\\Illuminate\\Pipeline\\Pipeline.php(219): Illuminate\\Http\\Middleware\\HandleCors->handle(Object(Illuminate\\Http\\Request), Object(Closure))
#22 C:\\Users\\Miguel\\Desktop\\Applikcation Octobre\\Projet gestion de stock\\backend\\vendor\\laravel\\framework\\src\\Illuminate\\Http\\Middleware\\TrustProxies.php(58): Illuminate\\Pipeline\\Pipeline->Illuminate\\Pipeline\\{closure}(Object(Illuminate\\Http\\Request))
#23 C:\\Users\\Miguel\\Desktop\\Applikcation Octobre\\Projet gestion de stock\\backend\\vendor\\laravel\\framework\\src\\Illuminate\\Pipeline\\Pipeline.php(219): Illuminate\\Http\\Middleware\\TrustProxies->handle(Object(Illuminate\\Http\\Request), Object(Closure))
#24 C:\\Users\\Miguel\\Desktop\\Applikcation Octobre\\Projet gestion de stock\\backend\\vendor\\laravel\\framework\\src\\Illuminate\\Pipeline\\Pipeline.php(137): Illuminate\\Pipeline\\Pipeline->Illuminate\\Pipeline\\{closure}(Object(Illuminate\\Http\\Request))
#25 C:\\Users\\Miguel\\Desktop\\Applikcation Octobre\\Projet gestion de stock\\backend\\vendor\\laravel\\framework\\src\\Illuminate\\Foundation\\Http\\Kernel.php(175): Illuminate\\Pipeline\\Pipeline->then(Object(Closure))
#26 C:\\Users\\Miguel\\Desktop\\Applikcation Octobre\\Projet gestion de stock\\backend\\vendor\\laravel\\framework\\src\\Illuminate\\Foundation\\Http\\Kernel.php(144): Illuminate\\Foundation\\Http\\Kernel->sendRequestThroughRouter(Object(Illuminate\\Http\\Request))
#27 C:\\Users\\Miguel\\Desktop\\Applikcation Octobre\\Projet gestion de stock\\backend\\public\\index.php(51): Illuminate\\Foundation\\Http\\Kernel->handle(Object(Illuminate\\Http\\Request))
#28 C:\\Users\\Miguel\\Desktop\\Applikcation Octobre\\Projet gestion de stock\\backend\\vendor\\laravel\\framework\\src\\Illuminate\\Foundation\\resources\\server.php(23): require_once('C:\\\\Users\\\\Miguel...')
#29 {main}

[previous exception] [object] (ReflectionException(code: -1): Class \"cors\" does not exist at C:\\Users\\Miguel\\Desktop\\Applikcation Octobre\\Projet gestion de stock\\backend\\vendor\\laravel\\framework\\src\\Illuminate\\Container\\Container.php:1161)
[stacktrace]
#0 C:\\Users\\Miguel\\Desktop\\Applikcation Octobre\\Projet gestion de stock\\backend\\vendor\\laravel\\framework\\src\\Illuminate\\Container\\Container.php(1161): ReflectionClass->__construct('cors')
#1 C:\\Users\\Miguel\\Desktop\\Applikcation Octobre\\Projet gestion de stock\\backend\\vendor\\laravel\\framework\\src\\Illuminate\\Container\\Container.php(972): Illuminate\\Container\\Container->build('cors')
#2 C:\\Users\\Miguel\\Desktop\\Applikcation Octobre\\Projet gestion de stock\\backend\\vendor\\laravel\\framework\\src\\Illuminate\\Foundation\\Application.php(1078): Illuminate\\Container\\Container->resolve('cors', Array, true)
#3 C:\\Users\\Miguel\\Desktop\\Applikcation Octobre\\Projet gestion de stock\\backend\\vendor\\laravel\\framework\\src\\Illuminate\\Container\\Container.php(903): Illuminate\\Foundation\\Application->resolve('cors', Array)
#4 C:\\Users\\Miguel\\Desktop\\Applikcation Octobre\\Projet gestion de stock\\backend\\vendor\\laravel\\framework\\src\\Illuminate\\Foundation\\Application.php(1058): Illuminate\\Container\\Container->make('cors', Array)
#5 C:\\Users\\Miguel\\Desktop\\Applikcation Octobre\\Projet gestion de stock\\backend\\vendor\\laravel\\framework\\src\\Illuminate\\Pipeline\\Pipeline.php(208): Illuminate\\Foundation\\Application->make('cors')
#6 C:\\Users\\Miguel\\Desktop\\Applikcation Octobre\\Projet gestion de stock\\backend\\vendor\\laravel\\framework\\src\\Illuminate\\Pipeline\\Pipeline.php(137): Illuminate\\Pipeline\\Pipeline->Illuminate\\Pipeline\\{closure}(Object(Illuminate\\Http\\Request))
#7 C:\\Users\\Miguel\\Desktop\\Applikcation Octobre\\Projet gestion de stock\\backend\\vendor\\laravel\\framework\\src\\Illuminate\\Routing\\Router.php(821): Illuminate\\Pipeline\\Pipeline->then(Object(Closure))
#8 C:\\Users\\Miguel\\Desktop\\Applikcation Octobre\\Projet gestion de stock\\backend\\vendor\\laravel\\framework\\src\\Illuminate\\Routing\\Router.php(800): Illuminate\\Routing\\Router->runRouteWithinStack(Object(Illuminate\\Routing\\Route), Object(Illuminate\\Http\\Request))
#9 C:\\Users\\Miguel\\Desktop\\Applikcation Octobre\\Projet gestion de stock\\backend\\vendor\\laravel\\framework\\src\\Illuminate\\Routing\\Router.php(764): Illuminate\\Routing\\Router->runRoute(Object(Illuminate\\Http\\Request), Object(Illuminate\\Routing\\Route))
#10 C:\\Users\\Miguel\\Desktop\\Applikcation Octobre\\Projet gestion de stock\\backend\\vendor\\laravel\\framework\\src\\Illuminate\\Routing\\Router.php(753): Illuminate\\Routing\\Router->dispatchToRoute(Object(Illuminate\\Http\\Request))
#11 C:\\Users\\Miguel\\Desktop\\Applikcation Octobre\\Projet gestion de stock\\backend\\vendor\\laravel\\framework\\src\\Illuminate\\Foundation\\Http\\Kernel.php(200): Illuminate\\Routing\\Router->dispatch(Object(Illuminate\\Http\\Request))
#12 C:\\Users\\Miguel\\Desktop\\Applikcation Octobre\\Projet gestion de stock\\backend\\vendor\\laravel\\framework\\src\\Illuminate\\Pipeline\\Pipeline.php(180): Illuminate\\Foundation\\Http\\Kernel->Illuminate\\Foundation\\Http\\{closure}(Object(Illuminate\\Http\\Request))
#13 C:\\Users\\Miguel\\Desktop\\Applikcation Octobre\\Projet gestion de stock\\backend\\vendor\\laravel\\framework\\src\\Illuminate\\Foundation\\Http\\Middleware\\TransformsRequest.php(21): Illuminate\\Pipeline\\Pipeline->Illuminate\\Pipeline\\{closure}(Object(Illuminate\\Http\\Request))
#14 C:\\Users\\Miguel\\Desktop\\Applikcation Octobre\\Projet gestion de stock\\backend\\vendor\\laravel\\framework\\src\\Illuminate\\Foundation\\Http\\Middleware\\ConvertEmptyStringsToNull.php(31): Illuminate\\Foundation\\Http\\Middleware\\TransformsRequest->handle(Object(Illuminate\\Http\\Request), Object(Closure))
#15 C:\\Users\\Miguel\\Desktop\\Applikcation Octobre\\Projet gestion de stock\\backend\\vendor\\laravel\\framework\\src\\Illuminate\\Pipeline\\Pipeline.php(219): Illuminate\\Foundation\\Http\\Middleware\\ConvertEmptyStringsToNull->handle(Object(Illuminate\\Http\\Request), Object(Closure))
#16 C:\\Users\\Miguel\\Desktop\\Applikcation Octobre\\Projet gestion de stock\\backend\\vendor\\laravel\\framework\\src\\Illuminate\\Foundation\\Http\\Middleware\\TransformsRequest.php(21): Illuminate\\Pipeline\\Pipeline->Illuminate\\Pipeline\\{closure}(Object(Illuminate\\Http\\Request))
#17 C:\\Users\\Miguel\\Desktop\\Applikcation Octobre\\Projet gestion de stock\\backend\\vendor\\laravel\\framework\\src\\Illuminate\\Foundation\\Http\\Middleware\\TrimStrings.php(51): Illuminate\\Foundation\\Http\\Middleware\\TransformsRequest->handle(Object(Illuminate\\Http\\Request), Object(Closure))
#18 C:\\Users\\Miguel\\Desktop\\Applikcation Octobre\\Projet gestion de stock\\backend\\vendor\\laravel\\framework\\src\\Illuminate\\Pipeline\\Pipeline.php(219): Illuminate\\Foundation\\Http\\Middleware\\TrimStrings->handle(Object(Illuminate\\Http\\Request), Object(Closure))
#19 C:\\Users\\Miguel\\Desktop\\Applikcation Octobre\\Projet gestion de stock\\backend\\vendor\\laravel\\framework\\src\\Illuminate\\Http\\Middleware\\ValidatePostSize.php(27): Illuminate\\Pipeline\\Pipeline->Illuminate\\Pipeline\\{closure}(Object(Illuminate\\Http\\Request))
#20 C:\\Users\\Miguel\\Desktop\\Applikcation Octobre\\Projet gestion de stock\\backend\\vendor\\laravel\\framework\\src\\Illuminate\\Pipeline\\Pipeline.php(219): Illuminate\\Http\\Middleware\\ValidatePostSize->handle(Object(Illuminate\\Http\\Request), Object(Closure))
#21 C:\\Users\\Miguel\\Desktop\\Applikcation Octobre\\Projet gestion de stock\\backend\\vendor\\laravel\\framework\\src\\Illuminate\\Http\\Middleware\\HandleCors.php(61): Illuminate\\Pipeline\\Pipeline->Illuminate\\Pipeline\\{closure}(Object(Illuminate\\Http\\Request))
#22 C:\\Users\\Miguel\\Desktop\\Applikcation Octobre\\Projet gestion de stock\\backend\\vendor\\laravel\\framework\\src\\Illuminate\\Pipeline\\Pipeline.php(219): Illuminate\\Http\\Middleware\\HandleCors->handle(Object(Illuminate\\Http\\Request), Object(Closure))
#23 C:\\Users\\Miguel\\Desktop\\Applikcation Octobre\\Projet gestion de stock\\backend\\vendor\\laravel\\framework\\src\\Illuminate\\Http\\Middleware\\TrustProxies.php(58): Illuminate\\Pipeline\\Pipeline->Illuminate\\Pipeline\\{closure}(Object(Illuminate\\Http\\Request))
#24 C:\\Users\\Miguel\\Desktop\\Applikcation Octobre\\Projet gestion de stock\\backend\\vendor\\laravel\\framework\\src\\Illuminate\\Pipeline\\Pipeline.php(219): Illuminate\\Http\\Middleware\\TrustProxies->handle(Object(Illuminate\\Http\\Request), Object(Closure))
#25 C:\\Users\\Miguel\\Desktop\\Applikcation Octobre\\Projet gestion de stock\\backend\\vendor\\laravel\\framework\\src\\Illuminate\\Pipeline\\Pipeline.php(137): Illuminate\\Pipeline\\Pipeline->Illuminate\\Pipeline\\{closure}(Object(Illuminate\\Http\\Request))
#26 C:\\Users\\Miguel\\Desktop\\Applikcation Octobre\\Projet gestion de stock\\backend\\vendor\\laravel\\framework\\src\\Illuminate\\Foundation\\Http\\Kernel.php(175): Illuminate\\Pipeline\\Pipeline->then(Object(Closure))
#27 C:\\Users\\Miguel\\Desktop\\Applikcation Octobre\\Projet gestion de stock\\backend\\vendor\\laravel\\framework\\src\\Illuminate\\Foundation\\Http\\Kernel.php(144): Illuminate\\Foundation\\Http\\Kernel->sendRequestThroughRouter(Object(Illuminate\\Http\\Request))
#28 C:\\Users\\Miguel\\Desktop\\Applikcation Octobre\\Projet gestion de stock\\backend\\public\\index.php(51): Illuminate\\Foundation\\Http\\Kernel->handle(Object(Illuminate\\Http\\Request))
#29 C:\\Users\\Miguel\\Desktop\\Applikcation Octobre\\Projet gestion de stock\\backend\\vendor\\laravel\\framework\\src\\Illuminate\\Foundation\\resources\\server.php(23): require_once('C:\\\\Users\\\\Miguel...')
#30 {main}
"} 
[2025-11-11 15:23:06] local.ERROR: Target class [cors] does not exist. {"exception":"[object] (Illuminate\\Contracts\\Container\\BindingResolutionException(code: 0): Target class [cors] does not exist. at C:\\Users\\Miguel\\Desktop\\Applikcation Octobre\\Projet gestion de stock\\backend\\vendor\\laravel\\framework\\src\\Illuminate\\Container\\Container.php:1163)
[stacktrace]
#0 C:\\Users\\Miguel\\Desktop\\Applikcation Octobre\\Projet gestion de stock\\backend\\vendor\\laravel\\framework\\src\\Illuminate\\Container\\Container.php(972): Illuminate\\Container\\Container->build('cors')
#1 C:\\Users\\Miguel\\Desktop\\Applikcation Octobre\\Projet gestion de stock\\backend\\vendor\\laravel\\framework\\src\\Illuminate\\Foundation\\Application.php(1078): Illuminate\\Container\\Container->resolve('cors', Array, true)
#2 C:\\Users\\Miguel\\Desktop\\Applikcation Octobre\\Projet gestion de stock\\backend\\vendor\\laravel\\framework\\src\\Illuminate\\Container\\Container.php(903): Illuminate\\Foundation\\Application->resolve('cors', Array)
#3 C:\\Users\\Miguel\\Desktop\\Applikcation Octobre\\Projet gestion de stock\\backend\\vendor\\laravel\\framework\\src\\Illuminate\\Foundation\\Application.php(1058): Illuminate\\Container\\Container->make('cors', Array)
#4 C:\\Users\\Miguel\\Desktop\\Applikcation Octobre\\Projet gestion de stock\\backend\\vendor\\laravel\\framework\\src\\Illuminate\\Foundation\\Http\\Kernel.php(257): Illuminate\\Foundation\\Application->make('cors')
#5 C:\\Users\\Miguel\\Desktop\\Applikcation Octobre\\Projet gestion de stock\\backend\\vendor\\laravel\\framework\\src\\Illuminate\\Foundation\\Http\\Kernel.php(215): Illuminate\\Foundation\\Http\\Kernel->terminateMiddleware(Object(Illuminate\\Http\\Request), Object(Illuminate\\Http\\Response))
#6 C:\\Users\\Miguel\\Desktop\\Applikcation Octobre\\Projet gestion de stock\\backend\\public\\index.php(55): Illuminate\\Foundation\\Http\\Kernel->terminate(Object(Illuminate\\Http\\Request), Object(Illuminate\\Http\\Response))
#7 C:\\Users\\Miguel\\Desktop\\Applikcation Octobre\\Projet gestion de stock\\backend\\vendor\\laravel\\framework\\src\\Illuminate\\Foundation\\resources\\server.php(23): require_once('C:\\\\Users\\\\Miguel...')
#8 {main}

[previous exception] [object] (ReflectionException(code: -1): Class \"cors\" does not exist at C:\\Users\\Miguel\\Desktop\\Applikcation Octobre\\Projet gestion de stock\\backend\\vendor\\laravel\\framework\\src\\Illuminate\\Container\\Container.php:1161)
[stacktrace]
#0 C:\\Users\\Miguel\\Desktop\\Applikcation Octobre\\Projet gestion de stock\\backend\\vendor\\laravel\\framework\\src\\Illuminate\\Container\\Container.php(1161): ReflectionClass->__construct('cors')
#1 C:\\Users\\Miguel\\Desktop\\Applikcation Octobre\\Projet gestion de stock\\backend\\vendor\\laravel\\framework\\src\\Illuminate\\Container\\Container.php(972): Illuminate\\Container\\Container->build('cors')
#2 C:\\Users\\Miguel\\Desktop\\Applikcation Octobre\\Projet gestion de stock\\backend\\vendor\\laravel\\framework\\src\\Illuminate\\Foundation\\Application.php(1078): Illuminate\\Container\\Container->resolve('cors', Array, true)
#3 C:\\Users\\Miguel\\Desktop\\Applikcation Octobre\\Projet gestion de stock\\backend\\vendor\\laravel\\framework\\src\\Illuminate\\Container\\Container.php(903): Illuminate\\Foundation\\Application->resolve('cors', Array)
#4 C:\\Users\\Miguel\\Desktop\\Applikcation Octobre\\Projet gestion de stock\\backend\\vendor\\laravel\\framework\\src\\Illuminate\\Foundation\\Application.php(1058): Illuminate\\Container\\Container->make('cors', Array)
#5 C:\\Users\\Miguel\\Desktop\\Applikcation Octobre\\Projet gestion de stock\\backend\\vendor\\laravel\\framework\\src\\Illuminate\\Foundation\\Http\\Kernel.php(257): Illuminate\\Foundation\\Application->make('cors')
#6 C:\\Users\\Miguel\\Desktop\\Applikcation Octobre\\Projet gestion de stock\\backend\\vendor\\laravel\\framework\\src\\Illuminate\\Foundation\\Http\\Kernel.php(215): Illuminate\\Foundation\\Http\\Kernel->terminateMiddleware(Object(Illuminate\\Http\\Request), Object(Illuminate\\Http\\Response))
#7 C:\\Users\\Miguel\\Desktop\\Applikcation Octobre\\Projet gestion de stock\\backend\\public\\index.php(55): Illuminate\\Foundation\\Http\\Kernel->terminate(Object(Illuminate\\Http\\Request), Object(Illuminate\\Http\\Response))
#8 C:\\Users\\Miguel\\Desktop\\Applikcation Octobre\\Projet gestion de stock\\backend\\vendor\\laravel\\framework\\src\\Illuminate\\Foundation\\resources\\server.php(23): require_once('C:\\\\Users\\\\Miguel...')
#9 {main}
"} 
[2025-11-11 15:23:13] local.ERROR: Target class [cors] does not exist. {"exception":"[object] (Illuminate\\Contracts\\Container\\BindingResolutionException(code: 0): Target class [cors] does not exist. at C:\\Users\\Miguel\\Desktop\\Applikcation Octobre\\Projet gestion de stock\\backend\\vendor\\laravel\\framework\\src\\Illuminate\\Container\\Container.php:1163)
[stacktrace]
#0 C:\\Users\\Miguel\\Desktop\\Applikcation Octobre\\Projet gestion de stock\\backend\\vendor\\laravel\\framework\\src\\Illuminate\\Container\\Container.php(972): Illuminate\\Container\\Container->build('cors')
#1 C:\\Users\\Miguel\\Desktop\\Applikcation Octobre\\Projet gestion de stock\\backend\\vendor\\laravel\\framework\\src\\Illuminate\\Foundation\\Application.php(1078): Illuminate\\Container\\Container->resolve('cors', Array, true)
#2 C:\\Users\\Miguel\\Desktop\\Applikcation Octobre\\Projet gestion de stock\\backend\\vendor\\laravel\\framework\\src\\Illuminate\\Container\\Container.php(903): Illuminate\\Foundation\\Application->resolve('cors', Array)
#3 C:\\Users\\Miguel\\Desktop\\Applikcation Octobre\\Projet gestion de stock\\backend\\vendor\\laravel\\framework\\src\\Illuminate\\Foundation\\Application.php(1058): Illuminate\\Container\\Container->make('cors', Array)
#4 C:\\Users\\Miguel\\Desktop\\Applikcation Octobre\\Projet gestion de stock\\backend\\vendor\\laravel\\framework\\src\\Illuminate\\Pipeline\\Pipeline.php(208): Illuminate\\Foundation\\Application->make('cors')
#5 C:\\Users\\Miguel\\Desktop\\Applikcation Octobre\\Projet gestion de stock\\backend\\vendor\\laravel\\framework\\src\\Illuminate\\Pipeline\\Pipeline.php(137): Illuminate\\Pipeline\\Pipeline->Illuminate\\Pipeline\\{closure}(Object(Illuminate\\Http\\Request))
#6 C:\\Users\\Miguel\\Desktop\\Applikcation Octobre\\Projet gestion de stock\\backend\\vendor\\laravel\\framework\\src\\Illuminate\\Routing\\Router.php(821): Illuminate\\Pipeline\\Pipeline->then(Object(Closure))
#7 C:\\Users\\Miguel\\Desktop\\Applikcation Octobre\\Projet gestion de stock\\backend\\vendor\\laravel\\framework\\src\\Illuminate\\Routing\\Router.php(800): Illuminate\\Routing\\Router->runRouteWithinStack(Object(Illuminate\\Routing\\Route), Object(Illuminate\\Http\\Request))
#8 C:\\Users\\Miguel\\Desktop\\Applikcation Octobre\\Projet gestion de stock\\backend\\vendor\\laravel\\framework\\src\\Illuminate\\Routing\\Router.php(764): Illuminate\\Routing\\Router->runRoute(Object(Illuminate\\Http\\Request), Object(Illuminate\\Routing\\Route))
#9 C:\\Users\\Miguel\\Desktop\\Applikcation Octobre\\Projet gestion de stock\\backend\\vendor\\laravel\\framework\\src\\Illuminate\\Routing\\Router.php(753): Illuminate\\Routing\\Router->dispatchToRoute(Object(Illuminate\\Http\\Request))
#10 C:\\Users\\Miguel\\Desktop\\Applikcation Octobre\\Projet gestion de stock\\backend\\vendor\\laravel\\framework\\src\\Illuminate\\Foundation\\Http\\Kernel.php(200): Illuminate\\Routing\\Router->dispatch(Object(Illuminate\\Http\\Request))
#11 C:\\Users\\Miguel\\Desktop\\Applikcation Octobre\\Projet gestion de stock\\backend\\vendor\\laravel\\framework\\src\\Illuminate\\Pipeline\\Pipeline.php(180): Illuminate\\Foundation\\Http\\Kernel->Illuminate\\Foundation\\Http\\{closure}(Object(Illuminate\\Http\\Request))
#12 C:\\Users\\Miguel\\Desktop\\Applikcation Octobre\\Projet gestion de stock\\backend\\vendor\\laravel\\framework\\src\\Illuminate\\Foundation\\Http\\Middleware\\TransformsRequest.php(21): Illuminate\\Pipeline\\Pipeline->Illuminate\\Pipeline\\{closure}(Object(Illuminate\\Http\\Request))
#13 C:\\Users\\Miguel\\Desktop\\Applikcation Octobre\\Projet gestion de stock\\backend\\vendor\\laravel\\framework\\src\\Illuminate\\Foundation\\Http\\Middleware\\ConvertEmptyStringsToNull.php(31): Illuminate\\Foundation\\Http\\Middleware\\TransformsRequest->handle(Object(Illuminate\\Http\\Request), Object(Closure))
#14 C:\\Users\\Miguel\\Desktop\\Applikcation Octobre\\Projet gestion de stock\\backend\\vendor\\laravel\\framework\\src\\Illuminate\\Pipeline\\Pipeline.php(219): Illuminate\\Foundation\\Http\\Middleware\\ConvertEmptyStringsToNull->handle(Object(Illuminate\\Http\\Request), Object(Closure))
#15 C:\\Users\\Miguel\\Desktop\\Applikcation Octobre\\Projet gestion de stock\\backend\\vendor\\laravel\\framework\\src\\Illuminate\\Foundation\\Http\\Middleware\\TransformsRequest.php(21): Illuminate\\Pipeline\\Pipeline->Illuminate\\Pipeline\\{closure}(Object(Illuminate\\Http\\Request))
#16 C:\\Users\\Miguel\\Desktop\\Applikcation Octobre\\Projet gestion de stock\\backend\\vendor\\laravel\\framework\\src\\Illuminate\\Foundation\\Http\\Middleware\\TrimStrings.php(51): Illuminate\\Foundation\\Http\\Middleware\\TransformsRequest->handle(Object(Illuminate\\Http\\Request), Object(Closure))
#17 C:\\Users\\Miguel\\Desktop\\Applikcation Octobre\\Projet gestion de stock\\backend\\vendor\\laravel\\framework\\src\\Illuminate\\Pipeline\\Pipeline.php(219): Illuminate\\Foundation\\Http\\Middleware\\TrimStrings->handle(Object(Illuminate\\Http\\Request), Object(Closure))
#18 C:\\Users\\Miguel\\Desktop\\Applikcation Octobre\\Projet gestion de stock\\backend\\vendor\\laravel\\framework\\src\\Illuminate\\Http\\Middleware\\ValidatePostSize.php(27): Illuminate\\Pipeline\\Pipeline->Illuminate\\Pipeline\\{closure}(Object(Illuminate\\Http\\Request))
#19 C:\\Users\\Miguel\\Desktop\\Applikcation Octobre\\Projet gestion de stock\\backend\\vendor\\laravel\\framework\\src\\Illuminate\\Pipeline\\Pipeline.php(219): Illuminate\\Http\\Middleware\\ValidatePostSize->handle(Object(Illuminate\\Http\\Request), Object(Closure))
#20 C:\\Users\\Miguel\\Desktop\\Applikcation Octobre\\Projet gestion de stock\\backend\\vendor\\laravel\\framework\\src\\Illuminate\\Http\\Middleware\\HandleCors.php(61): Illuminate\\Pipeline\\Pipeline->Illuminate\\Pipeline\\{closure}(Object(Illuminate\\Http\\Request))
#21 C:\\Users\\Miguel\\Desktop\\Applikcation Octobre\\Projet gestion de stock\\backend\\vendor\\laravel\\framework\\src\\Illuminate\\Pipeline\\Pipeline.php(219): Illuminate\\Http\\Middleware\\HandleCors->handle(Object(Illuminate\\Http\\Request), Object(Closure))
#22 C:\\Users\\Miguel\\Desktop\\Applikcation Octobre\\Projet gestion de stock\\backend\\vendor\\laravel\\framework\\src\\Illuminate\\Http\\Middleware\\TrustProxies.php(58): Illuminate\\Pipeline\\Pipeline->Illuminate\\Pipeline\\{closure}(Object(Illuminate\\Http\\Request))
#23 C:\\Users\\Miguel\\Desktop\\Applikcation Octobre\\Projet gestion de stock\\backend\\vendor\\laravel\\framework\\src\\Illuminate\\Pipeline\\Pipeline.php(219): Illuminate\\Http\\Middleware\\TrustProxies->handle(Object(Illuminate\\Http\\Request), Object(Closure))
#24 C:\\Users\\Miguel\\Desktop\\Applikcation Octobre\\Projet gestion de stock\\backend\\vendor\\laravel\\framework\\src\\Illuminate\\Pipeline\\Pipeline.php(137): Illuminate\\Pipeline\\Pipeline->Illuminate\\Pipeline\\{closure}(Object(Illuminate\\Http\\Request))
#25 C:\\Users\\Miguel\\Desktop\\Applikcation Octobre\\Projet gestion de stock\\backend\\vendor\\laravel\\framework\\src\\Illuminate\\Foundation\\Http\\Kernel.php(175): Illuminate\\Pipeline\\Pipeline->then(Object(Closure))
#26 C:\\Users\\Miguel\\Desktop\\Applikcation Octobre\\Projet gestion de stock\\backend\\vendor\\laravel\\framework\\src\\Illuminate\\Foundation\\Http\\Kernel.php(144): Illuminate\\Foundation\\Http\\Kernel->sendRequestThroughRouter(Object(Illuminate\\Http\\Request))
#27 C:\\Users\\Miguel\\Desktop\\Applikcation Octobre\\Projet gestion de stock\\backend\\public\\index.php(51): Illuminate\\Foundation\\Http\\Kernel->handle(Object(Illuminate\\Http\\Request))
#28 C:\\Users\\Miguel\\Desktop\\Applikcation Octobre\\Projet gestion de stock\\backend\\vendor\\laravel\\framework\\src\\Illuminate\\Foundation\\resources\\server.php(23): require_once('C:\\\\Users\\\\Miguel...')
#29 {main}

[previous exception] [object] (ReflectionException(code: -1): Class \"cors\" does not exist at C:\\Users\\Miguel\\Desktop\\Applikcation Octobre\\Projet gestion de stock\\backend\\vendor\\laravel\\framework\\src\\Illuminate\\Container\\Container.php:1161)
[stacktrace]
#0 C:\\Users\\Miguel\\Desktop\\Applikcation Octobre\\Projet gestion de stock\\backend\\vendor\\laravel\\framework\\src\\Illuminate\\Container\\Container.php(1161): ReflectionClass->__construct('cors')
#1 C:\\Users\\Miguel\\Desktop\\Applikcation Octobre\\Projet gestion de stock\\backend\\vendor\\laravel\\framework\\src\\Illuminate\\Container\\Container.php(972): Illuminate\\Container\\Container->build('cors')
#2 C:\\Users\\Miguel\\Desktop\\Applikcation Octobre\\Projet gestion de stock\\backend\\vendor\\laravel\\framework\\src\\Illuminate\\Foundation\\Application.php(1078): Illuminate\\Container\\Container->resolve('cors', Array, true)
#3 C:\\Users\\Miguel\\Desktop\\Applikcation Octobre\\Projet gestion de stock\\backend\\vendor\\laravel\\framework\\src\\Illuminate\\Container\\Container.php(903): Illuminate\\Foundation\\Application->resolve('cors', Array)
#4 C:\\Users\\Miguel\\Desktop\\Applikcation Octobre\\Projet gestion de stock\\backend\\vendor\\laravel\\framework\\src\\Illuminate\\Foundation\\Application.php(1058): Illuminate\\Container\\Container->make('cors', Array)
#5 C:\\Users\\Miguel\\Desktop\\Applikcation Octobre\\Projet gestion de stock\\backend\\vendor\\laravel\\framework\\src\\Illuminate\\Pipeline\\Pipeline.php(208): Illuminate\\Foundation\\Application->make('cors')
#6 C:\\Users\\Miguel\\Desktop\\Applikcation Octobre\\Projet gestion de stock\\backend\\vendor\\laravel\\framework\\src\\Illuminate\\Pipeline\\Pipeline.php(137): Illuminate\\Pipeline\\Pipeline->Illuminate\\Pipeline\\{closure}(Object(Illuminate\\Http\\Request))
#7 C:\\Users\\Miguel\\Desktop\\Applikcation Octobre\\Projet gestion de stock\\backend\\vendor\\laravel\\framework\\src\\Illuminate\\Routing\\Router.php(821): Illuminate\\Pipeline\\Pipeline->then(Object(Closure))
#8 C:\\Users\\Miguel\\Desktop\\Applikcation Octobre\\Projet gestion de stock\\backend\\vendor\\laravel\\framework\\src\\Illuminate\\Routing\\Router.php(800): Illuminate\\Routing\\Router->runRouteWithinStack(Object(Illuminate\\Routing\\Route), Object(Illuminate\\Http\\Request))
#9 C:\\Users\\Miguel\\Desktop\\Applikcation Octobre\\Projet gestion de stock\\backend\\vendor\\laravel\\framework\\src\\Illuminate\\Routing\\Router.php(764): Illuminate\\Routing\\Router->runRoute(Object(Illuminate\\Http\\Request), Object(Illuminate\\Routing\\Route))
#10 C:\\Users\\Miguel\\Desktop\\Applikcation Octobre\\Projet gestion de stock\\backend\\vendor\\laravel\\framework\\src\\Illuminate\\Routing\\Router.php(753): Illuminate\\Routing\\Router->dispatchToRoute(Object(Illuminate\\Http\\Request))
#11 C:\\Users\\Miguel\\Desktop\\Applikcation Octobre\\Projet gestion de stock\\backend\\vendor\\laravel\\framework\\src\\Illuminate\\Foundation\\Http\\Kernel.php(200): Illuminate\\Routing\\Router->dispatch(Object(Illuminate\\Http\\Request))
#12 C:\\Users\\Miguel\\Desktop\\Applikcation Octobre\\Projet gestion de stock\\backend\\vendor\\laravel\\framework\\src\\Illuminate\\Pipeline\\Pipeline.php(180): Illuminate\\Foundation\\Http\\Kernel->Illuminate\\Foundation\\Http\\{closure}(Object(Illuminate\\Http\\Request))
#13 C:\\Users\\Miguel\\Desktop\\Applikcation Octobre\\Projet gestion de stock\\backend\\vendor\\laravel\\framework\\src\\Illuminate\\Foundation\\Http\\Middleware\\TransformsRequest.php(21): Illuminate\\Pipeline\\Pipeline->Illuminate\\Pipeline\\{closure}(Object(Illuminate\\Http\\Request))
#14 C:\\Users\\Miguel\\Desktop\\Applikcation Octobre\\Projet gestion de stock\\backend\\vendor\\laravel\\framework\\src\\Illuminate\\Foundation\\Http\\Middleware\\ConvertEmptyStringsToNull.php(31): Illuminate\\Foundation\\Http\\Middleware\\TransformsRequest->handle(Object(Illuminate\\Http\\Request), Object(Closure))
#15 C:\\Users\\Miguel\\Desktop\\Applikcation Octobre\\Projet gestion de stock\\backend\\vendor\\laravel\\framework\\src\\Illuminate\\Pipeline\\Pipeline.php(219): Illuminate\\Foundation\\Http\\Middleware\\ConvertEmptyStringsToNull->handle(Object(Illuminate\\Http\\Request), Object(Closure))
#16 C:\\Users\\Miguel\\Desktop\\Applikcation Octobre\\Projet gestion de stock\\backend\\vendor\\laravel\\framework\\src\\Illuminate\\Foundation\\Http\\Middleware\\TransformsRequest.php(21): Illuminate\\Pipeline\\Pipeline->Illuminate\\Pipeline\\{closure}(Object(Illuminate\\Http\\Request))
#17 C:\\Users\\Miguel\\Desktop\\Applikcation Octobre\\Projet gestion de stock\\backend\\vendor\\laravel\\framework\\src\\Illuminate\\Foundation\\Http\\Middleware\\TrimStrings.php(51): Illuminate\\Foundation\\Http\\Middleware\\TransformsRequest->handle(Object(Illuminate\\Http\\Request), Object(Closure))
#18 C:\\Users\\Miguel\\Desktop\\Applikcation Octobre\\Projet gestion de stock\\backend\\vendor\\laravel\\framework\\src\\Illuminate\\Pipeline\\Pipeline.php(219): Illuminate\\Foundation\\Http\\Middleware\\TrimStrings->handle(Object(Illuminate\\Http\\Request), Object(Closure))
#19 C:\\Users\\Miguel\\Desktop\\Applikcation Octobre\\Projet gestion de stock\\backend\\vendor\\laravel\\framework\\src\\Illuminate\\Http\\Middleware\\ValidatePostSize.php(27): Illuminate\\Pipeline\\Pipeline->Illuminate\\Pipeline\\{closure}(Object(Illuminate\\Http\\Request))
#20 C:\\Users\\Miguel\\Desktop\\Applikcation Octobre\\Projet gestion de stock\\backend\\vendor\\laravel\\framework\\src\\Illuminate\\Pipeline\\Pipeline.php(219): Illuminate\\Http\\Middleware\\ValidatePostSize->handle(Object(Illuminate\\Http\\Request), Object(Closure))
#21 C:\\Users\\Miguel\\Desktop\\Applikcation Octobre\\Projet gestion de stock\\backend\\vendor\\laravel\\framework\\src\\Illuminate\\Http\\Middleware\\HandleCors.php(61): Illuminate\\Pipeline\\Pipeline->Illuminate\\Pipeline\\{closure}(Object(Illuminate\\Http\\Request))
#22 C:\\Users\\Miguel\\Desktop\\Applikcation Octobre\\Projet gestion de stock\\backend\\vendor\\laravel\\framework\\src\\Illuminate\\Pipeline\\Pipeline.php(219): Illuminate\\Http\\Middleware\\HandleCors->handle(Object(Illuminate\\Http\\Request), Object(Closure))
#23 C:\\Users\\Miguel\\Desktop\\Applikcation Octobre\\Projet gestion de stock\\backend\\vendor\\laravel\\framework\\src\\Illuminate\\Http\\Middleware\\TrustProxies.php(58): Illuminate\\Pipeline\\Pipeline->Illuminate\\Pipeline\\{closure}(Object(Illuminate\\Http\\Request))
#24 C:\\Users\\Miguel\\Desktop\\Applikcation Octobre\\Projet gestion de stock\\backend\\vendor\\laravel\\framework\\src\\Illuminate\\Pipeline\\Pipeline.php(219): Illuminate\\Http\\Middleware\\TrustProxies->handle(Object(Illuminate\\Http\\Request), Object(Closure))
#25 C:\\Users\\Miguel\\Desktop\\Applikcation Octobre\\Projet gestion de stock\\backend\\vendor\\laravel\\framework\\src\\Illuminate\\Pipeline\\Pipeline.php(137): Illuminate\\Pipeline\\Pipeline->Illuminate\\Pipeline\\{closure}(Object(Illuminate\\Http\\Request))
#26 C:\\Users\\Miguel\\Desktop\\Applikcation Octobre\\Projet gestion de stock\\backend\\vendor\\laravel\\framework\\src\\Illuminate\\Foundation\\Http\\Kernel.php(175): Illuminate\\Pipeline\\Pipeline->then(Object(Closure))
#27 C:\\Users\\Miguel\\Desktop\\Applikcation Octobre\\Projet gestion de stock\\backend\\vendor\\laravel\\framework\\src\\Illuminate\\Foundation\\Http\\Kernel.php(144): Illuminate\\Foundation\\Http\\Kernel->sendRequestThroughRouter(Object(Illuminate\\Http\\Request))
#28 C:\\Users\\Miguel\\Desktop\\Applikcation Octobre\\Projet gestion de stock\\backend\\public\\index.php(51): Illuminate\\Foundation\\Http\\Kernel->handle(Object(Illuminate\\Http\\Request))
#29 C:\\Users\\Miguel\\Desktop\\Applikcation Octobre\\Projet gestion de stock\\backend\\vendor\\laravel\\framework\\src\\Illuminate\\Foundation\\resources\\server.php(23): require_once('C:\\\\Users\\\\Miguel...')
#30 {main}
"} 
[2025-11-11 15:23:13] local.ERROR: Target class [cors] does not exist. {"exception":"[object] (Illuminate\\Contracts\\Container\\BindingResolutionException(code: 0): Target class [cors] does not exist. at C:\\Users\\Miguel\\Desktop\\Applikcation Octobre\\Projet gestion de stock\\backend\\vendor\\laravel\\framework\\src\\Illuminate\\Container\\Container.php:1163)
[stacktrace]
#0 C:\\Users\\Miguel\\Desktop\\Applikcation Octobre\\Projet gestion de stock\\backend\\vendor\\laravel\\framework\\src\\Illuminate\\Container\\Container.php(972): Illuminate\\Container\\Container->build('cors')
#1 C:\\Users\\Miguel\\Desktop\\Applikcation Octobre\\Projet gestion de stock\\backend\\vendor\\laravel\\framework\\src\\Illuminate\\Foundation\\Application.php(1078): Illuminate\\Container\\Container->resolve('cors', Array, true)
#2 C:\\Users\\Miguel\\Desktop\\Applikcation Octobre\\Projet gestion de stock\\backend\\vendor\\laravel\\framework\\src\\Illuminate\\Container\\Container.php(903): Illuminate\\Foundation\\Application->resolve('cors', Array)
#3 C:\\Users\\Miguel\\Desktop\\Applikcation Octobre\\Projet gestion de stock\\backend\\vendor\\laravel\\framework\\src\\Illuminate\\Foundation\\Application.php(1058): Illuminate\\Container\\Container->make('cors', Array)
#4 C:\\Users\\Miguel\\Desktop\\Applikcation Octobre\\Projet gestion de stock\\backend\\vendor\\laravel\\framework\\src\\Illuminate\\Foundation\\Http\\Kernel.php(257): Illuminate\\Foundation\\Application->make('cors')
#5 C:\\Users\\Miguel\\Desktop\\Applikcation Octobre\\Projet gestion de stock\\backend\\vendor\\laravel\\framework\\src\\Illuminate\\Foundation\\Http\\Kernel.php(215): Illuminate\\Foundation\\Http\\Kernel->terminateMiddleware(Object(Illuminate\\Http\\Request), Object(Illuminate\\Http\\Response))
#6 C:\\Users\\Miguel\\Desktop\\Applikcation Octobre\\Projet gestion de stock\\backend\\public\\index.php(55): Illuminate\\Foundation\\Http\\Kernel->terminate(Object(Illuminate\\Http\\Request), Object(Illuminate\\Http\\Response))
#7 C:\\Users\\Miguel\\Desktop\\Applikcation Octobre\\Projet gestion de stock\\backend\\vendor\\laravel\\framework\\src\\Illuminate\\Foundation\\resources\\server.php(23): require_once('C:\\\\Users\\\\Miguel...')
#8 {main}

[previous exception] [object] (ReflectionException(code: -1): Class \"cors\" does not exist at C:\\Users\\Miguel\\Desktop\\Applikcation Octobre\\Projet gestion de stock\\backend\\vendor\\laravel\\framework\\src\\Illuminate\\Container\\Container.php:1161)
[stacktrace]
#0 C:\\Users\\Miguel\\Desktop\\Applikcation Octobre\\Projet gestion de stock\\backend\\vendor\\laravel\\framework\\src\\Illuminate\\Container\\Container.php(1161): ReflectionClass->__construct('cors')
#1 C:\\Users\\Miguel\\Desktop\\Applikcation Octobre\\Projet gestion de stock\\backend\\vendor\\laravel\\framework\\src\\Illuminate\\Container\\Container.php(972): Illuminate\\Container\\Container->build('cors')
#2 C:\\Users\\Miguel\\Desktop\\Applikcation Octobre\\Projet gestion de stock\\backend\\vendor\\laravel\\framework\\src\\Illuminate\\Foundation\\Application.php(1078): Illuminate\\Container\\Container->resolve('cors', Array, true)
#3 C:\\Users\\Miguel\\Desktop\\Applikcation Octobre\\Projet gestion de stock\\backend\\vendor\\laravel\\framework\\src\\Illuminate\\Container\\Container.php(903): Illuminate\\Foundation\\Application->resolve('cors', Array)
#4 C:\\Users\\Miguel\\Desktop\\Applikcation Octobre\\Projet gestion de stock\\backend\\vendor\\laravel\\framework\\src\\Illuminate\\Foundation\\Application.php(1058): Illuminate\\Container\\Container->make('cors', Array)
#5 C:\\Users\\Miguel\\Desktop\\Applikcation Octobre\\Projet gestion de stock\\backend\\vendor\\laravel\\framework\\src\\Illuminate\\Foundation\\Http\\Kernel.php(257): Illuminate\\Foundation\\Application->make('cors')
#6 C:\\Users\\Miguel\\Desktop\\Applikcation Octobre\\Projet gestion de stock\\backend\\vendor\\laravel\\framework\\src\\Illuminate\\Foundation\\Http\\Kernel.php(215): Illuminate\\Foundation\\Http\\Kernel->terminateMiddleware(Object(Illuminate\\Http\\Request), Object(Illuminate\\Http\\Response))
#7 C:\\Users\\Miguel\\Desktop\\Applikcation Octobre\\Projet gestion de stock\\backend\\public\\index.php(55): Illuminate\\Foundation\\Http\\Kernel->terminate(Object(Illuminate\\Http\\Request), Object(Illuminate\\Http\\Response))
#8 C:\\Users\\Miguel\\Desktop\\Applikcation Octobre\\Projet gestion de stock\\backend\\vendor\\laravel\\framework\\src\\Illuminate\\Foundation\\resources\\server.php(23): require_once('C:\\\\Users\\\\Miguel...')
#9 {main}
"} 
[2025-11-11 15:23:56] local.ERROR: Target class [cors] does not exist. {"exception":"[object] (Illuminate\\Contracts\\Container\\BindingResolutionException(code: 0): Target class [cors] does not exist. at C:\\Users\\Miguel\\Desktop\\Applikcation Octobre\\Projet gestion de stock\\backend\\vendor\\laravel\\framework\\src\\Illuminate\\Container\\Container.php:1163)
[stacktrace]
#0 C:\\Users\\Miguel\\Desktop\\Applikcation Octobre\\Projet gestion de stock\\backend\\vendor\\laravel\\framework\\src\\Illuminate\\Container\\Container.php(972): Illuminate\\Container\\Container->build('cors')
#1 C:\\Users\\Miguel\\Desktop\\Applikcation Octobre\\Projet gestion de stock\\backend\\vendor\\laravel\\framework\\src\\Illuminate\\Foundation\\Application.php(1078): Illuminate\\Container\\Container->resolve('cors', Array, true)
#2 C:\\Users\\Miguel\\Desktop\\Applikcation Octobre\\Projet gestion de stock\\backend\\vendor\\laravel\\framework\\src\\Illuminate\\Container\\Container.php(903): Illuminate\\Foundation\\Application->resolve('cors', Array)
#3 C:\\Users\\Miguel\\Desktop\\Applikcation Octobre\\Projet gestion de stock\\backend\\vendor\\laravel\\framework\\src\\Illuminate\\Foundation\\Application.php(1058): Illuminate\\Container\\Container->make('cors', Array)
#4 C:\\Users\\Miguel\\Desktop\\Applikcation Octobre\\Projet gestion de stock\\backend\\vendor\\laravel\\framework\\src\\Illuminate\\Pipeline\\Pipeline.php(208): Illuminate\\Foundation\\Application->make('cors')
#5 C:\\Users\\Miguel\\Desktop\\Applikcation Octobre\\Projet gestion de stock\\backend\\vendor\\laravel\\framework\\src\\Illuminate\\Pipeline\\Pipeline.php(137): Illuminate\\Pipeline\\Pipeline->Illuminate\\Pipeline\\{closure}(Object(Illuminate\\Http\\Request))
#6 C:\\Users\\Miguel\\Desktop\\Applikcation Octobre\\Projet gestion de stock\\backend\\vendor\\laravel\\framework\\src\\Illuminate\\Routing\\Router.php(821): Illuminate\\Pipeline\\Pipeline->then(Object(Closure))
#7 C:\\Users\\Miguel\\Desktop\\Applikcation Octobre\\Projet gestion de stock\\backend\\vendor\\laravel\\framework\\src\\Illuminate\\Routing\\Router.php(800): Illuminate\\Routing\\Router->runRouteWithinStack(Object(Illuminate\\Routing\\Route), Object(Illuminate\\Http\\Request))
#8 C:\\Users\\Miguel\\Desktop\\Applikcation Octobre\\Projet gestion de stock\\backend\\vendor\\laravel\\framework\\src\\Illuminate\\Routing\\Router.php(764): Illuminate\\Routing\\Router->runRoute(Object(Illuminate\\Http\\Request), Object(Illuminate\\Routing\\Route))
#9 C:\\Users\\Miguel\\Desktop\\Applikcation Octobre\\Projet gestion de stock\\backend\\vendor\\laravel\\framework\\src\\Illuminate\\Routing\\Router.php(753): Illuminate\\Routing\\Router->dispatchToRoute(Object(Illuminate\\Http\\Request))
#10 C:\\Users\\Miguel\\Desktop\\Applikcation Octobre\\Projet gestion de stock\\backend\\vendor\\laravel\\framework\\src\\Illuminate\\Foundation\\Http\\Kernel.php(200): Illuminate\\Routing\\Router->dispatch(Object(Illuminate\\Http\\Request))
#11 C:\\Users\\Miguel\\Desktop\\Applikcation Octobre\\Projet gestion de stock\\backend\\vendor\\laravel\\framework\\src\\Illuminate\\Pipeline\\Pipeline.php(180): Illuminate\\Foundation\\Http\\Kernel->Illuminate\\Foundation\\Http\\{closure}(Object(Illuminate\\Http\\Request))
#12 C:\\Users\\Miguel\\Desktop\\Applikcation Octobre\\Projet gestion de stock\\backend\\vendor\\laravel\\framework\\src\\Illuminate\\Foundation\\Http\\Middleware\\TransformsRequest.php(21): Illuminate\\Pipeline\\Pipeline->Illuminate\\Pipeline\\{closure}(Object(Illuminate\\Http\\Request))
#13 C:\\Users\\Miguel\\Desktop\\Applikcation Octobre\\Projet gestion de stock\\backend\\vendor\\laravel\\framework\\src\\Illuminate\\Foundation\\Http\\Middleware\\ConvertEmptyStringsToNull.php(31): Illuminate\\Foundation\\Http\\Middleware\\TransformsRequest->handle(Object(Illuminate\\Http\\Request), Object(Closure))
#14 C:\\Users\\Miguel\\Desktop\\Applikcation Octobre\\Projet gestion de stock\\backend\\vendor\\laravel\\framework\\src\\Illuminate\\Pipeline\\Pipeline.php(219): Illuminate\\Foundation\\Http\\Middleware\\ConvertEmptyStringsToNull->handle(Object(Illuminate\\Http\\Request), Object(Closure))
#15 C:\\Users\\Miguel\\Desktop\\Applikcation Octobre\\Projet gestion de stock\\backend\\vendor\\laravel\\framework\\src\\Illuminate\\Foundation\\Http\\Middleware\\TransformsRequest.php(21): Illuminate\\Pipeline\\Pipeline->Illuminate\\Pipeline\\{closure}(Object(Illuminate\\Http\\Request))
#16 C:\\Users\\Miguel\\Desktop\\Applikcation Octobre\\Projet gestion de stock\\backend\\vendor\\laravel\\framework\\src\\Illuminate\\Foundation\\Http\\Middleware\\TrimStrings.php(51): Illuminate\\Foundation\\Http\\Middleware\\TransformsRequest->handle(Object(Illuminate\\Http\\Request), Object(Closure))
#17 C:\\Users\\Miguel\\Desktop\\Applikcation Octobre\\Projet gestion de stock\\backend\\vendor\\laravel\\framework\\src\\Illuminate\\Pipeline\\Pipeline.php(219): Illuminate\\Foundation\\Http\\Middleware\\TrimStrings->handle(Object(Illuminate\\Http\\Request), Object(Closure))
#18 C:\\Users\\Miguel\\Desktop\\Applikcation Octobre\\Projet gestion de stock\\backend\\vendor\\laravel\\framework\\src\\Illuminate\\Http\\Middleware\\ValidatePostSize.php(27): Illuminate\\Pipeline\\Pipeline->Illuminate\\Pipeline\\{closure}(Object(Illuminate\\Http\\Request))
#19 C:\\Users\\Miguel\\Desktop\\Applikcation Octobre\\Projet gestion de stock\\backend\\vendor\\laravel\\framework\\src\\Illuminate\\Pipeline\\Pipeline.php(219): Illuminate\\Http\\Middleware\\ValidatePostSize->handle(Object(Illuminate\\Http\\Request), Object(Closure))
#20 C:\\Users\\Miguel\\Desktop\\Applikcation Octobre\\Projet gestion de stock\\backend\\vendor\\laravel\\framework\\src\\Illuminate\\Http\\Middleware\\HandleCors.php(61): Illuminate\\Pipeline\\Pipeline->Illuminate\\Pipeline\\{closure}(Object(Illuminate\\Http\\Request))
#21 C:\\Users\\Miguel\\Desktop\\Applikcation Octobre\\Projet gestion de stock\\backend\\vendor\\laravel\\framework\\src\\Illuminate\\Pipeline\\Pipeline.php(219): Illuminate\\Http\\Middleware\\HandleCors->handle(Object(Illuminate\\Http\\Request), Object(Closure))
#22 C:\\Users\\Miguel\\Desktop\\Applikcation Octobre\\Projet gestion de stock\\backend\\vendor\\laravel\\framework\\src\\Illuminate\\Http\\Middleware\\TrustProxies.php(58): Illuminate\\Pipeline\\Pipeline->Illuminate\\Pipeline\\{closure}(Object(Illuminate\\Http\\Request))
#23 C:\\Users\\Miguel\\Desktop\\Applikcation Octobre\\Projet gestion de stock\\backend\\vendor\\laravel\\framework\\src\\Illuminate\\Pipeline\\Pipeline.php(219): Illuminate\\Http\\Middleware\\TrustProxies->handle(Object(Illuminate\\Http\\Request), Object(Closure))
#24 C:\\Users\\Miguel\\Desktop\\Applikcation Octobre\\Projet gestion de stock\\backend\\vendor\\laravel\\framework\\src\\Illuminate\\Pipeline\\Pipeline.php(137): Illuminate\\Pipeline\\Pipeline->Illuminate\\Pipeline\\{closure}(Object(Illuminate\\Http\\Request))
#25 C:\\Users\\Miguel\\Desktop\\Applikcation Octobre\\Projet gestion de stock\\backend\\vendor\\laravel\\framework\\src\\Illuminate\\Foundation\\Http\\Kernel.php(175): Illuminate\\Pipeline\\Pipeline->then(Object(Closure))
#26 C:\\Users\\Miguel\\Desktop\\Applikcation Octobre\\Projet gestion de stock\\backend\\vendor\\laravel\\framework\\src\\Illuminate\\Foundation\\Http\\Kernel.php(144): Illuminate\\Foundation\\Http\\Kernel->sendRequestThroughRouter(Object(Illuminate\\Http\\Request))
#27 C:\\Users\\Miguel\\Desktop\\Applikcation Octobre\\Projet gestion de stock\\backend\\public\\index.php(51): Illuminate\\Foundation\\Http\\Kernel->handle(Object(Illuminate\\Http\\Request))
#28 C:\\Users\\Miguel\\Desktop\\Applikcation Octobre\\Projet gestion de stock\\backend\\vendor\\laravel\\framework\\src\\Illuminate\\Foundation\\resources\\server.php(23): require_once('C:\\\\Users\\\\Miguel...')
#29 {main}

[previous exception] [object] (ReflectionException(code: -1): Class \"cors\" does not exist at C:\\Users\\Miguel\\Desktop\\Applikcation Octobre\\Projet gestion de stock\\backend\\vendor\\laravel\\framework\\src\\Illuminate\\Container\\Container.php:1161)
[stacktrace]
#0 C:\\Users\\Miguel\\Desktop\\Applikcation Octobre\\Projet gestion de stock\\backend\\vendor\\laravel\\framework\\src\\Illuminate\\Container\\Container.php(1161): ReflectionClass->__construct('cors')
#1 C:\\Users\\Miguel\\Desktop\\Applikcation Octobre\\Projet gestion de stock\\backend\\vendor\\laravel\\framework\\src\\Illuminate\\Container\\Container.php(972): Illuminate\\Container\\Container->build('cors')
#2 C:\\Users\\Miguel\\Desktop\\Applikcation Octobre\\Projet gestion de stock\\backend\\vendor\\laravel\\framework\\src\\Illuminate\\Foundation\\Application.php(1078): Illuminate\\Container\\Container->resolve('cors', Array, true)
#3 C:\\Users\\Miguel\\Desktop\\Applikcation Octobre\\Projet gestion de stock\\backend\\vendor\\laravel\\framework\\src\\Illuminate\\Container\\Container.php(903): Illuminate\\Foundation\\Application->resolve('cors', Array)
#4 C:\\Users\\Miguel\\Desktop\\Applikcation Octobre\\Projet gestion de stock\\backend\\vendor\\laravel\\framework\\src\\Illuminate\\Foundation\\Application.php(1058): Illuminate\\Container\\Container->make('cors', Array)
#5 C:\\Users\\Miguel\\Desktop\\Applikcation Octobre\\Projet gestion de stock\\backend\\vendor\\laravel\\framework\\src\\Illuminate\\Pipeline\\Pipeline.php(208): Illuminate\\Foundation\\Application->make('cors')
#6 C:\\Users\\Miguel\\Desktop\\Applikcation Octobre\\Projet gestion de stock\\backend\\vendor\\laravel\\framework\\src\\Illuminate\\Pipeline\\Pipeline.php(137): Illuminate\\Pipeline\\Pipeline->Illuminate\\Pipeline\\{closure}(Object(Illuminate\\Http\\Request))
#7 C:\\Users\\Miguel\\Desktop\\Applikcation Octobre\\Projet gestion de stock\\backend\\vendor\\laravel\\framework\\src\\Illuminate\\Routing\\Router.php(821): Illuminate\\Pipeline\\Pipeline->then(Object(Closure))
#8 C:\\Users\\Miguel\\Desktop\\Applikcation Octobre\\Projet gestion de stock\\backend\\vendor\\laravel\\framework\\src\\Illuminate\\Routing\\Router.php(800): Illuminate\\Routing\\Router->runRouteWithinStack(Object(Illuminate\\Routing\\Route), Object(Illuminate\\Http\\Request))
#9 C:\\Users\\Miguel\\Desktop\\Applikcation Octobre\\Projet gestion de stock\\backend\\vendor\\laravel\\framework\\src\\Illuminate\\Routing\\Router.php(764): Illuminate\\Routing\\Router->runRoute(Object(Illuminate\\Http\\Request), Object(Illuminate\\Routing\\Route))
#10 C:\\Users\\Miguel\\Desktop\\Applikcation Octobre\\Projet gestion de stock\\backend\\vendor\\laravel\\framework\\src\\Illuminate\\Routing\\Router.php(753): Illuminate\\Routing\\Router->dispatchToRoute(Object(Illuminate\\Http\\Request))
#11 C:\\Users\\Miguel\\Desktop\\Applikcation Octobre\\Projet gestion de stock\\backend\\vendor\\laravel\\framework\\src\\Illuminate\\Foundation\\Http\\Kernel.php(200): Illuminate\\Routing\\Router->dispatch(Object(Illuminate\\Http\\Request))
#12 C:\\Users\\Miguel\\Desktop\\Applikcation Octobre\\Projet gestion de stock\\backend\\vendor\\laravel\\framework\\src\\Illuminate\\Pipeline\\Pipeline.php(180): Illuminate\\Foundation\\Http\\Kernel->Illuminate\\Foundation\\Http\\{closure}(Object(Illuminate\\Http\\Request))
#13 C:\\Users\\Miguel\\Desktop\\Applikcation Octobre\\Projet gestion de stock\\backend\\vendor\\laravel\\framework\\src\\Illuminate\\Foundation\\Http\\Middleware\\TransformsRequest.php(21): Illuminate\\Pipeline\\Pipeline->Illuminate\\Pipeline\\{closure}(Object(Illuminate\\Http\\Request))
#14 C:\\Users\\Miguel\\Desktop\\Applikcation Octobre\\Projet gestion de stock\\backend\\vendor\\laravel\\framework\\src\\Illuminate\\Foundation\\Http\\Middleware\\ConvertEmptyStringsToNull.php(31): Illuminate\\Foundation\\Http\\Middleware\\TransformsRequest->handle(Object(Illuminate\\Http\\Request), Object(Closure))
#15 C:\\Users\\Miguel\\Desktop\\Applikcation Octobre\\Projet gestion de stock\\backend\\vendor\\laravel\\framework\\src\\Illuminate\\Pipeline\\Pipeline.php(219): Illuminate\\Foundation\\Http\\Middleware\\ConvertEmptyStringsToNull->handle(Object(Illuminate\\Http\\Request), Object(Closure))
#16 C:\\Users\\Miguel\\Desktop\\Applikcation Octobre\\Projet gestion de stock\\backend\\vendor\\laravel\\framework\\src\\Illuminate\\Foundation\\Http\\Middleware\\TransformsRequest.php(21): Illuminate\\Pipeline\\Pipeline->Illuminate\\Pipeline\\{closure}(Object(Illuminate\\Http\\Request))
#17 C:\\Users\\Miguel\\Desktop\\Applikcation Octobre\\Projet gestion de stock\\backend\\vendor\\laravel\\framework\\src\\Illuminate\\Foundation\\Http\\Middleware\\TrimStrings.php(51): Illuminate\\Foundation\\Http\\Middleware\\TransformsRequest->handle(Object(Illuminate\\Http\\Request), Object(Closure))
#18 C:\\Users\\Miguel\\Desktop\\Applikcation Octobre\\Projet gestion de stock\\backend\\vendor\\laravel\\framework\\src\\Illuminate\\Pipeline\\Pipeline.php(219): Illuminate\\Foundation\\Http\\Middleware\\TrimStrings->handle(Object(Illuminate\\Http\\Request), Object(Closure))
#19 C:\\Users\\Miguel\\Desktop\\Applikcation Octobre\\Projet gestion de stock\\backend\\vendor\\laravel\\framework\\src\\Illuminate\\Http\\Middleware\\ValidatePostSize.php(27): Illuminate\\Pipeline\\Pipeline->Illuminate\\Pipeline\\{closure}(Object(Illuminate\\Http\\Request))
#20 C:\\Users\\Miguel\\Desktop\\Applikcation Octobre\\Projet gestion de stock\\backend\\vendor\\laravel\\framework\\src\\Illuminate\\Pipeline\\Pipeline.php(219): Illuminate\\Http\\Middleware\\ValidatePostSize->handle(Object(Illuminate\\Http\\Request), Object(Closure))
#21 C:\\Users\\Miguel\\Desktop\\Applikcation Octobre\\Projet gestion de stock\\backend\\vendor\\laravel\\framework\\src\\Illuminate\\Http\\Middleware\\HandleCors.php(61): Illuminate\\Pipeline\\Pipeline->Illuminate\\Pipeline\\{closure}(Object(Illuminate\\Http\\Request))
#22 C:\\Users\\Miguel\\Desktop\\Applikcation Octobre\\Projet gestion de stock\\backend\\vendor\\laravel\\framework\\src\\Illuminate\\Pipeline\\Pipeline.php(219): Illuminate\\Http\\Middleware\\HandleCors->handle(Object(Illuminate\\Http\\Request), Object(Closure))
#23 C:\\Users\\Miguel\\Desktop\\Applikcation Octobre\\Projet gestion de stock\\backend\\vendor\\laravel\\framework\\src\\Illuminate\\Http\\Middleware\\TrustProxies.php(58): Illuminate\\Pipeline\\Pipeline->Illuminate\\Pipeline\\{closure}(Object(Illuminate\\Http\\Request))
#24 C:\\Users\\Miguel\\Desktop\\Applikcation Octobre\\Projet gestion de stock\\backend\\vendor\\laravel\\framework\\src\\Illuminate\\Pipeline\\Pipeline.php(219): Illuminate\\Http\\Middleware\\TrustProxies->handle(Object(Illuminate\\Http\\Request), Object(Closure))
#25 C:\\Users\\Miguel\\Desktop\\Applikcation Octobre\\Projet gestion de stock\\backend\\vendor\\laravel\\framework\\src\\Illuminate\\Pipeline\\Pipeline.php(137): Illuminate\\Pipeline\\Pipeline->Illuminate\\Pipeline\\{closure}(Object(Illuminate\\Http\\Request))
#26 C:\\Users\\Miguel\\Desktop\\Applikcation Octobre\\Projet gestion de stock\\backend\\vendor\\laravel\\framework\\src\\Illuminate\\Foundation\\Http\\Kernel.php(175): Illuminate\\Pipeline\\Pipeline->then(Object(Closure))
#27 C:\\Users\\Miguel\\Desktop\\Applikcation Octobre\\Projet gestion de stock\\backend\\vendor\\laravel\\framework\\src\\Illuminate\\Foundation\\Http\\Kernel.php(144): Illuminate\\Foundation\\Http\\Kernel->sendRequestThroughRouter(Object(Illuminate\\Http\\Request))
#28 C:\\Users\\Miguel\\Desktop\\Applikcation Octobre\\Projet gestion de stock\\backend\\public\\index.php(51): Illuminate\\Foundation\\Http\\Kernel->handle(Object(Illuminate\\Http\\Request))
#29 C:\\Users\\Miguel\\Desktop\\Applikcation Octobre\\Projet gestion de stock\\backend\\vendor\\laravel\\framework\\src\\Illuminate\\Foundation\\resources\\server.php(23): require_once('C:\\\\Users\\\\Miguel...')
#30 {main}
"} 
[2025-11-11 15:23:56] local.ERROR: Target class [cors] does not exist. {"exception":"[object] (Illuminate\\Contracts\\Container\\BindingResolutionException(code: 0): Target class [cors] does not exist. at C:\\Users\\Miguel\\Desktop\\Applikcation Octobre\\Projet gestion de stock\\backend\\vendor\\laravel\\framework\\src\\Illuminate\\Container\\Container.php:1163)
[stacktrace]
#0 C:\\Users\\Miguel\\Desktop\\Applikcation Octobre\\Projet gestion de stock\\backend\\vendor\\laravel\\framework\\src\\Illuminate\\Container\\Container.php(972): Illuminate\\Container\\Container->build('cors')
#1 C:\\Users\\Miguel\\Desktop\\Applikcation Octobre\\Projet gestion de stock\\backend\\vendor\\laravel\\framework\\src\\Illuminate\\Foundation\\Application.php(1078): Illuminate\\Container\\Container->resolve('cors', Array, true)
#2 C:\\Users\\Miguel\\Desktop\\Applikcation Octobre\\Projet gestion de stock\\backend\\vendor\\laravel\\framework\\src\\Illuminate\\Container\\Container.php(903): Illuminate\\Foundation\\Application->resolve('cors', Array)
#3 C:\\Users\\Miguel\\Desktop\\Applikcation Octobre\\Projet gestion de stock\\backend\\vendor\\laravel\\framework\\src\\Illuminate\\Foundation\\Application.php(1058): Illuminate\\Container\\Container->make('cors', Array)
#4 C:\\Users\\Miguel\\Desktop\\Applikcation Octobre\\Projet gestion de stock\\backend\\vendor\\laravel\\framework\\src\\Illuminate\\Foundation\\Http\\Kernel.php(257): Illuminate\\Foundation\\Application->make('cors')
#5 C:\\Users\\Miguel\\Desktop\\Applikcation Octobre\\Projet gestion de stock\\backend\\vendor\\laravel\\framework\\src\\Illuminate\\Foundation\\Http\\Kernel.php(215): Illuminate\\Foundation\\Http\\Kernel->terminateMiddleware(Object(Illuminate\\Http\\Request), Object(Illuminate\\Http\\JsonResponse))
#6 C:\\Users\\Miguel\\Desktop\\Applikcation Octobre\\Projet gestion de stock\\backend\\public\\index.php(55): Illuminate\\Foundation\\Http\\Kernel->terminate(Object(Illuminate\\Http\\Request), Object(Illuminate\\Http\\JsonResponse))
#7 C:\\Users\\Miguel\\Desktop\\Applikcation Octobre\\Projet gestion de stock\\backend\\vendor\\laravel\\framework\\src\\Illuminate\\Foundation\\resources\\server.php(23): require_once('C:\\\\Users\\\\Miguel...')
#8 {main}

[previous exception] [object] (ReflectionException(code: -1): Class \"cors\" does not exist at C:\\Users\\Miguel\\Desktop\\Applikcation Octobre\\Projet gestion de stock\\backend\\vendor\\laravel\\framework\\src\\Illuminate\\Container\\Container.php:1161)
[stacktrace]
#0 C:\\Users\\Miguel\\Desktop\\Applikcation Octobre\\Projet gestion de stock\\backend\\vendor\\laravel\\framework\\src\\Illuminate\\Container\\Container.php(1161): ReflectionClass->__construct('cors')
#1 C:\\Users\\Miguel\\Desktop\\Applikcation Octobre\\Projet gestion de stock\\backend\\vendor\\laravel\\framework\\src\\Illuminate\\Container\\Container.php(972): Illuminate\\Container\\Container->build('cors')
#2 C:\\Users\\Miguel\\Desktop\\Applikcation Octobre\\Projet gestion de stock\\backend\\vendor\\laravel\\framework\\src\\Illuminate\\Foundation\\Application.php(1078): Illuminate\\Container\\Container->resolve('cors', Array, true)
#3 C:\\Users\\Miguel\\Desktop\\Applikcation Octobre\\Projet gestion de stock\\backend\\vendor\\laravel\\framework\\src\\Illuminate\\Container\\Container.php(903): Illuminate\\Foundation\\Application->resolve('cors', Array)
#4 C:\\Users\\Miguel\\Desktop\\Applikcation Octobre\\Projet gestion de stock\\backend\\vendor\\laravel\\framework\\src\\Illuminate\\Foundation\\Application.php(1058): Illuminate\\Container\\Container->make('cors', Array)
#5 C:\\Users\\Miguel\\Desktop\\Applikcation Octobre\\Projet gestion de stock\\backend\\vendor\\laravel\\framework\\src\\Illuminate\\Foundation\\Http\\Kernel.php(257): Illuminate\\Foundation\\Application->make('cors')
#6 C:\\Users\\Miguel\\Desktop\\Applikcation Octobre\\Projet gestion de stock\\backend\\vendor\\laravel\\framework\\src\\Illuminate\\Foundation\\Http\\Kernel.php(215): Illuminate\\Foundation\\Http\\Kernel->terminateMiddleware(Object(Illuminate\\Http\\Request), Object(Illuminate\\Http\\JsonResponse))
#7 C:\\Users\\Miguel\\Desktop\\Applikcation Octobre\\Projet gestion de stock\\backend\\public\\index.php(55): Illuminate\\Foundation\\Http\\Kernel->terminate(Object(Illuminate\\Http\\Request), Object(Illuminate\\Http\\JsonResponse))
#8 C:\\Users\\Miguel\\Desktop\\Applikcation Octobre\\Projet gestion de stock\\backend\\vendor\\laravel\\framework\\src\\Illuminate\\Foundation\\resources\\server.php(23): require_once('C:\\\\Users\\\\Miguel...')
#9 {main}
"} 
[2025-11-11 15:25:08] local.ERROR: Target class [cors] does not exist. {"exception":"[object] (Illuminate\\Contracts\\Container\\BindingResolutionException(code: 0): Target class [cors] does not exist. at C:\\Users\\Miguel\\Desktop\\Applikcation Octobre\\Projet gestion de stock\\backend\\vendor\\laravel\\framework\\src\\Illuminate\\Container\\Container.php:1163)
[stacktrace]
#0 C:\\Users\\Miguel\\Desktop\\Applikcation Octobre\\Projet gestion de stock\\backend\\vendor\\laravel\\framework\\src\\Illuminate\\Container\\Container.php(972): Illuminate\\Container\\Container->build('cors')
#1 C:\\Users\\Miguel\\Desktop\\Applikcation Octobre\\Projet gestion de stock\\backend\\vendor\\laravel\\framework\\src\\Illuminate\\Foundation\\Application.php(1078): Illuminate\\Container\\Container->resolve('cors', Array, true)
#2 C:\\Users\\Miguel\\Desktop\\Applikcation Octobre\\Projet gestion de stock\\backend\\vendor\\laravel\\framework\\src\\Illuminate\\Container\\Container.php(903): Illuminate\\Foundation\\Application->resolve('cors', Array)
#3 C:\\Users\\Miguel\\Desktop\\Applikcation Octobre\\Projet gestion de stock\\backend\\vendor\\laravel\\framework\\src\\Illuminate\\Foundation\\Application.php(1058): Illuminate\\Container\\Container->make('cors', Array)
#4 C:\\Users\\Miguel\\Desktop\\Applikcation Octobre\\Projet gestion de stock\\backend\\vendor\\laravel\\framework\\src\\Illuminate\\Pipeline\\Pipeline.php(208): Illuminate\\Foundation\\Application->make('cors')
#5 C:\\Users\\Miguel\\Desktop\\Applikcation Octobre\\Projet gestion de stock\\backend\\vendor\\laravel\\framework\\src\\Illuminate\\Pipeline\\Pipeline.php(137): Illuminate\\Pipeline\\Pipeline->Illuminate\\Pipeline\\{closure}(Object(Illuminate\\Http\\Request))
#6 C:\\Users\\Miguel\\Desktop\\Applikcation Octobre\\Projet gestion de stock\\backend\\vendor\\laravel\\framework\\src\\Illuminate\\Routing\\Router.php(821): Illuminate\\Pipeline\\Pipeline->then(Object(Closure))
#7 C:\\Users\\Miguel\\Desktop\\Applikcation Octobre\\Projet gestion de stock\\backend\\vendor\\laravel\\framework\\src\\Illuminate\\Routing\\Router.php(800): Illuminate\\Routing\\Router->runRouteWithinStack(Object(Illuminate\\Routing\\Route), Object(Illuminate\\Http\\Request))
#8 C:\\Users\\Miguel\\Desktop\\Applikcation Octobre\\Projet gestion de stock\\backend\\vendor\\laravel\\framework\\src\\Illuminate\\Routing\\Router.php(764): Illuminate\\Routing\\Router->runRoute(Object(Illuminate\\Http\\Request), Object(Illuminate\\Routing\\Route))
#9 C:\\Users\\Miguel\\Desktop\\Applikcation Octobre\\Projet gestion de stock\\backend\\vendor\\laravel\\framework\\src\\Illuminate\\Routing\\Router.php(753): Illuminate\\Routing\\Router->dispatchToRoute(Object(Illuminate\\Http\\Request))
#10 C:\\Users\\Miguel\\Desktop\\Applikcation Octobre\\Projet gestion de stock\\backend\\vendor\\laravel\\framework\\src\\Illuminate\\Foundation\\Http\\Kernel.php(200): Illuminate\\Routing\\Router->dispatch(Object(Illuminate\\Http\\Request))
#11 C:\\Users\\Miguel\\Desktop\\Applikcation Octobre\\Projet gestion de stock\\backend\\vendor\\laravel\\framework\\src\\Illuminate\\Pipeline\\Pipeline.php(180): Illuminate\\Foundation\\Http\\Kernel->Illuminate\\Foundation\\Http\\{closure}(Object(Illuminate\\Http\\Request))
#12 C:\\Users\\Miguel\\Desktop\\Applikcation Octobre\\Projet gestion de stock\\backend\\vendor\\laravel\\framework\\src\\Illuminate\\Foundation\\Http\\Middleware\\TransformsRequest.php(21): Illuminate\\Pipeline\\Pipeline->Illuminate\\Pipeline\\{closure}(Object(Illuminate\\Http\\Request))
#13 C:\\Users\\Miguel\\Desktop\\Applikcation Octobre\\Projet gestion de stock\\backend\\vendor\\laravel\\framework\\src\\Illuminate\\Foundation\\Http\\Middleware\\ConvertEmptyStringsToNull.php(31): Illuminate\\Foundation\\Http\\Middleware\\TransformsRequest->handle(Object(Illuminate\\Http\\Request), Object(Closure))
#14 C:\\Users\\Miguel\\Desktop\\Applikcation Octobre\\Projet gestion de stock\\backend\\vendor\\laravel\\framework\\src\\Illuminate\\Pipeline\\Pipeline.php(219): Illuminate\\Foundation\\Http\\Middleware\\ConvertEmptyStringsToNull->handle(Object(Illuminate\\Http\\Request), Object(Closure))
#15 C:\\Users\\Miguel\\Desktop\\Applikcation Octobre\\Projet gestion de stock\\backend\\vendor\\laravel\\framework\\src\\Illuminate\\Foundation\\Http\\Middleware\\TransformsRequest.php(21): Illuminate\\Pipeline\\Pipeline->Illuminate\\Pipeline\\{closure}(Object(Illuminate\\Http\\Request))
#16 C:\\Users\\Miguel\\Desktop\\Applikcation Octobre\\Projet gestion de stock\\backend\\vendor\\laravel\\framework\\src\\Illuminate\\Foundation\\Http\\Middleware\\TrimStrings.php(51): Illuminate\\Foundation\\Http\\Middleware\\TransformsRequest->handle(Object(Illuminate\\Http\\Request), Object(Closure))
#17 C:\\Users\\Miguel\\Desktop\\Applikcation Octobre\\Projet gestion de stock\\backend\\vendor\\laravel\\framework\\src\\Illuminate\\Pipeline\\Pipeline.php(219): Illuminate\\Foundation\\Http\\Middleware\\TrimStrings->handle(Object(Illuminate\\Http\\Request), Object(Closure))
#18 C:\\Users\\Miguel\\Desktop\\Applikcation Octobre\\Projet gestion de stock\\backend\\vendor\\laravel\\framework\\src\\Illuminate\\Http\\Middleware\\ValidatePostSize.php(27): Illuminate\\Pipeline\\Pipeline->Illuminate\\Pipeline\\{closure}(Object(Illuminate\\Http\\Request))
#19 C:\\Users\\Miguel\\Desktop\\Applikcation Octobre\\Projet gestion de stock\\backend\\vendor\\laravel\\framework\\src\\Illuminate\\Pipeline\\Pipeline.php(219): Illuminate\\Http\\Middleware\\ValidatePostSize->handle(Object(Illuminate\\Http\\Request), Object(Closure))
#20 C:\\Users\\Miguel\\Desktop\\Applikcation Octobre\\Projet gestion de stock\\backend\\vendor\\laravel\\framework\\src\\Illuminate\\Http\\Middleware\\HandleCors.php(61): Illuminate\\Pipeline\\Pipeline->Illuminate\\Pipeline\\{closure}(Object(Illuminate\\Http\\Request))
#21 C:\\Users\\Miguel\\Desktop\\Applikcation Octobre\\Projet gestion de stock\\backend\\vendor\\laravel\\framework\\src\\Illuminate\\Pipeline\\Pipeline.php(219): Illuminate\\Http\\Middleware\\HandleCors->handle(Object(Illuminate\\Http\\Request), Object(Closure))
#22 C:\\Users\\Miguel\\Desktop\\Applikcation Octobre\\Projet gestion de stock\\backend\\vendor\\laravel\\framework\\src\\Illuminate\\Http\\Middleware\\TrustProxies.php(58): Illuminate\\Pipeline\\Pipeline->Illuminate\\Pipeline\\{closure}(Object(Illuminate\\Http\\Request))
#23 C:\\Users\\Miguel\\Desktop\\Applikcation Octobre\\Projet gestion de stock\\backend\\vendor\\laravel\\framework\\src\\Illuminate\\Pipeline\\Pipeline.php(219): Illuminate\\Http\\Middleware\\TrustProxies->handle(Object(Illuminate\\Http\\Request), Object(Closure))
#24 C:\\Users\\Miguel\\Desktop\\Applikcation Octobre\\Projet gestion de stock\\backend\\vendor\\laravel\\framework\\src\\Illuminate\\Pipeline\\Pipeline.php(137): Illuminate\\Pipeline\\Pipeline->Illuminate\\Pipeline\\{closure}(Object(Illuminate\\Http\\Request))
#25 C:\\Users\\Miguel\\Desktop\\Applikcation Octobre\\Projet gestion de stock\\backend\\vendor\\laravel\\framework\\src\\Illuminate\\Foundation\\Http\\Kernel.php(175): Illuminate\\Pipeline\\Pipeline->then(Object(Closure))
#26 C:\\Users\\Miguel\\Desktop\\Applikcation Octobre\\Projet gestion de stock\\backend\\vendor\\laravel\\framework\\src\\Illuminate\\Foundation\\Http\\Kernel.php(144): Illuminate\\Foundation\\Http\\Kernel->sendRequestThroughRouter(Object(Illuminate\\Http\\Request))
#27 C:\\Users\\Miguel\\Desktop\\Applikcation Octobre\\Projet gestion de stock\\backend\\public\\index.php(51): Illuminate\\Foundation\\Http\\Kernel->handle(Object(Illuminate\\Http\\Request))
#28 C:\\Users\\Miguel\\Desktop\\Applikcation Octobre\\Projet gestion de stock\\backend\\vendor\\laravel\\framework\\src\\Illuminate\\Foundation\\resources\\server.php(23): require_once('C:\\\\Users\\\\Miguel...')
#29 {main}

[previous exception] [object] (ReflectionException(code: -1): Class \"cors\" does not exist at C:\\Users\\Miguel\\Desktop\\Applikcation Octobre\\Projet gestion de stock\\backend\\vendor\\laravel\\framework\\src\\Illuminate\\Container\\Container.php:1161)
[stacktrace]
#0 C:\\Users\\Miguel\\Desktop\\Applikcation Octobre\\Projet gestion de stock\\backend\\vendor\\laravel\\framework\\src\\Illuminate\\Container\\Container.php(1161): ReflectionClass->__construct('cors')
#1 C:\\Users\\Miguel\\Desktop\\Applikcation Octobre\\Projet gestion de stock\\backend\\vendor\\laravel\\framework\\src\\Illuminate\\Container\\Container.php(972): Illuminate\\Container\\Container->build('cors')
#2 C:\\Users\\Miguel\\Desktop\\Applikcation Octobre\\Projet gestion de stock\\backend\\vendor\\laravel\\framework\\src\\Illuminate\\Foundation\\Application.php(1078): Illuminate\\Container\\Container->resolve('cors', Array, true)
#3 C:\\Users\\Miguel\\Desktop\\Applikcation Octobre\\Projet gestion de stock\\backend\\vendor\\laravel\\framework\\src\\Illuminate\\Container\\Container.php(903): Illuminate\\Foundation\\Application->resolve('cors', Array)
#4 C:\\Users\\Miguel\\Desktop\\Applikcation Octobre\\Projet gestion de stock\\backend\\vendor\\laravel\\framework\\src\\Illuminate\\Foundation\\Application.php(1058): Illuminate\\Container\\Container->make('cors', Array)
#5 C:\\Users\\Miguel\\Desktop\\Applikcation Octobre\\Projet gestion de stock\\backend\\vendor\\laravel\\framework\\src\\Illuminate\\Pipeline\\Pipeline.php(208): Illuminate\\Foundation\\Application->make('cors')
#6 C:\\Users\\Miguel\\Desktop\\Applikcation Octobre\\Projet gestion de stock\\backend\\vendor\\laravel\\framework\\src\\Illuminate\\Pipeline\\Pipeline.php(137): Illuminate\\Pipeline\\Pipeline->Illuminate\\Pipeline\\{closure}(Object(Illuminate\\Http\\Request))
#7 C:\\Users\\Miguel\\Desktop\\Applikcation Octobre\\Projet gestion de stock\\backend\\vendor\\laravel\\framework\\src\\Illuminate\\Routing\\Router.php(821): Illuminate\\Pipeline\\Pipeline->then(Object(Closure))
#8 C:\\Users\\Miguel\\Desktop\\Applikcation Octobre\\Projet gestion de stock\\backend\\vendor\\laravel\\framework\\src\\Illuminate\\Routing\\Router.php(800): Illuminate\\Routing\\Router->runRouteWithinStack(Object(Illuminate\\Routing\\Route), Object(Illuminate\\Http\\Request))
#9 C:\\Users\\Miguel\\Desktop\\Applikcation Octobre\\Projet gestion de stock\\backend\\vendor\\laravel\\framework\\src\\Illuminate\\Routing\\Router.php(764): Illuminate\\Routing\\Router->runRoute(Object(Illuminate\\Http\\Request), Object(Illuminate\\Routing\\Route))
#10 C:\\Users\\Miguel\\Desktop\\Applikcation Octobre\\Projet gestion de stock\\backend\\vendor\\laravel\\framework\\src\\Illuminate\\Routing\\Router.php(753): Illuminate\\Routing\\Router->dispatchToRoute(Object(Illuminate\\Http\\Request))
#11 C:\\Users\\Miguel\\Desktop\\Applikcation Octobre\\Projet gestion de stock\\backend\\vendor\\laravel\\framework\\src\\Illuminate\\Foundation\\Http\\Kernel.php(200): Illuminate\\Routing\\Router->dispatch(Object(Illuminate\\Http\\Request))
#12 C:\\Users\\Miguel\\Desktop\\Applikcation Octobre\\Projet gestion de stock\\backend\\vendor\\laravel\\framework\\src\\Illuminate\\Pipeline\\Pipeline.php(180): Illuminate\\Foundation\\Http\\Kernel->Illuminate\\Foundation\\Http\\{closure}(Object(Illuminate\\Http\\Request))
#13 C:\\Users\\Miguel\\Desktop\\Applikcation Octobre\\Projet gestion de stock\\backend\\vendor\\laravel\\framework\\src\\Illuminate\\Foundation\\Http\\Middleware\\TransformsRequest.php(21): Illuminate\\Pipeline\\Pipeline->Illuminate\\Pipeline\\{closure}(Object(Illuminate\\Http\\Request))
#14 C:\\Users\\Miguel\\Desktop\\Applikcation Octobre\\Projet gestion de stock\\backend\\vendor\\laravel\\framework\\src\\Illuminate\\Foundation\\Http\\Middleware\\ConvertEmptyStringsToNull.php(31): Illuminate\\Foundation\\Http\\Middleware\\TransformsRequest->handle(Object(Illuminate\\Http\\Request), Object(Closure))
#15 C:\\Users\\Miguel\\Desktop\\Applikcation Octobre\\Projet gestion de stock\\backend\\vendor\\laravel\\framework\\src\\Illuminate\\Pipeline\\Pipeline.php(219): Illuminate\\Foundation\\Http\\Middleware\\ConvertEmptyStringsToNull->handle(Object(Illuminate\\Http\\Request), Object(Closure))
#16 C:\\Users\\Miguel\\Desktop\\Applikcation Octobre\\Projet gestion de stock\\backend\\vendor\\laravel\\framework\\src\\Illuminate\\Foundation\\Http\\Middleware\\TransformsRequest.php(21): Illuminate\\Pipeline\\Pipeline->Illuminate\\Pipeline\\{closure}(Object(Illuminate\\Http\\Request))
#17 C:\\Users\\Miguel\\Desktop\\Applikcation Octobre\\Projet gestion de stock\\backend\\vendor\\laravel\\framework\\src\\Illuminate\\Foundation\\Http\\Middleware\\TrimStrings.php(51): Illuminate\\Foundation\\Http\\Middleware\\TransformsRequest->handle(Object(Illuminate\\Http\\Request), Object(Closure))
#18 C:\\Users\\Miguel\\Desktop\\Applikcation Octobre\\Projet gestion de stock\\backend\\vendor\\laravel\\framework\\src\\Illuminate\\Pipeline\\Pipeline.php(219): Illuminate\\Foundation\\Http\\Middleware\\TrimStrings->handle(Object(Illuminate\\Http\\Request), Object(Closure))
#19 C:\\Users\\Miguel\\Desktop\\Applikcation Octobre\\Projet gestion de stock\\backend\\vendor\\laravel\\framework\\src\\Illuminate\\Http\\Middleware\\ValidatePostSize.php(27): Illuminate\\Pipeline\\Pipeline->Illuminate\\Pipeline\\{closure}(Object(Illuminate\\Http\\Request))
#20 C:\\Users\\Miguel\\Desktop\\Applikcation Octobre\\Projet gestion de stock\\backend\\vendor\\laravel\\framework\\src\\Illuminate\\Pipeline\\Pipeline.php(219): Illuminate\\Http\\Middleware\\ValidatePostSize->handle(Object(Illuminate\\Http\\Request), Object(Closure))
#21 C:\\Users\\Miguel\\Desktop\\Applikcation Octobre\\Projet gestion de stock\\backend\\vendor\\laravel\\framework\\src\\Illuminate\\Http\\Middleware\\HandleCors.php(61): Illuminate\\Pipeline\\Pipeline->Illuminate\\Pipeline\\{closure}(Object(Illuminate\\Http\\Request))
#22 C:\\Users\\Miguel\\Desktop\\Applikcation Octobre\\Projet gestion de stock\\backend\\vendor\\laravel\\framework\\src\\Illuminate\\Pipeline\\Pipeline.php(219): Illuminate\\Http\\Middleware\\HandleCors->handle(Object(Illuminate\\Http\\Request), Object(Closure))
#23 C:\\Users\\Miguel\\Desktop\\Applikcation Octobre\\Projet gestion de stock\\backend\\vendor\\laravel\\framework\\src\\Illuminate\\Http\\Middleware\\TrustProxies.php(58): Illuminate\\Pipeline\\Pipeline->Illuminate\\Pipeline\\{closure}(Object(Illuminate\\Http\\Request))
#24 C:\\Users\\Miguel\\Desktop\\Applikcation Octobre\\Projet gestion de stock\\backend\\vendor\\laravel\\framework\\src\\Illuminate\\Pipeline\\Pipeline.php(219): Illuminate\\Http\\Middleware\\TrustProxies->handle(Object(Illuminate\\Http\\Request), Object(Closure))
#25 C:\\Users\\Miguel\\Desktop\\Applikcation Octobre\\Projet gestion de stock\\backend\\vendor\\laravel\\framework\\src\\Illuminate\\Pipeline\\Pipeline.php(137): Illuminate\\Pipeline\\Pipeline->Illuminate\\Pipeline\\{closure}(Object(Illuminate\\Http\\Request))
#26 C:\\Users\\Miguel\\Desktop\\Applikcation Octobre\\Projet gestion de stock\\backend\\vendor\\laravel\\framework\\src\\Illuminate\\Foundation\\Http\\Kernel.php(175): Illuminate\\Pipeline\\Pipeline->then(Object(Closure))
#27 C:\\Users\\Miguel\\Desktop\\Applikcation Octobre\\Projet gestion de stock\\backend\\vendor\\laravel\\framework\\src\\Illuminate\\Foundation\\Http\\Kernel.php(144): Illuminate\\Foundation\\Http\\Kernel->sendRequestThroughRouter(Object(Illuminate\\Http\\Request))
#28 C:\\Users\\Miguel\\Desktop\\Applikcation Octobre\\Projet gestion de stock\\backend\\public\\index.php(51): Illuminate\\Foundation\\Http\\Kernel->handle(Object(Illuminate\\Http\\Request))
#29 C:\\Users\\Miguel\\Desktop\\Applikcation Octobre\\Projet gestion de stock\\backend\\vendor\\laravel\\framework\\src\\Illuminate\\Foundation\\resources\\server.php(23): require_once('C:\\\\Users\\\\Miguel...')
#30 {main}
"} 
[2025-11-11 15:25:08] local.ERROR: Target class [cors] does not exist. {"exception":"[object] (Illuminate\\Contracts\\Container\\BindingResolutionException(code: 0): Target class [cors] does not exist. at C:\\Users\\Miguel\\Desktop\\Applikcation Octobre\\Projet gestion de stock\\backend\\vendor\\laravel\\framework\\src\\Illuminate\\Container\\Container.php:1163)
[stacktrace]
#0 C:\\Users\\Miguel\\Desktop\\Applikcation Octobre\\Projet gestion de stock\\backend\\vendor\\laravel\\framework\\src\\Illuminate\\Container\\Container.php(972): Illuminate\\Container\\Container->build('cors')
#1 C:\\Users\\Miguel\\Desktop\\Applikcation Octobre\\Projet gestion de stock\\backend\\vendor\\laravel\\framework\\src\\Illuminate\\Foundation\\Application.php(1078): Illuminate\\Container\\Container->resolve('cors', Array, true)
#2 C:\\Users\\Miguel\\Desktop\\Applikcation Octobre\\Projet gestion de stock\\backend\\vendor\\laravel\\framework\\src\\Illuminate\\Container\\Container.php(903): Illuminate\\Foundation\\Application->resolve('cors', Array)
#3 C:\\Users\\Miguel\\Desktop\\Applikcation Octobre\\Projet gestion de stock\\backend\\vendor\\laravel\\framework\\src\\Illuminate\\Foundation\\Application.php(1058): Illuminate\\Container\\Container->make('cors', Array)
#4 C:\\Users\\Miguel\\Desktop\\Applikcation Octobre\\Projet gestion de stock\\backend\\vendor\\laravel\\framework\\src\\Illuminate\\Foundation\\Http\\Kernel.php(257): Illuminate\\Foundation\\Application->make('cors')
#5 C:\\Users\\Miguel\\Desktop\\Applikcation Octobre\\Projet gestion de stock\\backend\\vendor\\laravel\\framework\\src\\Illuminate\\Foundation\\Http\\Kernel.php(215): Illuminate\\Foundation\\Http\\Kernel->terminateMiddleware(Object(Illuminate\\Http\\Request), Object(Illuminate\\Http\\JsonResponse))
#6 C:\\Users\\Miguel\\Desktop\\Applikcation Octobre\\Projet gestion de stock\\backend\\public\\index.php(55): Illuminate\\Foundation\\Http\\Kernel->terminate(Object(Illuminate\\Http\\Request), Object(Illuminate\\Http\\JsonResponse))
#7 C:\\Users\\Miguel\\Desktop\\Applikcation Octobre\\Projet gestion de stock\\backend\\vendor\\laravel\\framework\\src\\Illuminate\\Foundation\\resources\\server.php(23): require_once('C:\\\\Users\\\\Miguel...')
#8 {main}

[previous exception] [object] (ReflectionException(code: -1): Class \"cors\" does not exist at C:\\Users\\Miguel\\Desktop\\Applikcation Octobre\\Projet gestion de stock\\backend\\vendor\\laravel\\framework\\src\\Illuminate\\Container\\Container.php:1161)
[stacktrace]
#0 C:\\Users\\Miguel\\Desktop\\Applikcation Octobre\\Projet gestion de stock\\backend\\vendor\\laravel\\framework\\src\\Illuminate\\Container\\Container.php(1161): ReflectionClass->__construct('cors')
#1 C:\\Users\\Miguel\\Desktop\\Applikcation Octobre\\Projet gestion de stock\\backend\\vendor\\laravel\\framework\\src\\Illuminate\\Container\\Container.php(972): Illuminate\\Container\\Container->build('cors')
#2 C:\\Users\\Miguel\\Desktop\\Applikcation Octobre\\Projet gestion de stock\\backend\\vendor\\laravel\\framework\\src\\Illuminate\\Foundation\\Application.php(1078): Illuminate\\Container\\Container->resolve('cors', Array, true)
#3 C:\\Users\\Miguel\\Desktop\\Applikcation Octobre\\Projet gestion de stock\\backend\\vendor\\laravel\\framework\\src\\Illuminate\\Container\\Container.php(903): Illuminate\\Foundation\\Application->resolve('cors', Array)
#4 C:\\Users\\Miguel\\Desktop\\Applikcation Octobre\\Projet gestion de stock\\backend\\vendor\\laravel\\framework\\src\\Illuminate\\Foundation\\Application.php(1058): Illuminate\\Container\\Container->make('cors', Array)
#5 C:\\Users\\Miguel\\Desktop\\Applikcation Octobre\\Projet gestion de stock\\backend\\vendor\\laravel\\framework\\src\\Illuminate\\Foundation\\Http\\Kernel.php(257): Illuminate\\Foundation\\Application->make('cors')
#6 C:\\Users\\Miguel\\Desktop\\Applikcation Octobre\\Projet gestion de stock\\backend\\vendor\\laravel\\framework\\src\\Illuminate\\Foundation\\Http\\Kernel.php(215): Illuminate\\Foundation\\Http\\Kernel->terminateMiddleware(Object(Illuminate\\Http\\Request), Object(Illuminate\\Http\\JsonResponse))
#7 C:\\Users\\Miguel\\Desktop\\Applikcation Octobre\\Projet gestion de stock\\backend\\public\\index.php(55): Illuminate\\Foundation\\Http\\Kernel->terminate(Object(Illuminate\\Http\\Request), Object(Illuminate\\Http\\JsonResponse))
#8 C:\\Users\\Miguel\\Desktop\\Applikcation Octobre\\Projet gestion de stock\\backend\\vendor\\laravel\\framework\\src\\Illuminate\\Foundation\\resources\\server.php(23): require_once('C:\\\\Users\\\\Miguel...')
#9 {main}
"} 
[2025-11-11 15:29:26] local.ERROR: Target class [cors] does not exist. {"exception":"[object] (Illuminate\\Contracts\\Container\\BindingResolutionException(code: 0): Target class [cors] does not exist. at C:\\Users\\Miguel\\Desktop\\Applikcation Octobre\\Projet gestion de stock\\backend\\vendor\\laravel\\framework\\src\\Illuminate\\Container\\Container.php:1163)
[stacktrace]
#0 C:\\Users\\Miguel\\Desktop\\Applikcation Octobre\\Projet gestion de stock\\backend\\vendor\\laravel\\framework\\src\\Illuminate\\Container\\Container.php(972): Illuminate\\Container\\Container->build('cors')
#1 C:\\Users\\Miguel\\Desktop\\Applikcation Octobre\\Projet gestion de stock\\backend\\vendor\\laravel\\framework\\src\\Illuminate\\Foundation\\Application.php(1078): Illuminate\\Container\\Container->resolve('cors', Array, true)
#2 C:\\Users\\Miguel\\Desktop\\Applikcation Octobre\\Projet gestion de stock\\backend\\vendor\\laravel\\framework\\src\\Illuminate\\Container\\Container.php(903): Illuminate\\Foundation\\Application->resolve('cors', Array)
#3 C:\\Users\\Miguel\\Desktop\\Applikcation Octobre\\Projet gestion de stock\\backend\\vendor\\laravel\\framework\\src\\Illuminate\\Foundation\\Application.php(1058): Illuminate\\Container\\Container->make('cors', Array)
#4 C:\\Users\\Miguel\\Desktop\\Applikcation Octobre\\Projet gestion de stock\\backend\\vendor\\laravel\\framework\\src\\Illuminate\\Pipeline\\Pipeline.php(208): Illuminate\\Foundation\\Application->make('cors')
#5 C:\\Users\\Miguel\\Desktop\\Applikcation Octobre\\Projet gestion de stock\\backend\\vendor\\laravel\\framework\\src\\Illuminate\\Pipeline\\Pipeline.php(137): Illuminate\\Pipeline\\Pipeline->Illuminate\\Pipeline\\{closure}(Object(Illuminate\\Http\\Request))
#6 C:\\Users\\Miguel\\Desktop\\Applikcation Octobre\\Projet gestion de stock\\backend\\vendor\\laravel\\framework\\src\\Illuminate\\Routing\\Router.php(821): Illuminate\\Pipeline\\Pipeline->then(Object(Closure))
#7 C:\\Users\\Miguel\\Desktop\\Applikcation Octobre\\Projet gestion de stock\\backend\\vendor\\laravel\\framework\\src\\Illuminate\\Routing\\Router.php(800): Illuminate\\Routing\\Router->runRouteWithinStack(Object(Illuminate\\Routing\\Route), Object(Illuminate\\Http\\Request))
#8 C:\\Users\\Miguel\\Desktop\\Applikcation Octobre\\Projet gestion de stock\\backend\\vendor\\laravel\\framework\\src\\Illuminate\\Routing\\Router.php(764): Illuminate\\Routing\\Router->runRoute(Object(Illuminate\\Http\\Request), Object(Illuminate\\Routing\\Route))
#9 C:\\Users\\Miguel\\Desktop\\Applikcation Octobre\\Projet gestion de stock\\backend\\vendor\\laravel\\framework\\src\\Illuminate\\Routing\\Router.php(753): Illuminate\\Routing\\Router->dispatchToRoute(Object(Illuminate\\Http\\Request))
#10 C:\\Users\\Miguel\\Desktop\\Applikcation Octobre\\Projet gestion de stock\\backend\\vendor\\laravel\\framework\\src\\Illuminate\\Foundation\\Http\\Kernel.php(200): Illuminate\\Routing\\Router->dispatch(Object(Illuminate\\Http\\Request))
#11 C:\\Users\\Miguel\\Desktop\\Applikcation Octobre\\Projet gestion de stock\\backend\\vendor\\laravel\\framework\\src\\Illuminate\\Pipeline\\Pipeline.php(180): Illuminate\\Foundation\\Http\\Kernel->Illuminate\\Foundation\\Http\\{closure}(Object(Illuminate\\Http\\Request))
#12 C:\\Users\\Miguel\\Desktop\\Applikcation Octobre\\Projet gestion de stock\\backend\\vendor\\laravel\\framework\\src\\Illuminate\\Foundation\\Http\\Middleware\\TransformsRequest.php(21): Illuminate\\Pipeline\\Pipeline->Illuminate\\Pipeline\\{closure}(Object(Illuminate\\Http\\Request))
#13 C:\\Users\\Miguel\\Desktop\\Applikcation Octobre\\Projet gestion de stock\\backend\\vendor\\laravel\\framework\\src\\Illuminate\\Foundation\\Http\\Middleware\\ConvertEmptyStringsToNull.php(31): Illuminate\\Foundation\\Http\\Middleware\\TransformsRequest->handle(Object(Illuminate\\Http\\Request), Object(Closure))
#14 C:\\Users\\Miguel\\Desktop\\Applikcation Octobre\\Projet gestion de stock\\backend\\vendor\\laravel\\framework\\src\\Illuminate\\Pipeline\\Pipeline.php(219): Illuminate\\Foundation\\Http\\Middleware\\ConvertEmptyStringsToNull->handle(Object(Illuminate\\Http\\Request), Object(Closure))
#15 C:\\Users\\Miguel\\Desktop\\Applikcation Octobre\\Projet gestion de stock\\backend\\vendor\\laravel\\framework\\src\\Illuminate\\Foundation\\Http\\Middleware\\TransformsRequest.php(21): Illuminate\\Pipeline\\Pipeline->Illuminate\\Pipeline\\{closure}(Object(Illuminate\\Http\\Request))
#16 C:\\Users\\Miguel\\Desktop\\Applikcation Octobre\\Projet gestion de stock\\backend\\vendor\\laravel\\framework\\src\\Illuminate\\Foundation\\Http\\Middleware\\TrimStrings.php(51): Illuminate\\Foundation\\Http\\Middleware\\TransformsRequest->handle(Object(Illuminate\\Http\\Request), Object(Closure))
#17 C:\\Users\\Miguel\\Desktop\\Applikcation Octobre\\Projet gestion de stock\\backend\\vendor\\laravel\\framework\\src\\Illuminate\\Pipeline\\Pipeline.php(219): Illuminate\\Foundation\\Http\\Middleware\\TrimStrings->handle(Object(Illuminate\\Http\\Request), Object(Closure))
#18 C:\\Users\\Miguel\\Desktop\\Applikcation Octobre\\Projet gestion de stock\\backend\\vendor\\laravel\\framework\\src\\Illuminate\\Http\\Middleware\\ValidatePostSize.php(27): Illuminate\\Pipeline\\Pipeline->Illuminate\\Pipeline\\{closure}(Object(Illuminate\\Http\\Request))
#19 C:\\Users\\Miguel\\Desktop\\Applikcation Octobre\\Projet gestion de stock\\backend\\vendor\\laravel\\framework\\src\\Illuminate\\Pipeline\\Pipeline.php(219): Illuminate\\Http\\Middleware\\ValidatePostSize->handle(Object(Illuminate\\Http\\Request), Object(Closure))
#20 C:\\Users\\Miguel\\Desktop\\Applikcation Octobre\\Projet gestion de stock\\backend\\vendor\\laravel\\framework\\src\\Illuminate\\Http\\Middleware\\HandleCors.php(61): Illuminate\\Pipeline\\Pipeline->Illuminate\\Pipeline\\{closure}(Object(Illuminate\\Http\\Request))
#21 C:\\Users\\Miguel\\Desktop\\Applikcation Octobre\\Projet gestion de stock\\backend\\vendor\\laravel\\framework\\src\\Illuminate\\Pipeline\\Pipeline.php(219): Illuminate\\Http\\Middleware\\HandleCors->handle(Object(Illuminate\\Http\\Request), Object(Closure))
#22 C:\\Users\\Miguel\\Desktop\\Applikcation Octobre\\Projet gestion de stock\\backend\\vendor\\laravel\\framework\\src\\Illuminate\\Http\\Middleware\\TrustProxies.php(58): Illuminate\\Pipeline\\Pipeline->Illuminate\\Pipeline\\{closure}(Object(Illuminate\\Http\\Request))
#23 C:\\Users\\Miguel\\Desktop\\Applikcation Octobre\\Projet gestion de stock\\backend\\vendor\\laravel\\framework\\src\\Illuminate\\Pipeline\\Pipeline.php(219): Illuminate\\Http\\Middleware\\TrustProxies->handle(Object(Illuminate\\Http\\Request), Object(Closure))
#24 C:\\Users\\Miguel\\Desktop\\Applikcation Octobre\\Projet gestion de stock\\backend\\vendor\\laravel\\framework\\src\\Illuminate\\Pipeline\\Pipeline.php(137): Illuminate\\Pipeline\\Pipeline->Illuminate\\Pipeline\\{closure}(Object(Illuminate\\Http\\Request))
#25 C:\\Users\\Miguel\\Desktop\\Applikcation Octobre\\Projet gestion de stock\\backend\\vendor\\laravel\\framework\\src\\Illuminate\\Foundation\\Http\\Kernel.php(175): Illuminate\\Pipeline\\Pipeline->then(Object(Closure))
#26 C:\\Users\\Miguel\\Desktop\\Applikcation Octobre\\Projet gestion de stock\\backend\\vendor\\laravel\\framework\\src\\Illuminate\\Foundation\\Http\\Kernel.php(144): Illuminate\\Foundation\\Http\\Kernel->sendRequestThroughRouter(Object(Illuminate\\Http\\Request))
#27 C:\\Users\\Miguel\\Desktop\\Applikcation Octobre\\Projet gestion de stock\\backend\\public\\index.php(51): Illuminate\\Foundation\\Http\\Kernel->handle(Object(Illuminate\\Http\\Request))
#28 C:\\Users\\Miguel\\Desktop\\Applikcation Octobre\\Projet gestion de stock\\backend\\vendor\\laravel\\framework\\src\\Illuminate\\Foundation\\resources\\server.php(23): require_once('C:\\\\Users\\\\Miguel...')
#29 {main}

[previous exception] [object] (ReflectionException(code: -1): Class \"cors\" does not exist at C:\\Users\\Miguel\\Desktop\\Applikcation Octobre\\Projet gestion de stock\\backend\\vendor\\laravel\\framework\\src\\Illuminate\\Container\\Container.php:1161)
[stacktrace]
#0 C:\\Users\\Miguel\\Desktop\\Applikcation Octobre\\Projet gestion de stock\\backend\\vendor\\laravel\\framework\\src\\Illuminate\\Container\\Container.php(1161): ReflectionClass->__construct('cors')
#1 C:\\Users\\Miguel\\Desktop\\Applikcation Octobre\\Projet gestion de stock\\backend\\vendor\\laravel\\framework\\src\\Illuminate\\Container\\Container.php(972): Illuminate\\Container\\Container->build('cors')
#2 C:\\Users\\Miguel\\Desktop\\Applikcation Octobre\\Projet gestion de stock\\backend\\vendor\\laravel\\framework\\src\\Illuminate\\Foundation\\Application.php(1078): Illuminate\\Container\\Container->resolve('cors', Array, true)
#3 C:\\Users\\Miguel\\Desktop\\Applikcation Octobre\\Projet gestion de stock\\backend\\vendor\\laravel\\framework\\src\\Illuminate\\Container\\Container.php(903): Illuminate\\Foundation\\Application->resolve('cors', Array)
#4 C:\\Users\\Miguel\\Desktop\\Applikcation Octobre\\Projet gestion de stock\\backend\\vendor\\laravel\\framework\\src\\Illuminate\\Foundation\\Application.php(1058): Illuminate\\Container\\Container->make('cors', Array)
#5 C:\\Users\\Miguel\\Desktop\\Applikcation Octobre\\Projet gestion de stock\\backend\\vendor\\laravel\\framework\\src\\Illuminate\\Pipeline\\Pipeline.php(208): Illuminate\\Foundation\\Application->make('cors')
#6 C:\\Users\\Miguel\\Desktop\\Applikcation Octobre\\Projet gestion de stock\\backend\\vendor\\laravel\\framework\\src\\Illuminate\\Pipeline\\Pipeline.php(137): Illuminate\\Pipeline\\Pipeline->Illuminate\\Pipeline\\{closure}(Object(Illuminate\\Http\\Request))
#7 C:\\Users\\Miguel\\Desktop\\Applikcation Octobre\\Projet gestion de stock\\backend\\vendor\\laravel\\framework\\src\\Illuminate\\Routing\\Router.php(821): Illuminate\\Pipeline\\Pipeline->then(Object(Closure))
#8 C:\\Users\\Miguel\\Desktop\\Applikcation Octobre\\Projet gestion de stock\\backend\\vendor\\laravel\\framework\\src\\Illuminate\\Routing\\Router.php(800): Illuminate\\Routing\\Router->runRouteWithinStack(Object(Illuminate\\Routing\\Route), Object(Illuminate\\Http\\Request))
#9 C:\\Users\\Miguel\\Desktop\\Applikcation Octobre\\Projet gestion de stock\\backend\\vendor\\laravel\\framework\\src\\Illuminate\\Routing\\Router.php(764): Illuminate\\Routing\\Router->runRoute(Object(Illuminate\\Http\\Request), Object(Illuminate\\Routing\\Route))
#10 C:\\Users\\Miguel\\Desktop\\Applikcation Octobre\\Projet gestion de stock\\backend\\vendor\\laravel\\framework\\src\\Illuminate\\Routing\\Router.php(753): Illuminate\\Routing\\Router->dispatchToRoute(Object(Illuminate\\Http\\Request))
#11 C:\\Users\\Miguel\\Desktop\\Applikcation Octobre\\Projet gestion de stock\\backend\\vendor\\laravel\\framework\\src\\Illuminate\\Foundation\\Http\\Kernel.php(200): Illuminate\\Routing\\Router->dispatch(Object(Illuminate\\Http\\Request))
#12 C:\\Users\\Miguel\\Desktop\\Applikcation Octobre\\Projet gestion de stock\\backend\\vendor\\laravel\\framework\\src\\Illuminate\\Pipeline\\Pipeline.php(180): Illuminate\\Foundation\\Http\\Kernel->Illuminate\\Foundation\\Http\\{closure}(Object(Illuminate\\Http\\Request))
#13 C:\\Users\\Miguel\\Desktop\\Applikcation Octobre\\Projet gestion de stock\\backend\\vendor\\laravel\\framework\\src\\Illuminate\\Foundation\\Http\\Middleware\\TransformsRequest.php(21): Illuminate\\Pipeline\\Pipeline->Illuminate\\Pipeline\\{closure}(Object(Illuminate\\Http\\Request))
#14 C:\\Users\\Miguel\\Desktop\\Applikcation Octobre\\Projet gestion de stock\\backend\\vendor\\laravel\\framework\\src\\Illuminate\\Foundation\\Http\\Middleware\\ConvertEmptyStringsToNull.php(31): Illuminate\\Foundation\\Http\\Middleware\\TransformsRequest->handle(Object(Illuminate\\Http\\Request), Object(Closure))
#15 C:\\Users\\Miguel\\Desktop\\Applikcation Octobre\\Projet gestion de stock\\backend\\vendor\\laravel\\framework\\src\\Illuminate\\Pipeline\\Pipeline.php(219): Illuminate\\Foundation\\Http\\Middleware\\ConvertEmptyStringsToNull->handle(Object(Illuminate\\Http\\Request), Object(Closure))
#16 C:\\Users\\Miguel\\Desktop\\Applikcation Octobre\\Projet gestion de stock\\backend\\vendor\\laravel\\framework\\src\\Illuminate\\Foundation\\Http\\Middleware\\TransformsRequest.php(21): Illuminate\\Pipeline\\Pipeline->Illuminate\\Pipeline\\{closure}(Object(Illuminate\\Http\\Request))
#17 C:\\Users\\Miguel\\Desktop\\Applikcation Octobre\\Projet gestion de stock\\backend\\vendor\\laravel\\framework\\src\\Illuminate\\Foundation\\Http\\Middleware\\TrimStrings.php(51): Illuminate\\Foundation\\Http\\Middleware\\TransformsRequest->handle(Object(Illuminate\\Http\\Request), Object(Closure))
#18 C:\\Users\\Miguel\\Desktop\\Applikcation Octobre\\Projet gestion de stock\\backend\\vendor\\laravel\\framework\\src\\Illuminate\\Pipeline\\Pipeline.php(219): Illuminate\\Foundation\\Http\\Middleware\\TrimStrings->handle(Object(Illuminate\\Http\\Request), Object(Closure))
#19 C:\\Users\\Miguel\\Desktop\\Applikcation Octobre\\Projet gestion de stock\\backend\\vendor\\laravel\\framework\\src\\Illuminate\\Http\\Middleware\\ValidatePostSize.php(27): Illuminate\\Pipeline\\Pipeline->Illuminate\\Pipeline\\{closure}(Object(Illuminate\\Http\\Request))
#20 C:\\Users\\Miguel\\Desktop\\Applikcation Octobre\\Projet gestion de stock\\backend\\vendor\\laravel\\framework\\src\\Illuminate\\Pipeline\\Pipeline.php(219): Illuminate\\Http\\Middleware\\ValidatePostSize->handle(Object(Illuminate\\Http\\Request), Object(Closure))
#21 C:\\Users\\Miguel\\Desktop\\Applikcation Octobre\\Projet gestion de stock\\backend\\vendor\\laravel\\framework\\src\\Illuminate\\Http\\Middleware\\HandleCors.php(61): Illuminate\\Pipeline\\Pipeline->Illuminate\\Pipeline\\{closure}(Object(Illuminate\\Http\\Request))
#22 C:\\Users\\Miguel\\Desktop\\Applikcation Octobre\\Projet gestion de stock\\backend\\vendor\\laravel\\framework\\src\\Illuminate\\Pipeline\\Pipeline.php(219): Illuminate\\Http\\Middleware\\HandleCors->handle(Object(Illuminate\\Http\\Request), Object(Closure))
#23 C:\\Users\\Miguel\\Desktop\\Applikcation Octobre\\Projet gestion de stock\\backend\\vendor\\laravel\\framework\\src\\Illuminate\\Http\\Middleware\\TrustProxies.php(58): Illuminate\\Pipeline\\Pipeline->Illuminate\\Pipeline\\{closure}(Object(Illuminate\\Http\\Request))
#24 C:\\Users\\Miguel\\Desktop\\Applikcation Octobre\\Projet gestion de stock\\backend\\vendor\\laravel\\framework\\src\\Illuminate\\Pipeline\\Pipeline.php(219): Illuminate\\Http\\Middleware\\TrustProxies->handle(Object(Illuminate\\Http\\Request), Object(Closure))
#25 C:\\Users\\Miguel\\Desktop\\Applikcation Octobre\\Projet gestion de stock\\backend\\vendor\\laravel\\framework\\src\\Illuminate\\Pipeline\\Pipeline.php(137): Illuminate\\Pipeline\\Pipeline->Illuminate\\Pipeline\\{closure}(Object(Illuminate\\Http\\Request))
#26 C:\\Users\\Miguel\\Desktop\\Applikcation Octobre\\Projet gestion de stock\\backend\\vendor\\laravel\\framework\\src\\Illuminate\\Foundation\\Http\\Kernel.php(175): Illuminate\\Pipeline\\Pipeline->then(Object(Closure))
#27 C:\\Users\\Miguel\\Desktop\\Applikcation Octobre\\Projet gestion de stock\\backend\\vendor\\laravel\\framework\\src\\Illuminate\\Foundation\\Http\\Kernel.php(144): Illuminate\\Foundation\\Http\\Kernel->sendRequestThroughRouter(Object(Illuminate\\Http\\Request))
#28 C:\\Users\\Miguel\\Desktop\\Applikcation Octobre\\Projet gestion de stock\\backend\\public\\index.php(51): Illuminate\\Foundation\\Http\\Kernel->handle(Object(Illuminate\\Http\\Request))
#29 C:\\Users\\Miguel\\Desktop\\Applikcation Octobre\\Projet gestion de stock\\backend\\vendor\\laravel\\framework\\src\\Illuminate\\Foundation\\resources\\server.php(23): require_once('C:\\\\Users\\\\Miguel...')
#30 {main}
"} 
[2025-11-11 15:29:27] local.ERROR: Target class [cors] does not exist. {"exception":"[object] (Illuminate\\Contracts\\Container\\BindingResolutionException(code: 0): Target class [cors] does not exist. at C:\\Users\\Miguel\\Desktop\\Applikcation Octobre\\Projet gestion de stock\\backend\\vendor\\laravel\\framework\\src\\Illuminate\\Container\\Container.php:1163)
[stacktrace]
#0 C:\\Users\\Miguel\\Desktop\\Applikcation Octobre\\Projet gestion de stock\\backend\\vendor\\laravel\\framework\\src\\Illuminate\\Container\\Container.php(972): Illuminate\\Container\\Container->build('cors')
#1 C:\\Users\\Miguel\\Desktop\\Applikcation Octobre\\Projet gestion de stock\\backend\\vendor\\laravel\\framework\\src\\Illuminate\\Foundation\\Application.php(1078): Illuminate\\Container\\Container->resolve('cors', Array, true)
#2 C:\\Users\\Miguel\\Desktop\\Applikcation Octobre\\Projet gestion de stock\\backend\\vendor\\laravel\\framework\\src\\Illuminate\\Container\\Container.php(903): Illuminate\\Foundation\\Application->resolve('cors', Array)
#3 C:\\Users\\Miguel\\Desktop\\Applikcation Octobre\\Projet gestion de stock\\backend\\vendor\\laravel\\framework\\src\\Illuminate\\Foundation\\Application.php(1058): Illuminate\\Container\\Container->make('cors', Array)
#4 C:\\Users\\Miguel\\Desktop\\Applikcation Octobre\\Projet gestion de stock\\backend\\vendor\\laravel\\framework\\src\\Illuminate\\Foundation\\Http\\Kernel.php(257): Illuminate\\Foundation\\Application->make('cors')
#5 C:\\Users\\Miguel\\Desktop\\Applikcation Octobre\\Projet gestion de stock\\backend\\vendor\\laravel\\framework\\src\\Illuminate\\Foundation\\Http\\Kernel.php(215): Illuminate\\Foundation\\Http\\Kernel->terminateMiddleware(Object(Illuminate\\Http\\Request), Object(Illuminate\\Http\\Response))
#6 C:\\Users\\Miguel\\Desktop\\Applikcation Octobre\\Projet gestion de stock\\backend\\public\\index.php(55): Illuminate\\Foundation\\Http\\Kernel->terminate(Object(Illuminate\\Http\\Request), Object(Illuminate\\Http\\Response))
#7 C:\\Users\\Miguel\\Desktop\\Applikcation Octobre\\Projet gestion de stock\\backend\\vendor\\laravel\\framework\\src\\Illuminate\\Foundation\\resources\\server.php(23): require_once('C:\\\\Users\\\\Miguel...')
#8 {main}

[previous exception] [object] (ReflectionException(code: -1): Class \"cors\" does not exist at C:\\Users\\Miguel\\Desktop\\Applikcation Octobre\\Projet gestion de stock\\backend\\vendor\\laravel\\framework\\src\\Illuminate\\Container\\Container.php:1161)
[stacktrace]
#0 C:\\Users\\Miguel\\Desktop\\Applikcation Octobre\\Projet gestion de stock\\backend\\vendor\\laravel\\framework\\src\\Illuminate\\Container\\Container.php(1161): ReflectionClass->__construct('cors')
#1 C:\\Users\\Miguel\\Desktop\\Applikcation Octobre\\Projet gestion de stock\\backend\\vendor\\laravel\\framework\\src\\Illuminate\\Container\\Container.php(972): Illuminate\\Container\\Container->build('cors')
#2 C:\\Users\\Miguel\\Desktop\\Applikcation Octobre\\Projet gestion de stock\\backend\\vendor\\laravel\\framework\\src\\Illuminate\\Foundation\\Application.php(1078): Illuminate\\Container\\Container->resolve('cors', Array, true)
#3 C:\\Users\\Miguel\\Desktop\\Applikcation Octobre\\Projet gestion de stock\\backend\\vendor\\laravel\\framework\\src\\Illuminate\\Container\\Container.php(903): Illuminate\\Foundation\\Application->resolve('cors', Array)
#4 C:\\Users\\Miguel\\Desktop\\Applikcation Octobre\\Projet gestion de stock\\backend\\vendor\\laravel\\framework\\src\\Illuminate\\Foundation\\Application.php(1058): Illuminate\\Container\\Container->make('cors', Array)
#5 C:\\Users\\Miguel\\Desktop\\Applikcation Octobre\\Projet gestion de stock\\backend\\vendor\\laravel\\framework\\src\\Illuminate\\Foundation\\Http\\Kernel.php(257): Illuminate\\Foundation\\Application->make('cors')
#6 C:\\Users\\Miguel\\Desktop\\Applikcation Octobre\\Projet gestion de stock\\backend\\vendor\\laravel\\framework\\src\\Illuminate\\Foundation\\Http\\Kernel.php(215): Illuminate\\Foundation\\Http\\Kernel->terminateMiddleware(Object(Illuminate\\Http\\Request), Object(Illuminate\\Http\\Response))
#7 C:\\Users\\Miguel\\Desktop\\Applikcation Octobre\\Projet gestion de stock\\backend\\public\\index.php(55): Illuminate\\Foundation\\Http\\Kernel->terminate(Object(Illuminate\\Http\\Request), Object(Illuminate\\Http\\Response))
#8 C:\\Users\\Miguel\\Desktop\\Applikcation Octobre\\Projet gestion de stock\\backend\\vendor\\laravel\\framework\\src\\Illuminate\\Foundation\\resources\\server.php(23): require_once('C:\\\\Users\\\\Miguel...')
#9 {main}
"} 
[2025-11-11 15:29:33] local.ERROR: Target class [cors] does not exist. {"exception":"[object] (Illuminate\\Contracts\\Container\\BindingResolutionException(code: 0): Target class [cors] does not exist. at C:\\Users\\Miguel\\Desktop\\Applikcation Octobre\\Projet gestion de stock\\backend\\vendor\\laravel\\framework\\src\\Illuminate\\Container\\Container.php:1163)
[stacktrace]
#0 C:\\Users\\Miguel\\Desktop\\Applikcation Octobre\\Projet gestion de stock\\backend\\vendor\\laravel\\framework\\src\\Illuminate\\Container\\Container.php(972): Illuminate\\Container\\Container->build('cors')
#1 C:\\Users\\Miguel\\Desktop\\Applikcation Octobre\\Projet gestion de stock\\backend\\vendor\\laravel\\framework\\src\\Illuminate\\Foundation\\Application.php(1078): Illuminate\\Container\\Container->resolve('cors', Array, true)
#2 C:\\Users\\Miguel\\Desktop\\Applikcation Octobre\\Projet gestion de stock\\backend\\vendor\\laravel\\framework\\src\\Illuminate\\Container\\Container.php(903): Illuminate\\Foundation\\Application->resolve('cors', Array)
#3 C:\\Users\\Miguel\\Desktop\\Applikcation Octobre\\Projet gestion de stock\\backend\\vendor\\laravel\\framework\\src\\Illuminate\\Foundation\\Application.php(1058): Illuminate\\Container\\Container->make('cors', Array)
#4 C:\\Users\\Miguel\\Desktop\\Applikcation Octobre\\Projet gestion de stock\\backend\\vendor\\laravel\\framework\\src\\Illuminate\\Pipeline\\Pipeline.php(208): Illuminate\\Foundation\\Application->make('cors')
#5 C:\\Users\\Miguel\\Desktop\\Applikcation Octobre\\Projet gestion de stock\\backend\\vendor\\laravel\\framework\\src\\Illuminate\\Pipeline\\Pipeline.php(137): Illuminate\\Pipeline\\Pipeline->Illuminate\\Pipeline\\{closure}(Object(Illuminate\\Http\\Request))
#6 C:\\Users\\Miguel\\Desktop\\Applikcation Octobre\\Projet gestion de stock\\backend\\vendor\\laravel\\framework\\src\\Illuminate\\Routing\\Router.php(821): Illuminate\\Pipeline\\Pipeline->then(Object(Closure))
#7 C:\\Users\\Miguel\\Desktop\\Applikcation Octobre\\Projet gestion de stock\\backend\\vendor\\laravel\\framework\\src\\Illuminate\\Routing\\Router.php(800): Illuminate\\Routing\\Router->runRouteWithinStack(Object(Illuminate\\Routing\\Route), Object(Illuminate\\Http\\Request))
#8 C:\\Users\\Miguel\\Desktop\\Applikcation Octobre\\Projet gestion de stock\\backend\\vendor\\laravel\\framework\\src\\Illuminate\\Routing\\Router.php(764): Illuminate\\Routing\\Router->runRoute(Object(Illuminate\\Http\\Request), Object(Illuminate\\Routing\\Route))
#9 C:\\Users\\Miguel\\Desktop\\Applikcation Octobre\\Projet gestion de stock\\backend\\vendor\\laravel\\framework\\src\\Illuminate\\Routing\\Router.php(753): Illuminate\\Routing\\Router->dispatchToRoute(Object(Illuminate\\Http\\Request))
#10 C:\\Users\\Miguel\\Desktop\\Applikcation Octobre\\Projet gestion de stock\\backend\\vendor\\laravel\\framework\\src\\Illuminate\\Foundation\\Http\\Kernel.php(200): Illuminate\\Routing\\Router->dispatch(Object(Illuminate\\Http\\Request))
#11 C:\\Users\\Miguel\\Desktop\\Applikcation Octobre\\Projet gestion de stock\\backend\\vendor\\laravel\\framework\\src\\Illuminate\\Pipeline\\Pipeline.php(180): Illuminate\\Foundation\\Http\\Kernel->Illuminate\\Foundation\\Http\\{closure}(Object(Illuminate\\Http\\Request))
#12 C:\\Users\\Miguel\\Desktop\\Applikcation Octobre\\Projet gestion de stock\\backend\\vendor\\laravel\\framework\\src\\Illuminate\\Foundation\\Http\\Middleware\\TransformsRequest.php(21): Illuminate\\Pipeline\\Pipeline->Illuminate\\Pipeline\\{closure}(Object(Illuminate\\Http\\Request))
#13 C:\\Users\\Miguel\\Desktop\\Applikcation Octobre\\Projet gestion de stock\\backend\\vendor\\laravel\\framework\\src\\Illuminate\\Foundation\\Http\\Middleware\\ConvertEmptyStringsToNull.php(31): Illuminate\\Foundation\\Http\\Middleware\\TransformsRequest->handle(Object(Illuminate\\Http\\Request), Object(Closure))
#14 C:\\Users\\Miguel\\Desktop\\Applikcation Octobre\\Projet gestion de stock\\backend\\vendor\\laravel\\framework\\src\\Illuminate\\Pipeline\\Pipeline.php(219): Illuminate\\Foundation\\Http\\Middleware\\ConvertEmptyStringsToNull->handle(Object(Illuminate\\Http\\Request), Object(Closure))
#15 C:\\Users\\Miguel\\Desktop\\Applikcation Octobre\\Projet gestion de stock\\backend\\vendor\\laravel\\framework\\src\\Illuminate\\Foundation\\Http\\Middleware\\TransformsRequest.php(21): Illuminate\\Pipeline\\Pipeline->Illuminate\\Pipeline\\{closure}(Object(Illuminate\\Http\\Request))
#16 C:\\Users\\Miguel\\Desktop\\Applikcation Octobre\\Projet gestion de stock\\backend\\vendor\\laravel\\framework\\src\\Illuminate\\Foundation\\Http\\Middleware\\TrimStrings.php(51): Illuminate\\Foundation\\Http\\Middleware\\TransformsRequest->handle(Object(Illuminate\\Http\\Request), Object(Closure))
#17 C:\\Users\\Miguel\\Desktop\\Applikcation Octobre\\Projet gestion de stock\\backend\\vendor\\laravel\\framework\\src\\Illuminate\\Pipeline\\Pipeline.php(219): Illuminate\\Foundation\\Http\\Middleware\\TrimStrings->handle(Object(Illuminate\\Http\\Request), Object(Closure))
#18 C:\\Users\\Miguel\\Desktop\\Applikcation Octobre\\Projet gestion de stock\\backend\\vendor\\laravel\\framework\\src\\Illuminate\\Http\\Middleware\\ValidatePostSize.php(27): Illuminate\\Pipeline\\Pipeline->Illuminate\\Pipeline\\{closure}(Object(Illuminate\\Http\\Request))
#19 C:\\Users\\Miguel\\Desktop\\Applikcation Octobre\\Projet gestion de stock\\backend\\vendor\\laravel\\framework\\src\\Illuminate\\Pipeline\\Pipeline.php(219): Illuminate\\Http\\Middleware\\ValidatePostSize->handle(Object(Illuminate\\Http\\Request), Object(Closure))
#20 C:\\Users\\Miguel\\Desktop\\Applikcation Octobre\\Projet gestion de stock\\backend\\vendor\\laravel\\framework\\src\\Illuminate\\Http\\Middleware\\HandleCors.php(61): Illuminate\\Pipeline\\Pipeline->Illuminate\\Pipeline\\{closure}(Object(Illuminate\\Http\\Request))
#21 C:\\Users\\Miguel\\Desktop\\Applikcation Octobre\\Projet gestion de stock\\backend\\vendor\\laravel\\framework\\src\\Illuminate\\Pipeline\\Pipeline.php(219): Illuminate\\Http\\Middleware\\HandleCors->handle(Object(Illuminate\\Http\\Request), Object(Closure))
#22 C:\\Users\\Miguel\\Desktop\\Applikcation Octobre\\Projet gestion de stock\\backend\\vendor\\laravel\\framework\\src\\Illuminate\\Http\\Middleware\\TrustProxies.php(58): Illuminate\\Pipeline\\Pipeline->Illuminate\\Pipeline\\{closure}(Object(Illuminate\\Http\\Request))
#23 C:\\Users\\Miguel\\Desktop\\Applikcation Octobre\\Projet gestion de stock\\backend\\vendor\\laravel\\framework\\src\\Illuminate\\Pipeline\\Pipeline.php(219): Illuminate\\Http\\Middleware\\TrustProxies->handle(Object(Illuminate\\Http\\Request), Object(Closure))
#24 C:\\Users\\Miguel\\Desktop\\Applikcation Octobre\\Projet gestion de stock\\backend\\vendor\\laravel\\framework\\src\\Illuminate\\Pipeline\\Pipeline.php(137): Illuminate\\Pipeline\\Pipeline->Illuminate\\Pipeline\\{closure}(Object(Illuminate\\Http\\Request))
#25 C:\\Users\\Miguel\\Desktop\\Applikcation Octobre\\Projet gestion de stock\\backend\\vendor\\laravel\\framework\\src\\Illuminate\\Foundation\\Http\\Kernel.php(175): Illuminate\\Pipeline\\Pipeline->then(Object(Closure))
#26 C:\\Users\\Miguel\\Desktop\\Applikcation Octobre\\Projet gestion de stock\\backend\\vendor\\laravel\\framework\\src\\Illuminate\\Foundation\\Http\\Kernel.php(144): Illuminate\\Foundation\\Http\\Kernel->sendRequestThroughRouter(Object(Illuminate\\Http\\Request))
#27 C:\\Users\\Miguel\\Desktop\\Applikcation Octobre\\Projet gestion de stock\\backend\\public\\index.php(51): Illuminate\\Foundation\\Http\\Kernel->handle(Object(Illuminate\\Http\\Request))
#28 C:\\Users\\Miguel\\Desktop\\Applikcation Octobre\\Projet gestion de stock\\backend\\vendor\\laravel\\framework\\src\\Illuminate\\Foundation\\resources\\server.php(23): require_once('C:\\\\Users\\\\Miguel...')
#29 {main}

[previous exception] [object] (ReflectionException(code: -1): Class \"cors\" does not exist at C:\\Users\\Miguel\\Desktop\\Applikcation Octobre\\Projet gestion de stock\\backend\\vendor\\laravel\\framework\\src\\Illuminate\\Container\\Container.php:1161)
[stacktrace]
#0 C:\\Users\\Miguel\\Desktop\\Applikcation Octobre\\Projet gestion de stock\\backend\\vendor\\laravel\\framework\\src\\Illuminate\\Container\\Container.php(1161): ReflectionClass->__construct('cors')
#1 C:\\Users\\Miguel\\Desktop\\Applikcation Octobre\\Projet gestion de stock\\backend\\vendor\\laravel\\framework\\src\\Illuminate\\Container\\Container.php(972): Illuminate\\Container\\Container->build('cors')
#2 C:\\Users\\Miguel\\Desktop\\Applikcation Octobre\\Projet gestion de stock\\backend\\vendor\\laravel\\framework\\src\\Illuminate\\Foundation\\Application.php(1078): Illuminate\\Container\\Container->resolve('cors', Array, true)
#3 C:\\Users\\Miguel\\Desktop\\Applikcation Octobre\\Projet gestion de stock\\backend\\vendor\\laravel\\framework\\src\\Illuminate\\Container\\Container.php(903): Illuminate\\Foundation\\Application->resolve('cors', Array)
#4 C:\\Users\\Miguel\\Desktop\\Applikcation Octobre\\Projet gestion de stock\\backend\\vendor\\laravel\\framework\\src\\Illuminate\\Foundation\\Application.php(1058): Illuminate\\Container\\Container->make('cors', Array)
#5 C:\\Users\\Miguel\\Desktop\\Applikcation Octobre\\Projet gestion de stock\\backend\\vendor\\laravel\\framework\\src\\Illuminate\\Pipeline\\Pipeline.php(208): Illuminate\\Foundation\\Application->make('cors')
#6 C:\\Users\\Miguel\\Desktop\\Applikcation Octobre\\Projet gestion de stock\\backend\\vendor\\laravel\\framework\\src\\Illuminate\\Pipeline\\Pipeline.php(137): Illuminate\\Pipeline\\Pipeline->Illuminate\\Pipeline\\{closure}(Object(Illuminate\\Http\\Request))
#7 C:\\Users\\Miguel\\Desktop\\Applikcation Octobre\\Projet gestion de stock\\backend\\vendor\\laravel\\framework\\src\\Illuminate\\Routing\\Router.php(821): Illuminate\\Pipeline\\Pipeline->then(Object(Closure))
#8 C:\\Users\\Miguel\\Desktop\\Applikcation Octobre\\Projet gestion de stock\\backend\\vendor\\laravel\\framework\\src\\Illuminate\\Routing\\Router.php(800): Illuminate\\Routing\\Router->runRouteWithinStack(Object(Illuminate\\Routing\\Route), Object(Illuminate\\Http\\Request))
#9 C:\\Users\\Miguel\\Desktop\\Applikcation Octobre\\Projet gestion de stock\\backend\\vendor\\laravel\\framework\\src\\Illuminate\\Routing\\Router.php(764): Illuminate\\Routing\\Router->runRoute(Object(Illuminate\\Http\\Request), Object(Illuminate\\Routing\\Route))
#10 C:\\Users\\Miguel\\Desktop\\Applikcation Octobre\\Projet gestion de stock\\backend\\vendor\\laravel\\framework\\src\\Illuminate\\Routing\\Router.php(753): Illuminate\\Routing\\Router->dispatchToRoute(Object(Illuminate\\Http\\Request))
#11 C:\\Users\\Miguel\\Desktop\\Applikcation Octobre\\Projet gestion de stock\\backend\\vendor\\laravel\\framework\\src\\Illuminate\\Foundation\\Http\\Kernel.php(200): Illuminate\\Routing\\Router->dispatch(Object(Illuminate\\Http\\Request))
#12 C:\\Users\\Miguel\\Desktop\\Applikcation Octobre\\Projet gestion de stock\\backend\\vendor\\laravel\\framework\\src\\Illuminate\\Pipeline\\Pipeline.php(180): Illuminate\\Foundation\\Http\\Kernel->Illuminate\\Foundation\\Http\\{closure}(Object(Illuminate\\Http\\Request))
#13 C:\\Users\\Miguel\\Desktop\\Applikcation Octobre\\Projet gestion de stock\\backend\\vendor\\laravel\\framework\\src\\Illuminate\\Foundation\\Http\\Middleware\\TransformsRequest.php(21): Illuminate\\Pipeline\\Pipeline->Illuminate\\Pipeline\\{closure}(Object(Illuminate\\Http\\Request))
#14 C:\\Users\\Miguel\\Desktop\\Applikcation Octobre\\Projet gestion de stock\\backend\\vendor\\laravel\\framework\\src\\Illuminate\\Foundation\\Http\\Middleware\\ConvertEmptyStringsToNull.php(31): Illuminate\\Foundation\\Http\\Middleware\\TransformsRequest->handle(Object(Illuminate\\Http\\Request), Object(Closure))
#15 C:\\Users\\Miguel\\Desktop\\Applikcation Octobre\\Projet gestion de stock\\backend\\vendor\\laravel\\framework\\src\\Illuminate\\Pipeline\\Pipeline.php(219): Illuminate\\Foundation\\Http\\Middleware\\ConvertEmptyStringsToNull->handle(Object(Illuminate\\Http\\Request), Object(Closure))
#16 C:\\Users\\Miguel\\Desktop\\Applikcation Octobre\\Projet gestion de stock\\backend\\vendor\\laravel\\framework\\src\\Illuminate\\Foundation\\Http\\Middleware\\TransformsRequest.php(21): Illuminate\\Pipeline\\Pipeline->Illuminate\\Pipeline\\{closure}(Object(Illuminate\\Http\\Request))
#17 C:\\Users\\Miguel\\Desktop\\Applikcation Octobre\\Projet gestion de stock\\backend\\vendor\\laravel\\framework\\src\\Illuminate\\Foundation\\Http\\Middleware\\TrimStrings.php(51): Illuminate\\Foundation\\Http\\Middleware\\TransformsRequest->handle(Object(Illuminate\\Http\\Request), Object(Closure))
#18 C:\\Users\\Miguel\\Desktop\\Applikcation Octobre\\Projet gestion de stock\\backend\\vendor\\laravel\\framework\\src\\Illuminate\\Pipeline\\Pipeline.php(219): Illuminate\\Foundation\\Http\\Middleware\\TrimStrings->handle(Object(Illuminate\\Http\\Request), Object(Closure))
#19 C:\\Users\\Miguel\\Desktop\\Applikcation Octobre\\Projet gestion de stock\\backend\\vendor\\laravel\\framework\\src\\Illuminate\\Http\\Middleware\\ValidatePostSize.php(27): Illuminate\\Pipeline\\Pipeline->Illuminate\\Pipeline\\{closure}(Object(Illuminate\\Http\\Request))
#20 C:\\Users\\Miguel\\Desktop\\Applikcation Octobre\\Projet gestion de stock\\backend\\vendor\\laravel\\framework\\src\\Illuminate\\Pipeline\\Pipeline.php(219): Illuminate\\Http\\Middleware\\ValidatePostSize->handle(Object(Illuminate\\Http\\Request), Object(Closure))
#21 C:\\Users\\Miguel\\Desktop\\Applikcation Octobre\\Projet gestion de stock\\backend\\vendor\\laravel\\framework\\src\\Illuminate\\Http\\Middleware\\HandleCors.php(61): Illuminate\\Pipeline\\Pipeline->Illuminate\\Pipeline\\{closure}(Object(Illuminate\\Http\\Request))
#22 C:\\Users\\Miguel\\Desktop\\Applikcation Octobre\\Projet gestion de stock\\backend\\vendor\\laravel\\framework\\src\\Illuminate\\Pipeline\\Pipeline.php(219): Illuminate\\Http\\Middleware\\HandleCors->handle(Object(Illuminate\\Http\\Request), Object(Closure))
#23 C:\\Users\\Miguel\\Desktop\\Applikcation Octobre\\Projet gestion de stock\\backend\\vendor\\laravel\\framework\\src\\Illuminate\\Http\\Middleware\\TrustProxies.php(58): Illuminate\\Pipeline\\Pipeline->Illuminate\\Pipeline\\{closure}(Object(Illuminate\\Http\\Request))
#24 C:\\Users\\Miguel\\Desktop\\Applikcation Octobre\\Projet gestion de stock\\backend\\vendor\\laravel\\framework\\src\\Illuminate\\Pipeline\\Pipeline.php(219): Illuminate\\Http\\Middleware\\TrustProxies->handle(Object(Illuminate\\Http\\Request), Object(Closure))
#25 C:\\Users\\Miguel\\Desktop\\Applikcation Octobre\\Projet gestion de stock\\backend\\vendor\\laravel\\framework\\src\\Illuminate\\Pipeline\\Pipeline.php(137): Illuminate\\Pipeline\\Pipeline->Illuminate\\Pipeline\\{closure}(Object(Illuminate\\Http\\Request))
#26 C:\\Users\\Miguel\\Desktop\\Applikcation Octobre\\Projet gestion de stock\\backend\\vendor\\laravel\\framework\\src\\Illuminate\\Foundation\\Http\\Kernel.php(175): Illuminate\\Pipeline\\Pipeline->then(Object(Closure))
#27 C:\\Users\\Miguel\\Desktop\\Applikcation Octobre\\Projet gestion de stock\\backend\\vendor\\laravel\\framework\\src\\Illuminate\\Foundation\\Http\\Kernel.php(144): Illuminate\\Foundation\\Http\\Kernel->sendRequestThroughRouter(Object(Illuminate\\Http\\Request))
#28 C:\\Users\\Miguel\\Desktop\\Applikcation Octobre\\Projet gestion de stock\\backend\\public\\index.php(51): Illuminate\\Foundation\\Http\\Kernel->handle(Object(Illuminate\\Http\\Request))
#29 C:\\Users\\Miguel\\Desktop\\Applikcation Octobre\\Projet gestion de stock\\backend\\vendor\\laravel\\framework\\src\\Illuminate\\Foundation\\resources\\server.php(23): require_once('C:\\\\Users\\\\Miguel...')
#30 {main}
"} 
[2025-11-11 15:29:33] local.ERROR: Target class [cors] does not exist. {"exception":"[object] (Illuminate\\Contracts\\Container\\BindingResolutionException(code: 0): Target class [cors] does not exist. at C:\\Users\\Miguel\\Desktop\\Applikcation Octobre\\Projet gestion de stock\\backend\\vendor\\laravel\\framework\\src\\Illuminate\\Container\\Container.php:1163)
[stacktrace]
#0 C:\\Users\\Miguel\\Desktop\\Applikcation Octobre\\Projet gestion de stock\\backend\\vendor\\laravel\\framework\\src\\Illuminate\\Container\\Container.php(972): Illuminate\\Container\\Container->build('cors')
#1 C:\\Users\\Miguel\\Desktop\\Applikcation Octobre\\Projet gestion de stock\\backend\\vendor\\laravel\\framework\\src\\Illuminate\\Foundation\\Application.php(1078): Illuminate\\Container\\Container->resolve('cors', Array, true)
#2 C:\\Users\\Miguel\\Desktop\\Applikcation Octobre\\Projet gestion de stock\\backend\\vendor\\laravel\\framework\\src\\Illuminate\\Container\\Container.php(903): Illuminate\\Foundation\\Application->resolve('cors', Array)
#3 C:\\Users\\Miguel\\Desktop\\Applikcation Octobre\\Projet gestion de stock\\backend\\vendor\\laravel\\framework\\src\\Illuminate\\Foundation\\Application.php(1058): Illuminate\\Container\\Container->make('cors', Array)
#4 C:\\Users\\Miguel\\Desktop\\Applikcation Octobre\\Projet gestion de stock\\backend\\vendor\\laravel\\framework\\src\\Illuminate\\Foundation\\Http\\Kernel.php(257): Illuminate\\Foundation\\Application->make('cors')
#5 C:\\Users\\Miguel\\Desktop\\Applikcation Octobre\\Projet gestion de stock\\backend\\vendor\\laravel\\framework\\src\\Illuminate\\Foundation\\Http\\Kernel.php(215): Illuminate\\Foundation\\Http\\Kernel->terminateMiddleware(Object(Illuminate\\Http\\Request), Object(Illuminate\\Http\\Response))
#6 C:\\Users\\Miguel\\Desktop\\Applikcation Octobre\\Projet gestion de stock\\backend\\public\\index.php(55): Illuminate\\Foundation\\Http\\Kernel->terminate(Object(Illuminate\\Http\\Request), Object(Illuminate\\Http\\Response))
#7 C:\\Users\\Miguel\\Desktop\\Applikcation Octobre\\Projet gestion de stock\\backend\\vendor\\laravel\\framework\\src\\Illuminate\\Foundation\\resources\\server.php(23): require_once('C:\\\\Users\\\\Miguel...')
#8 {main}

[previous exception] [object] (ReflectionException(code: -1): Class \"cors\" does not exist at C:\\Users\\Miguel\\Desktop\\Applikcation Octobre\\Projet gestion de stock\\backend\\vendor\\laravel\\framework\\src\\Illuminate\\Container\\Container.php:1161)
[stacktrace]
#0 C:\\Users\\Miguel\\Desktop\\Applikcation Octobre\\Projet gestion de stock\\backend\\vendor\\laravel\\framework\\src\\Illuminate\\Container\\Container.php(1161): ReflectionClass->__construct('cors')
#1 C:\\Users\\Miguel\\Desktop\\Applikcation Octobre\\Projet gestion de stock\\backend\\vendor\\laravel\\framework\\src\\Illuminate\\Container\\Container.php(972): Illuminate\\Container\\Container->build('cors')
#2 C:\\Users\\Miguel\\Desktop\\Applikcation Octobre\\Projet gestion de stock\\backend\\vendor\\laravel\\framework\\src\\Illuminate\\Foundation\\Application.php(1078): Illuminate\\Container\\Container->resolve('cors', Array, true)
#3 C:\\Users\\Miguel\\Desktop\\Applikcation Octobre\\Projet gestion de stock\\backend\\vendor\\laravel\\framework\\src\\Illuminate\\Container\\Container.php(903): Illuminate\\Foundation\\Application->resolve('cors', Array)
#4 C:\\Users\\Miguel\\Desktop\\Applikcation Octobre\\Projet gestion de stock\\backend\\vendor\\laravel\\framework\\src\\Illuminate\\Foundation\\Application.php(1058): Illuminate\\Container\\Container->make('cors', Array)
#5 C:\\Users\\Miguel\\Desktop\\Applikcation Octobre\\Projet gestion de stock\\backend\\vendor\\laravel\\framework\\src\\Illuminate\\Foundation\\Http\\Kernel.php(257): Illuminate\\Foundation\\Application->make('cors')
#6 C:\\Users\\Miguel\\Desktop\\Applikcation Octobre\\Projet gestion de stock\\backend\\vendor\\laravel\\framework\\src\\Illuminate\\Foundation\\Http\\Kernel.php(215): Illuminate\\Foundation\\Http\\Kernel->terminateMiddleware(Object(Illuminate\\Http\\Request), Object(Illuminate\\Http\\Response))
#7 C:\\Users\\Miguel\\Desktop\\Applikcation Octobre\\Projet gestion de stock\\backend\\public\\index.php(55): Illuminate\\Foundation\\Http\\Kernel->terminate(Object(Illuminate\\Http\\Request), Object(Illuminate\\Http\\Response))
#8 C:\\Users\\Miguel\\Desktop\\Applikcation Octobre\\Projet gestion de stock\\backend\\vendor\\laravel\\framework\\src\\Illuminate\\Foundation\\resources\\server.php(23): require_once('C:\\\\Users\\\\Miguel...')
#9 {main}
"} 
[2025-11-11 15:30:43] local.ERROR: Target class [cors] does not exist. {"exception":"[object] (Illuminate\\Contracts\\Container\\BindingResolutionException(code: 0): Target class [cors] does not exist. at C:\\Users\\Miguel\\Desktop\\Applikcation Octobre\\Projet gestion de stock\\backend\\vendor\\laravel\\framework\\src\\Illuminate\\Container\\Container.php:1163)
[stacktrace]
#0 C:\\Users\\Miguel\\Desktop\\Applikcation Octobre\\Projet gestion de stock\\backend\\vendor\\laravel\\framework\\src\\Illuminate\\Container\\Container.php(972): Illuminate\\Container\\Container->build('cors')
#1 C:\\Users\\Miguel\\Desktop\\Applikcation Octobre\\Projet gestion de stock\\backend\\vendor\\laravel\\framework\\src\\Illuminate\\Foundation\\Application.php(1078): Illuminate\\Container\\Container->resolve('cors', Array, true)
#2 C:\\Users\\Miguel\\Desktop\\Applikcation Octobre\\Projet gestion de stock\\backend\\vendor\\laravel\\framework\\src\\Illuminate\\Container\\Container.php(903): Illuminate\\Foundation\\Application->resolve('cors', Array)
#3 C:\\Users\\Miguel\\Desktop\\Applikcation Octobre\\Projet gestion de stock\\backend\\vendor\\laravel\\framework\\src\\Illuminate\\Foundation\\Application.php(1058): Illuminate\\Container\\Container->make('cors', Array)
#4 C:\\Users\\Miguel\\Desktop\\Applikcation Octobre\\Projet gestion de stock\\backend\\vendor\\laravel\\framework\\src\\Illuminate\\Pipeline\\Pipeline.php(208): Illuminate\\Foundation\\Application->make('cors')
#5 C:\\Users\\Miguel\\Desktop\\Applikcation Octobre\\Projet gestion de stock\\backend\\vendor\\laravel\\framework\\src\\Illuminate\\Pipeline\\Pipeline.php(137): Illuminate\\Pipeline\\Pipeline->Illuminate\\Pipeline\\{closure}(Object(Illuminate\\Http\\Request))
#6 C:\\Users\\Miguel\\Desktop\\Applikcation Octobre\\Projet gestion de stock\\backend\\vendor\\laravel\\framework\\src\\Illuminate\\Routing\\Router.php(821): Illuminate\\Pipeline\\Pipeline->then(Object(Closure))
#7 C:\\Users\\Miguel\\Desktop\\Applikcation Octobre\\Projet gestion de stock\\backend\\vendor\\laravel\\framework\\src\\Illuminate\\Routing\\Router.php(800): Illuminate\\Routing\\Router->runRouteWithinStack(Object(Illuminate\\Routing\\Route), Object(Illuminate\\Http\\Request))
#8 C:\\Users\\Miguel\\Desktop\\Applikcation Octobre\\Projet gestion de stock\\backend\\vendor\\laravel\\framework\\src\\Illuminate\\Routing\\Router.php(764): Illuminate\\Routing\\Router->runRoute(Object(Illuminate\\Http\\Request), Object(Illuminate\\Routing\\Route))
#9 C:\\Users\\Miguel\\Desktop\\Applikcation Octobre\\Projet gestion de stock\\backend\\vendor\\laravel\\framework\\src\\Illuminate\\Routing\\Router.php(753): Illuminate\\Routing\\Router->dispatchToRoute(Object(Illuminate\\Http\\Request))
#10 C:\\Users\\Miguel\\Desktop\\Applikcation Octobre\\Projet gestion de stock\\backend\\vendor\\laravel\\framework\\src\\Illuminate\\Foundation\\Http\\Kernel.php(200): Illuminate\\Routing\\Router->dispatch(Object(Illuminate\\Http\\Request))
#11 C:\\Users\\Miguel\\Desktop\\Applikcation Octobre\\Projet gestion de stock\\backend\\vendor\\laravel\\framework\\src\\Illuminate\\Pipeline\\Pipeline.php(180): Illuminate\\Foundation\\Http\\Kernel->Illuminate\\Foundation\\Http\\{closure}(Object(Illuminate\\Http\\Request))
#12 C:\\Users\\Miguel\\Desktop\\Applikcation Octobre\\Projet gestion de stock\\backend\\vendor\\laravel\\framework\\src\\Illuminate\\Foundation\\Http\\Middleware\\TransformsRequest.php(21): Illuminate\\Pipeline\\Pipeline->Illuminate\\Pipeline\\{closure}(Object(Illuminate\\Http\\Request))
#13 C:\\Users\\Miguel\\Desktop\\Applikcation Octobre\\Projet gestion de stock\\backend\\vendor\\laravel\\framework\\src\\Illuminate\\Foundation\\Http\\Middleware\\ConvertEmptyStringsToNull.php(31): Illuminate\\Foundation\\Http\\Middleware\\TransformsRequest->handle(Object(Illuminate\\Http\\Request), Object(Closure))
#14 C:\\Users\\Miguel\\Desktop\\Applikcation Octobre\\Projet gestion de stock\\backend\\vendor\\laravel\\framework\\src\\Illuminate\\Pipeline\\Pipeline.php(219): Illuminate\\Foundation\\Http\\Middleware\\ConvertEmptyStringsToNull->handle(Object(Illuminate\\Http\\Request), Object(Closure))
#15 C:\\Users\\Miguel\\Desktop\\Applikcation Octobre\\Projet gestion de stock\\backend\\vendor\\laravel\\framework\\src\\Illuminate\\Foundation\\Http\\Middleware\\TransformsRequest.php(21): Illuminate\\Pipeline\\Pipeline->Illuminate\\Pipeline\\{closure}(Object(Illuminate\\Http\\Request))
#16 C:\\Users\\Miguel\\Desktop\\Applikcation Octobre\\Projet gestion de stock\\backend\\vendor\\laravel\\framework\\src\\Illuminate\\Foundation\\Http\\Middleware\\TrimStrings.php(51): Illuminate\\Foundation\\Http\\Middleware\\TransformsRequest->handle(Object(Illuminate\\Http\\Request), Object(Closure))
#17 C:\\Users\\Miguel\\Desktop\\Applikcation Octobre\\Projet gestion de stock\\backend\\vendor\\laravel\\framework\\src\\Illuminate\\Pipeline\\Pipeline.php(219): Illuminate\\Foundation\\Http\\Middleware\\TrimStrings->handle(Object(Illuminate\\Http\\Request), Object(Closure))
#18 C:\\Users\\Miguel\\Desktop\\Applikcation Octobre\\Projet gestion de stock\\backend\\vendor\\laravel\\framework\\src\\Illuminate\\Http\\Middleware\\ValidatePostSize.php(27): Illuminate\\Pipeline\\Pipeline->Illuminate\\Pipeline\\{closure}(Object(Illuminate\\Http\\Request))
#19 C:\\Users\\Miguel\\Desktop\\Applikcation Octobre\\Projet gestion de stock\\backend\\vendor\\laravel\\framework\\src\\Illuminate\\Pipeline\\Pipeline.php(219): Illuminate\\Http\\Middleware\\ValidatePostSize->handle(Object(Illuminate\\Http\\Request), Object(Closure))
#20 C:\\Users\\Miguel\\Desktop\\Applikcation Octobre\\Projet gestion de stock\\backend\\vendor\\laravel\\framework\\src\\Illuminate\\Http\\Middleware\\HandleCors.php(61): Illuminate\\Pipeline\\Pipeline->Illuminate\\Pipeline\\{closure}(Object(Illuminate\\Http\\Request))
#21 C:\\Users\\Miguel\\Desktop\\Applikcation Octobre\\Projet gestion de stock\\backend\\vendor\\laravel\\framework\\src\\Illuminate\\Pipeline\\Pipeline.php(219): Illuminate\\Http\\Middleware\\HandleCors->handle(Object(Illuminate\\Http\\Request), Object(Closure))
#22 C:\\Users\\Miguel\\Desktop\\Applikcation Octobre\\Projet gestion de stock\\backend\\vendor\\laravel\\framework\\src\\Illuminate\\Http\\Middleware\\TrustProxies.php(58): Illuminate\\Pipeline\\Pipeline->Illuminate\\Pipeline\\{closure}(Object(Illuminate\\Http\\Request))
#23 C:\\Users\\Miguel\\Desktop\\Applikcation Octobre\\Projet gestion de stock\\backend\\vendor\\laravel\\framework\\src\\Illuminate\\Pipeline\\Pipeline.php(219): Illuminate\\Http\\Middleware\\TrustProxies->handle(Object(Illuminate\\Http\\Request), Object(Closure))
#24 C:\\Users\\Miguel\\Desktop\\Applikcation Octobre\\Projet gestion de stock\\backend\\vendor\\laravel\\framework\\src\\Illuminate\\Pipeline\\Pipeline.php(137): Illuminate\\Pipeline\\Pipeline->Illuminate\\Pipeline\\{closure}(Object(Illuminate\\Http\\Request))
#25 C:\\Users\\Miguel\\Desktop\\Applikcation Octobre\\Projet gestion de stock\\backend\\vendor\\laravel\\framework\\src\\Illuminate\\Foundation\\Http\\Kernel.php(175): Illuminate\\Pipeline\\Pipeline->then(Object(Closure))
#26 C:\\Users\\Miguel\\Desktop\\Applikcation Octobre\\Projet gestion de stock\\backend\\vendor\\laravel\\framework\\src\\Illuminate\\Foundation\\Http\\Kernel.php(144): Illuminate\\Foundation\\Http\\Kernel->sendRequestThroughRouter(Object(Illuminate\\Http\\Request))
#27 C:\\Users\\Miguel\\Desktop\\Applikcation Octobre\\Projet gestion de stock\\backend\\public\\index.php(51): Illuminate\\Foundation\\Http\\Kernel->handle(Object(Illuminate\\Http\\Request))
#28 C:\\Users\\Miguel\\Desktop\\Applikcation Octobre\\Projet gestion de stock\\backend\\vendor\\laravel\\framework\\src\\Illuminate\\Foundation\\resources\\server.php(23): require_once('C:\\\\Users\\\\Miguel...')
#29 {main}

[previous exception] [object] (ReflectionException(code: -1): Class \"cors\" does not exist at C:\\Users\\Miguel\\Desktop\\Applikcation Octobre\\Projet gestion de stock\\backend\\vendor\\laravel\\framework\\src\\Illuminate\\Container\\Container.php:1161)
[stacktrace]
#0 C:\\Users\\Miguel\\Desktop\\Applikcation Octobre\\Projet gestion de stock\\backend\\vendor\\laravel\\framework\\src\\Illuminate\\Container\\Container.php(1161): ReflectionClass->__construct('cors')
#1 C:\\Users\\Miguel\\Desktop\\Applikcation Octobre\\Projet gestion de stock\\backend\\vendor\\laravel\\framework\\src\\Illuminate\\Container\\Container.php(972): Illuminate\\Container\\Container->build('cors')
#2 C:\\Users\\Miguel\\Desktop\\Applikcation Octobre\\Projet gestion de stock\\backend\\vendor\\laravel\\framework\\src\\Illuminate\\Foundation\\Application.php(1078): Illuminate\\Container\\Container->resolve('cors', Array, true)
#3 C:\\Users\\Miguel\\Desktop\\Applikcation Octobre\\Projet gestion de stock\\backend\\vendor\\laravel\\framework\\src\\Illuminate\\Container\\Container.php(903): Illuminate\\Foundation\\Application->resolve('cors', Array)
#4 C:\\Users\\Miguel\\Desktop\\Applikcation Octobre\\Projet gestion de stock\\backend\\vendor\\laravel\\framework\\src\\Illuminate\\Foundation\\Application.php(1058): Illuminate\\Container\\Container->make('cors', Array)
#5 C:\\Users\\Miguel\\Desktop\\Applikcation Octobre\\Projet gestion de stock\\backend\\vendor\\laravel\\framework\\src\\Illuminate\\Pipeline\\Pipeline.php(208): Illuminate\\Foundation\\Application->make('cors')
#6 C:\\Users\\Miguel\\Desktop\\Applikcation Octobre\\Projet gestion de stock\\backend\\vendor\\laravel\\framework\\src\\Illuminate\\Pipeline\\Pipeline.php(137): Illuminate\\Pipeline\\Pipeline->Illuminate\\Pipeline\\{closure}(Object(Illuminate\\Http\\Request))
#7 C:\\Users\\Miguel\\Desktop\\Applikcation Octobre\\Projet gestion de stock\\backend\\vendor\\laravel\\framework\\src\\Illuminate\\Routing\\Router.php(821): Illuminate\\Pipeline\\Pipeline->then(Object(Closure))
#8 C:\\Users\\Miguel\\Desktop\\Applikcation Octobre\\Projet gestion de stock\\backend\\vendor\\laravel\\framework\\src\\Illuminate\\Routing\\Router.php(800): Illuminate\\Routing\\Router->runRouteWithinStack(Object(Illuminate\\Routing\\Route), Object(Illuminate\\Http\\Request))
#9 C:\\Users\\Miguel\\Desktop\\Applikcation Octobre\\Projet gestion de stock\\backend\\vendor\\laravel\\framework\\src\\Illuminate\\Routing\\Router.php(764): Illuminate\\Routing\\Router->runRoute(Object(Illuminate\\Http\\Request), Object(Illuminate\\Routing\\Route))
#10 C:\\Users\\Miguel\\Desktop\\Applikcation Octobre\\Projet gestion de stock\\backend\\vendor\\laravel\\framework\\src\\Illuminate\\Routing\\Router.php(753): Illuminate\\Routing\\Router->dispatchToRoute(Object(Illuminate\\Http\\Request))
#11 C:\\Users\\Miguel\\Desktop\\Applikcation Octobre\\Projet gestion de stock\\backend\\vendor\\laravel\\framework\\src\\Illuminate\\Foundation\\Http\\Kernel.php(200): Illuminate\\Routing\\Router->dispatch(Object(Illuminate\\Http\\Request))
#12 C:\\Users\\Miguel\\Desktop\\Applikcation Octobre\\Projet gestion de stock\\backend\\vendor\\laravel\\framework\\src\\Illuminate\\Pipeline\\Pipeline.php(180): Illuminate\\Foundation\\Http\\Kernel->Illuminate\\Foundation\\Http\\{closure}(Object(Illuminate\\Http\\Request))
#13 C:\\Users\\Miguel\\Desktop\\Applikcation Octobre\\Projet gestion de stock\\backend\\vendor\\laravel\\framework\\src\\Illuminate\\Foundation\\Http\\Middleware\\TransformsRequest.php(21): Illuminate\\Pipeline\\Pipeline->Illuminate\\Pipeline\\{closure}(Object(Illuminate\\Http\\Request))
#14 C:\\Users\\Miguel\\Desktop\\Applikcation Octobre\\Projet gestion de stock\\backend\\vendor\\laravel\\framework\\src\\Illuminate\\Foundation\\Http\\Middleware\\ConvertEmptyStringsToNull.php(31): Illuminate\\Foundation\\Http\\Middleware\\TransformsRequest->handle(Object(Illuminate\\Http\\Request), Object(Closure))
#15 C:\\Users\\Miguel\\Desktop\\Applikcation Octobre\\Projet gestion de stock\\backend\\vendor\\laravel\\framework\\src\\Illuminate\\Pipeline\\Pipeline.php(219): Illuminate\\Foundation\\Http\\Middleware\\ConvertEmptyStringsToNull->handle(Object(Illuminate\\Http\\Request), Object(Closure))
#16 C:\\Users\\Miguel\\Desktop\\Applikcation Octobre\\Projet gestion de stock\\backend\\vendor\\laravel\\framework\\src\\Illuminate\\Foundation\\Http\\Middleware\\TransformsRequest.php(21): Illuminate\\Pipeline\\Pipeline->Illuminate\\Pipeline\\{closure}(Object(Illuminate\\Http\\Request))
#17 C:\\Users\\Miguel\\Desktop\\Applikcation Octobre\\Projet gestion de stock\\backend\\vendor\\laravel\\framework\\src\\Illuminate\\Foundation\\Http\\Middleware\\TrimStrings.php(51): Illuminate\\Foundation\\Http\\Middleware\\TransformsRequest->handle(Object(Illuminate\\Http\\Request), Object(Closure))
#18 C:\\Users\\Miguel\\Desktop\\Applikcation Octobre\\Projet gestion de stock\\backend\\vendor\\laravel\\framework\\src\\Illuminate\\Pipeline\\Pipeline.php(219): Illuminate\\Foundation\\Http\\Middleware\\TrimStrings->handle(Object(Illuminate\\Http\\Request), Object(Closure))
#19 C:\\Users\\Miguel\\Desktop\\Applikcation Octobre\\Projet gestion de stock\\backend\\vendor\\laravel\\framework\\src\\Illuminate\\Http\\Middleware\\ValidatePostSize.php(27): Illuminate\\Pipeline\\Pipeline->Illuminate\\Pipeline\\{closure}(Object(Illuminate\\Http\\Request))
#20 C:\\Users\\Miguel\\Desktop\\Applikcation Octobre\\Projet gestion de stock\\backend\\vendor\\laravel\\framework\\src\\Illuminate\\Pipeline\\Pipeline.php(219): Illuminate\\Http\\Middleware\\ValidatePostSize->handle(Object(Illuminate\\Http\\Request), Object(Closure))
#21 C:\\Users\\Miguel\\Desktop\\Applikcation Octobre\\Projet gestion de stock\\backend\\vendor\\laravel\\framework\\src\\Illuminate\\Http\\Middleware\\HandleCors.php(61): Illuminate\\Pipeline\\Pipeline->Illuminate\\Pipeline\\{closure}(Object(Illuminate\\Http\\Request))
#22 C:\\Users\\Miguel\\Desktop\\Applikcation Octobre\\Projet gestion de stock\\backend\\vendor\\laravel\\framework\\src\\Illuminate\\Pipeline\\Pipeline.php(219): Illuminate\\Http\\Middleware\\HandleCors->handle(Object(Illuminate\\Http\\Request), Object(Closure))
#23 C:\\Users\\Miguel\\Desktop\\Applikcation Octobre\\Projet gestion de stock\\backend\\vendor\\laravel\\framework\\src\\Illuminate\\Http\\Middleware\\TrustProxies.php(58): Illuminate\\Pipeline\\Pipeline->Illuminate\\Pipeline\\{closure}(Object(Illuminate\\Http\\Request))
#24 C:\\Users\\Miguel\\Desktop\\Applikcation Octobre\\Projet gestion de stock\\backend\\vendor\\laravel\\framework\\src\\Illuminate\\Pipeline\\Pipeline.php(219): Illuminate\\Http\\Middleware\\TrustProxies->handle(Object(Illuminate\\Http\\Request), Object(Closure))
#25 C:\\Users\\Miguel\\Desktop\\Applikcation Octobre\\Projet gestion de stock\\backend\\vendor\\laravel\\framework\\src\\Illuminate\\Pipeline\\Pipeline.php(137): Illuminate\\Pipeline\\Pipeline->Illuminate\\Pipeline\\{closure}(Object(Illuminate\\Http\\Request))
#26 C:\\Users\\Miguel\\Desktop\\Applikcation Octobre\\Projet gestion de stock\\backend\\vendor\\laravel\\framework\\src\\Illuminate\\Foundation\\Http\\Kernel.php(175): Illuminate\\Pipeline\\Pipeline->then(Object(Closure))
#27 C:\\Users\\Miguel\\Desktop\\Applikcation Octobre\\Projet gestion de stock\\backend\\vendor\\laravel\\framework\\src\\Illuminate\\Foundation\\Http\\Kernel.php(144): Illuminate\\Foundation\\Http\\Kernel->sendRequestThroughRouter(Object(Illuminate\\Http\\Request))
#28 C:\\Users\\Miguel\\Desktop\\Applikcation Octobre\\Projet gestion de stock\\backend\\public\\index.php(51): Illuminate\\Foundation\\Http\\Kernel->handle(Object(Illuminate\\Http\\Request))
#29 C:\\Users\\Miguel\\Desktop\\Applikcation Octobre\\Projet gestion de stock\\backend\\vendor\\laravel\\framework\\src\\Illuminate\\Foundation\\resources\\server.php(23): require_once('C:\\\\Users\\\\Miguel...')
#30 {main}
"} 
[2025-11-11 15:30:43] local.ERROR: Target class [cors] does not exist. {"exception":"[object] (Illuminate\\Contracts\\Container\\BindingResolutionException(code: 0): Target class [cors] does not exist. at C:\\Users\\Miguel\\Desktop\\Applikcation Octobre\\Projet gestion de stock\\backend\\vendor\\laravel\\framework\\src\\Illuminate\\Container\\Container.php:1163)
[stacktrace]
#0 C:\\Users\\Miguel\\Desktop\\Applikcation Octobre\\Projet gestion de stock\\backend\\vendor\\laravel\\framework\\src\\Illuminate\\Container\\Container.php(972): Illuminate\\Container\\Container->build('cors')
#1 C:\\Users\\Miguel\\Desktop\\Applikcation Octobre\\Projet gestion de stock\\backend\\vendor\\laravel\\framework\\src\\Illuminate\\Foundation\\Application.php(1078): Illuminate\\Container\\Container->resolve('cors', Array, true)
#2 C:\\Users\\Miguel\\Desktop\\Applikcation Octobre\\Projet gestion de stock\\backend\\vendor\\laravel\\framework\\src\\Illuminate\\Container\\Container.php(903): Illuminate\\Foundation\\Application->resolve('cors', Array)
#3 C:\\Users\\Miguel\\Desktop\\Applikcation Octobre\\Projet gestion de stock\\backend\\vendor\\laravel\\framework\\src\\Illuminate\\Foundation\\Application.php(1058): Illuminate\\Container\\Container->make('cors', Array)
#4 C:\\Users\\Miguel\\Desktop\\Applikcation Octobre\\Projet gestion de stock\\backend\\vendor\\laravel\\framework\\src\\Illuminate\\Foundation\\Http\\Kernel.php(257): Illuminate\\Foundation\\Application->make('cors')
#5 C:\\Users\\Miguel\\Desktop\\Applikcation Octobre\\Projet gestion de stock\\backend\\vendor\\laravel\\framework\\src\\Illuminate\\Foundation\\Http\\Kernel.php(215): Illuminate\\Foundation\\Http\\Kernel->terminateMiddleware(Object(Illuminate\\Http\\Request), Object(Illuminate\\Http\\JsonResponse))
#6 C:\\Users\\Miguel\\Desktop\\Applikcation Octobre\\Projet gestion de stock\\backend\\public\\index.php(55): Illuminate\\Foundation\\Http\\Kernel->terminate(Object(Illuminate\\Http\\Request), Object(Illuminate\\Http\\JsonResponse))
#7 C:\\Users\\Miguel\\Desktop\\Applikcation Octobre\\Projet gestion de stock\\backend\\vendor\\laravel\\framework\\src\\Illuminate\\Foundation\\resources\\server.php(23): require_once('C:\\\\Users\\\\Miguel...')
#8 {main}

[previous exception] [object] (ReflectionException(code: -1): Class \"cors\" does not exist at C:\\Users\\Miguel\\Desktop\\Applikcation Octobre\\Projet gestion de stock\\backend\\vendor\\laravel\\framework\\src\\Illuminate\\Container\\Container.php:1161)
[stacktrace]
#0 C:\\Users\\Miguel\\Desktop\\Applikcation Octobre\\Projet gestion de stock\\backend\\vendor\\laravel\\framework\\src\\Illuminate\\Container\\Container.php(1161): ReflectionClass->__construct('cors')
#1 C:\\Users\\Miguel\\Desktop\\Applikcation Octobre\\Projet gestion de stock\\backend\\vendor\\laravel\\framework\\src\\Illuminate\\Container\\Container.php(972): Illuminate\\Container\\Container->build('cors')
#2 C:\\Users\\Miguel\\Desktop\\Applikcation Octobre\\Projet gestion de stock\\backend\\vendor\\laravel\\framework\\src\\Illuminate\\Foundation\\Application.php(1078): Illuminate\\Container\\Container->resolve('cors', Array, true)
#3 C:\\Users\\Miguel\\Desktop\\Applikcation Octobre\\Projet gestion de stock\\backend\\vendor\\laravel\\framework\\src\\Illuminate\\Container\\Container.php(903): Illuminate\\Foundation\\Application->resolve('cors', Array)
#4 C:\\Users\\Miguel\\Desktop\\Applikcation Octobre\\Projet gestion de stock\\backend\\vendor\\laravel\\framework\\src\\Illuminate\\Foundation\\Application.php(1058): Illuminate\\Container\\Container->make('cors', Array)
#5 C:\\Users\\Miguel\\Desktop\\Applikcation Octobre\\Projet gestion de stock\\backend\\vendor\\laravel\\framework\\src\\Illuminate\\Foundation\\Http\\Kernel.php(257): Illuminate\\Foundation\\Application->make('cors')
#6 C:\\Users\\Miguel\\Desktop\\Applikcation Octobre\\Projet gestion de stock\\backend\\vendor\\laravel\\framework\\src\\Illuminate\\Foundation\\Http\\Kernel.php(215): Illuminate\\Foundation\\Http\\Kernel->terminateMiddleware(Object(Illuminate\\Http\\Request), Object(Illuminate\\Http\\JsonResponse))
#7 C:\\Users\\Miguel\\Desktop\\Applikcation Octobre\\Projet gestion de stock\\backend\\public\\index.php(55): Illuminate\\Foundation\\Http\\Kernel->terminate(Object(Illuminate\\Http\\Request), Object(Illuminate\\Http\\JsonResponse))
#8 C:\\Users\\Miguel\\Desktop\\Applikcation Octobre\\Projet gestion de stock\\backend\\vendor\\laravel\\framework\\src\\Illuminate\\Foundation\\resources\\server.php(23): require_once('C:\\\\Users\\\\Miguel...')
#9 {main}
"} 
[2025-11-11 15:32:23] local.ERROR: Target class [cors] does not exist. {"exception":"[object] (Illuminate\\Contracts\\Container\\BindingResolutionException(code: 0): Target class [cors] does not exist. at C:\\Users\\Miguel\\Desktop\\Applikcation Octobre\\Projet gestion de stock\\backend\\vendor\\laravel\\framework\\src\\Illuminate\\Container\\Container.php:1163)
[stacktrace]
#0 C:\\Users\\Miguel\\Desktop\\Applikcation Octobre\\Projet gestion de stock\\backend\\vendor\\laravel\\framework\\src\\Illuminate\\Container\\Container.php(972): Illuminate\\Container\\Container->build('cors')
#1 C:\\Users\\Miguel\\Desktop\\Applikcation Octobre\\Projet gestion de stock\\backend\\vendor\\laravel\\framework\\src\\Illuminate\\Foundation\\Application.php(1078): Illuminate\\Container\\Container->resolve('cors', Array, true)
#2 C:\\Users\\Miguel\\Desktop\\Applikcation Octobre\\Projet gestion de stock\\backend\\vendor\\laravel\\framework\\src\\Illuminate\\Container\\Container.php(903): Illuminate\\Foundation\\Application->resolve('cors', Array)
#3 C:\\Users\\Miguel\\Desktop\\Applikcation Octobre\\Projet gestion de stock\\backend\\vendor\\laravel\\framework\\src\\Illuminate\\Foundation\\Application.php(1058): Illuminate\\Container\\Container->make('cors', Array)
#4 C:\\Users\\Miguel\\Desktop\\Applikcation Octobre\\Projet gestion de stock\\backend\\vendor\\laravel\\framework\\src\\Illuminate\\Pipeline\\Pipeline.php(208): Illuminate\\Foundation\\Application->make('cors')
#5 C:\\Users\\Miguel\\Desktop\\Applikcation Octobre\\Projet gestion de stock\\backend\\vendor\\laravel\\framework\\src\\Illuminate\\Pipeline\\Pipeline.php(137): Illuminate\\Pipeline\\Pipeline->Illuminate\\Pipeline\\{closure}(Object(Illuminate\\Http\\Request))
#6 C:\\Users\\Miguel\\Desktop\\Applikcation Octobre\\Projet gestion de stock\\backend\\vendor\\laravel\\framework\\src\\Illuminate\\Routing\\Router.php(821): Illuminate\\Pipeline\\Pipeline->then(Object(Closure))
#7 C:\\Users\\Miguel\\Desktop\\Applikcation Octobre\\Projet gestion de stock\\backend\\vendor\\laravel\\framework\\src\\Illuminate\\Routing\\Router.php(800): Illuminate\\Routing\\Router->runRouteWithinStack(Object(Illuminate\\Routing\\Route), Object(Illuminate\\Http\\Request))
#8 C:\\Users\\Miguel\\Desktop\\Applikcation Octobre\\Projet gestion de stock\\backend\\vendor\\laravel\\framework\\src\\Illuminate\\Routing\\Router.php(764): Illuminate\\Routing\\Router->runRoute(Object(Illuminate\\Http\\Request), Object(Illuminate\\Routing\\Route))
#9 C:\\Users\\Miguel\\Desktop\\Applikcation Octobre\\Projet gestion de stock\\backend\\vendor\\laravel\\framework\\src\\Illuminate\\Routing\\Router.php(753): Illuminate\\Routing\\Router->dispatchToRoute(Object(Illuminate\\Http\\Request))
#10 C:\\Users\\Miguel\\Desktop\\Applikcation Octobre\\Projet gestion de stock\\backend\\vendor\\laravel\\framework\\src\\Illuminate\\Foundation\\Http\\Kernel.php(200): Illuminate\\Routing\\Router->dispatch(Object(Illuminate\\Http\\Request))
#11 C:\\Users\\Miguel\\Desktop\\Applikcation Octobre\\Projet gestion de stock\\backend\\vendor\\laravel\\framework\\src\\Illuminate\\Pipeline\\Pipeline.php(180): Illuminate\\Foundation\\Http\\Kernel->Illuminate\\Foundation\\Http\\{closure}(Object(Illuminate\\Http\\Request))
#12 C:\\Users\\Miguel\\Desktop\\Applikcation Octobre\\Projet gestion de stock\\backend\\vendor\\laravel\\framework\\src\\Illuminate\\Foundation\\Http\\Middleware\\TransformsRequest.php(21): Illuminate\\Pipeline\\Pipeline->Illuminate\\Pipeline\\{closure}(Object(Illuminate\\Http\\Request))
#13 C:\\Users\\Miguel\\Desktop\\Applikcation Octobre\\Projet gestion de stock\\backend\\vendor\\laravel\\framework\\src\\Illuminate\\Foundation\\Http\\Middleware\\ConvertEmptyStringsToNull.php(31): Illuminate\\Foundation\\Http\\Middleware\\TransformsRequest->handle(Object(Illuminate\\Http\\Request), Object(Closure))
#14 C:\\Users\\Miguel\\Desktop\\Applikcation Octobre\\Projet gestion de stock\\backend\\vendor\\laravel\\framework\\src\\Illuminate\\Pipeline\\Pipeline.php(219): Illuminate\\Foundation\\Http\\Middleware\\ConvertEmptyStringsToNull->handle(Object(Illuminate\\Http\\Request), Object(Closure))
#15 C:\\Users\\Miguel\\Desktop\\Applikcation Octobre\\Projet gestion de stock\\backend\\vendor\\laravel\\framework\\src\\Illuminate\\Foundation\\Http\\Middleware\\TransformsRequest.php(21): Illuminate\\Pipeline\\Pipeline->Illuminate\\Pipeline\\{closure}(Object(Illuminate\\Http\\Request))
#16 C:\\Users\\Miguel\\Desktop\\Applikcation Octobre\\Projet gestion de stock\\backend\\vendor\\laravel\\framework\\src\\Illuminate\\Foundation\\Http\\Middleware\\TrimStrings.php(51): Illuminate\\Foundation\\Http\\Middleware\\TransformsRequest->handle(Object(Illuminate\\Http\\Request), Object(Closure))
#17 C:\\Users\\Miguel\\Desktop\\Applikcation Octobre\\Projet gestion de stock\\backend\\vendor\\laravel\\framework\\src\\Illuminate\\Pipeline\\Pipeline.php(219): Illuminate\\Foundation\\Http\\Middleware\\TrimStrings->handle(Object(Illuminate\\Http\\Request), Object(Closure))
#18 C:\\Users\\Miguel\\Desktop\\Applikcation Octobre\\Projet gestion de stock\\backend\\vendor\\laravel\\framework\\src\\Illuminate\\Http\\Middleware\\ValidatePostSize.php(27): Illuminate\\Pipeline\\Pipeline->Illuminate\\Pipeline\\{closure}(Object(Illuminate\\Http\\Request))
#19 C:\\Users\\Miguel\\Desktop\\Applikcation Octobre\\Projet gestion de stock\\backend\\vendor\\laravel\\framework\\src\\Illuminate\\Pipeline\\Pipeline.php(219): Illuminate\\Http\\Middleware\\ValidatePostSize->handle(Object(Illuminate\\Http\\Request), Object(Closure))
#20 C:\\Users\\Miguel\\Desktop\\Applikcation Octobre\\Projet gestion de stock\\backend\\vendor\\laravel\\framework\\src\\Illuminate\\Http\\Middleware\\HandleCors.php(61): Illuminate\\Pipeline\\Pipeline->Illuminate\\Pipeline\\{closure}(Object(Illuminate\\Http\\Request))
#21 C:\\Users\\Miguel\\Desktop\\Applikcation Octobre\\Projet gestion de stock\\backend\\vendor\\laravel\\framework\\src\\Illuminate\\Pipeline\\Pipeline.php(219): Illuminate\\Http\\Middleware\\HandleCors->handle(Object(Illuminate\\Http\\Request), Object(Closure))
#22 C:\\Users\\Miguel\\Desktop\\Applikcation Octobre\\Projet gestion de stock\\backend\\vendor\\laravel\\framework\\src\\Illuminate\\Http\\Middleware\\TrustProxies.php(58): Illuminate\\Pipeline\\Pipeline->Illuminate\\Pipeline\\{closure}(Object(Illuminate\\Http\\Request))
#23 C:\\Users\\Miguel\\Desktop\\Applikcation Octobre\\Projet gestion de stock\\backend\\vendor\\laravel\\framework\\src\\Illuminate\\Pipeline\\Pipeline.php(219): Illuminate\\Http\\Middleware\\TrustProxies->handle(Object(Illuminate\\Http\\Request), Object(Closure))
#24 C:\\Users\\Miguel\\Desktop\\Applikcation Octobre\\Projet gestion de stock\\backend\\vendor\\laravel\\framework\\src\\Illuminate\\Pipeline\\Pipeline.php(137): Illuminate\\Pipeline\\Pipeline->Illuminate\\Pipeline\\{closure}(Object(Illuminate\\Http\\Request))
#25 C:\\Users\\Miguel\\Desktop\\Applikcation Octobre\\Projet gestion de stock\\backend\\vendor\\laravel\\framework\\src\\Illuminate\\Foundation\\Http\\Kernel.php(175): Illuminate\\Pipeline\\Pipeline->then(Object(Closure))
#26 C:\\Users\\Miguel\\Desktop\\Applikcation Octobre\\Projet gestion de stock\\backend\\vendor\\laravel\\framework\\src\\Illuminate\\Foundation\\Http\\Kernel.php(144): Illuminate\\Foundation\\Http\\Kernel->sendRequestThroughRouter(Object(Illuminate\\Http\\Request))
#27 C:\\Users\\Miguel\\Desktop\\Applikcation Octobre\\Projet gestion de stock\\backend\\public\\index.php(51): Illuminate\\Foundation\\Http\\Kernel->handle(Object(Illuminate\\Http\\Request))
#28 C:\\Users\\Miguel\\Desktop\\Applikcation Octobre\\Projet gestion de stock\\backend\\vendor\\laravel\\framework\\src\\Illuminate\\Foundation\\resources\\server.php(23): require_once('C:\\\\Users\\\\Miguel...')
#29 {main}

[previous exception] [object] (ReflectionException(code: -1): Class \"cors\" does not exist at C:\\Users\\Miguel\\Desktop\\Applikcation Octobre\\Projet gestion de stock\\backend\\vendor\\laravel\\framework\\src\\Illuminate\\Container\\Container.php:1161)
[stacktrace]
#0 C:\\Users\\Miguel\\Desktop\\Applikcation Octobre\\Projet gestion de stock\\backend\\vendor\\laravel\\framework\\src\\Illuminate\\Container\\Container.php(1161): ReflectionClass->__construct('cors')
#1 C:\\Users\\Miguel\\Desktop\\Applikcation Octobre\\Projet gestion de stock\\backend\\vendor\\laravel\\framework\\src\\Illuminate\\Container\\Container.php(972): Illuminate\\Container\\Container->build('cors')
#2 C:\\Users\\Miguel\\Desktop\\Applikcation Octobre\\Projet gestion de stock\\backend\\vendor\\laravel\\framework\\src\\Illuminate\\Foundation\\Application.php(1078): Illuminate\\Container\\Container->resolve('cors', Array, true)
#3 C:\\Users\\Miguel\\Desktop\\Applikcation Octobre\\Projet gestion de stock\\backend\\vendor\\laravel\\framework\\src\\Illuminate\\Container\\Container.php(903): Illuminate\\Foundation\\Application->resolve('cors', Array)
#4 C:\\Users\\Miguel\\Desktop\\Applikcation Octobre\\Projet gestion de stock\\backend\\vendor\\laravel\\framework\\src\\Illuminate\\Foundation\\Application.php(1058): Illuminate\\Container\\Container->make('cors', Array)
#5 C:\\Users\\Miguel\\Desktop\\Applikcation Octobre\\Projet gestion de stock\\backend\\vendor\\laravel\\framework\\src\\Illuminate\\Pipeline\\Pipeline.php(208): Illuminate\\Foundation\\Application->make('cors')
#6 C:\\Users\\Miguel\\Desktop\\Applikcation Octobre\\Projet gestion de stock\\backend\\vendor\\laravel\\framework\\src\\Illuminate\\Pipeline\\Pipeline.php(137): Illuminate\\Pipeline\\Pipeline->Illuminate\\Pipeline\\{closure}(Object(Illuminate\\Http\\Request))
#7 C:\\Users\\Miguel\\Desktop\\Applikcation Octobre\\Projet gestion de stock\\backend\\vendor\\laravel\\framework\\src\\Illuminate\\Routing\\Router.php(821): Illuminate\\Pipeline\\Pipeline->then(Object(Closure))
#8 C:\\Users\\Miguel\\Desktop\\Applikcation Octobre\\Projet gestion de stock\\backend\\vendor\\laravel\\framework\\src\\Illuminate\\Routing\\Router.php(800): Illuminate\\Routing\\Router->runRouteWithinStack(Object(Illuminate\\Routing\\Route), Object(Illuminate\\Http\\Request))
#9 C:\\Users\\Miguel\\Desktop\\Applikcation Octobre\\Projet gestion de stock\\backend\\vendor\\laravel\\framework\\src\\Illuminate\\Routing\\Router.php(764): Illuminate\\Routing\\Router->runRoute(Object(Illuminate\\Http\\Request), Object(Illuminate\\Routing\\Route))
#10 C:\\Users\\Miguel\\Desktop\\Applikcation Octobre\\Projet gestion de stock\\backend\\vendor\\laravel\\framework\\src\\Illuminate\\Routing\\Router.php(753): Illuminate\\Routing\\Router->dispatchToRoute(Object(Illuminate\\Http\\Request))
#11 C:\\Users\\Miguel\\Desktop\\Applikcation Octobre\\Projet gestion de stock\\backend\\vendor\\laravel\\framework\\src\\Illuminate\\Foundation\\Http\\Kernel.php(200): Illuminate\\Routing\\Router->dispatch(Object(Illuminate\\Http\\Request))
#12 C:\\Users\\Miguel\\Desktop\\Applikcation Octobre\\Projet gestion de stock\\backend\\vendor\\laravel\\framework\\src\\Illuminate\\Pipeline\\Pipeline.php(180): Illuminate\\Foundation\\Http\\Kernel->Illuminate\\Foundation\\Http\\{closure}(Object(Illuminate\\Http\\Request))
#13 C:\\Users\\Miguel\\Desktop\\Applikcation Octobre\\Projet gestion de stock\\backend\\vendor\\laravel\\framework\\src\\Illuminate\\Foundation\\Http\\Middleware\\TransformsRequest.php(21): Illuminate\\Pipeline\\Pipeline->Illuminate\\Pipeline\\{closure}(Object(Illuminate\\Http\\Request))
#14 C:\\Users\\Miguel\\Desktop\\Applikcation Octobre\\Projet gestion de stock\\backend\\vendor\\laravel\\framework\\src\\Illuminate\\Foundation\\Http\\Middleware\\ConvertEmptyStringsToNull.php(31): Illuminate\\Foundation\\Http\\Middleware\\TransformsRequest->handle(Object(Illuminate\\Http\\Request), Object(Closure))
#15 C:\\Users\\Miguel\\Desktop\\Applikcation Octobre\\Projet gestion de stock\\backend\\vendor\\laravel\\framework\\src\\Illuminate\\Pipeline\\Pipeline.php(219): Illuminate\\Foundation\\Http\\Middleware\\ConvertEmptyStringsToNull->handle(Object(Illuminate\\Http\\Request), Object(Closure))
#16 C:\\Users\\Miguel\\Desktop\\Applikcation Octobre\\Projet gestion de stock\\backend\\vendor\\laravel\\framework\\src\\Illuminate\\Foundation\\Http\\Middleware\\TransformsRequest.php(21): Illuminate\\Pipeline\\Pipeline->Illuminate\\Pipeline\\{closure}(Object(Illuminate\\Http\\Request))
#17 C:\\Users\\Miguel\\Desktop\\Applikcation Octobre\\Projet gestion de stock\\backend\\vendor\\laravel\\framework\\src\\Illuminate\\Foundation\\Http\\Middleware\\TrimStrings.php(51): Illuminate\\Foundation\\Http\\Middleware\\TransformsRequest->handle(Object(Illuminate\\Http\\Request), Object(Closure))
#18 C:\\Users\\Miguel\\Desktop\\Applikcation Octobre\\Projet gestion de stock\\backend\\vendor\\laravel\\framework\\src\\Illuminate\\Pipeline\\Pipeline.php(219): Illuminate\\Foundation\\Http\\Middleware\\TrimStrings->handle(Object(Illuminate\\Http\\Request), Object(Closure))
#19 C:\\Users\\Miguel\\Desktop\\Applikcation Octobre\\Projet gestion de stock\\backend\\vendor\\laravel\\framework\\src\\Illuminate\\Http\\Middleware\\ValidatePostSize.php(27): Illuminate\\Pipeline\\Pipeline->Illuminate\\Pipeline\\{closure}(Object(Illuminate\\Http\\Request))
#20 C:\\Users\\Miguel\\Desktop\\Applikcation Octobre\\Projet gestion de stock\\backend\\vendor\\laravel\\framework\\src\\Illuminate\\Pipeline\\Pipeline.php(219): Illuminate\\Http\\Middleware\\ValidatePostSize->handle(Object(Illuminate\\Http\\Request), Object(Closure))
#21 C:\\Users\\Miguel\\Desktop\\Applikcation Octobre\\Projet gestion de stock\\backend\\vendor\\laravel\\framework\\src\\Illuminate\\Http\\Middleware\\HandleCors.php(61): Illuminate\\Pipeline\\Pipeline->Illuminate\\Pipeline\\{closure}(Object(Illuminate\\Http\\Request))
#22 C:\\Users\\Miguel\\Desktop\\Applikcation Octobre\\Projet gestion de stock\\backend\\vendor\\laravel\\framework\\src\\Illuminate\\Pipeline\\Pipeline.php(219): Illuminate\\Http\\Middleware\\HandleCors->handle(Object(Illuminate\\Http\\Request), Object(Closure))
#23 C:\\Users\\Miguel\\Desktop\\Applikcation Octobre\\Projet gestion de stock\\backend\\vendor\\laravel\\framework\\src\\Illuminate\\Http\\Middleware\\TrustProxies.php(58): Illuminate\\Pipeline\\Pipeline->Illuminate\\Pipeline\\{closure}(Object(Illuminate\\Http\\Request))
#24 C:\\Users\\Miguel\\Desktop\\Applikcation Octobre\\Projet gestion de stock\\backend\\vendor\\laravel\\framework\\src\\Illuminate\\Pipeline\\Pipeline.php(219): Illuminate\\Http\\Middleware\\TrustProxies->handle(Object(Illuminate\\Http\\Request), Object(Closure))
#25 C:\\Users\\Miguel\\Desktop\\Applikcation Octobre\\Projet gestion de stock\\backend\\vendor\\laravel\\framework\\src\\Illuminate\\Pipeline\\Pipeline.php(137): Illuminate\\Pipeline\\Pipeline->Illuminate\\Pipeline\\{closure}(Object(Illuminate\\Http\\Request))
#26 C:\\Users\\Miguel\\Desktop\\Applikcation Octobre\\Projet gestion de stock\\backend\\vendor\\laravel\\framework\\src\\Illuminate\\Foundation\\Http\\Kernel.php(175): Illuminate\\Pipeline\\Pipeline->then(Object(Closure))
#27 C:\\Users\\Miguel\\Desktop\\Applikcation Octobre\\Projet gestion de stock\\backend\\vendor\\laravel\\framework\\src\\Illuminate\\Foundation\\Http\\Kernel.php(144): Illuminate\\Foundation\\Http\\Kernel->sendRequestThroughRouter(Object(Illuminate\\Http\\Request))
#28 C:\\Users\\Miguel\\Desktop\\Applikcation Octobre\\Projet gestion de stock\\backend\\public\\index.php(51): Illuminate\\Foundation\\Http\\Kernel->handle(Object(Illuminate\\Http\\Request))
#29 C:\\Users\\Miguel\\Desktop\\Applikcation Octobre\\Projet gestion de stock\\backend\\vendor\\laravel\\framework\\src\\Illuminate\\Foundation\\resources\\server.php(23): require_once('C:\\\\Users\\\\Miguel...')
#30 {main}
"} 
[2025-11-11 15:32:23] local.ERROR: Target class [cors] does not exist. {"exception":"[object] (Illuminate\\Contracts\\Container\\BindingResolutionException(code: 0): Target class [cors] does not exist. at C:\\Users\\Miguel\\Desktop\\Applikcation Octobre\\Projet gestion de stock\\backend\\vendor\\laravel\\framework\\src\\Illuminate\\Container\\Container.php:1163)
[stacktrace]
#0 C:\\Users\\Miguel\\Desktop\\Applikcation Octobre\\Projet gestion de stock\\backend\\vendor\\laravel\\framework\\src\\Illuminate\\Container\\Container.php(972): Illuminate\\Container\\Container->build('cors')
#1 C:\\Users\\Miguel\\Desktop\\Applikcation Octobre\\Projet gestion de stock\\backend\\vendor\\laravel\\framework\\src\\Illuminate\\Foundation\\Application.php(1078): Illuminate\\Container\\Container->resolve('cors', Array, true)
#2 C:\\Users\\Miguel\\Desktop\\Applikcation Octobre\\Projet gestion de stock\\backend\\vendor\\laravel\\framework\\src\\Illuminate\\Container\\Container.php(903): Illuminate\\Foundation\\Application->resolve('cors', Array)
#3 C:\\Users\\Miguel\\Desktop\\Applikcation Octobre\\Projet gestion de stock\\backend\\vendor\\laravel\\framework\\src\\Illuminate\\Foundation\\Application.php(1058): Illuminate\\Container\\Container->make('cors', Array)
#4 C:\\Users\\Miguel\\Desktop\\Applikcation Octobre\\Projet gestion de stock\\backend\\vendor\\laravel\\framework\\src\\Illuminate\\Foundation\\Http\\Kernel.php(257): Illuminate\\Foundation\\Application->make('cors')
#5 C:\\Users\\Miguel\\Desktop\\Applikcation Octobre\\Projet gestion de stock\\backend\\vendor\\laravel\\framework\\src\\Illuminate\\Foundation\\Http\\Kernel.php(215): Illuminate\\Foundation\\Http\\Kernel->terminateMiddleware(Object(Illuminate\\Http\\Request), Object(Illuminate\\Http\\JsonResponse))
#6 C:\\Users\\Miguel\\Desktop\\Applikcation Octobre\\Projet gestion de stock\\backend\\public\\index.php(55): Illuminate\\Foundation\\Http\\Kernel->terminate(Object(Illuminate\\Http\\Request), Object(Illuminate\\Http\\JsonResponse))
#7 C:\\Users\\Miguel\\Desktop\\Applikcation Octobre\\Projet gestion de stock\\backend\\vendor\\laravel\\framework\\src\\Illuminate\\Foundation\\resources\\server.php(23): require_once('C:\\\\Users\\\\Miguel...')
#8 {main}

[previous exception] [object] (ReflectionException(code: -1): Class \"cors\" does not exist at C:\\Users\\Miguel\\Desktop\\Applikcation Octobre\\Projet gestion de stock\\backend\\vendor\\laravel\\framework\\src\\Illuminate\\Container\\Container.php:1161)
[stacktrace]
#0 C:\\Users\\Miguel\\Desktop\\Applikcation Octobre\\Projet gestion de stock\\backend\\vendor\\laravel\\framework\\src\\Illuminate\\Container\\Container.php(1161): ReflectionClass->__construct('cors')
#1 C:\\Users\\Miguel\\Desktop\\Applikcation Octobre\\Projet gestion de stock\\backend\\vendor\\laravel\\framework\\src\\Illuminate\\Container\\Container.php(972): Illuminate\\Container\\Container->build('cors')
#2 C:\\Users\\Miguel\\Desktop\\Applikcation Octobre\\Projet gestion de stock\\backend\\vendor\\laravel\\framework\\src\\Illuminate\\Foundation\\Application.php(1078): Illuminate\\Container\\Container->resolve('cors', Array, true)
#3 C:\\Users\\Miguel\\Desktop\\Applikcation Octobre\\Projet gestion de stock\\backend\\vendor\\laravel\\framework\\src\\Illuminate\\Container\\Container.php(903): Illuminate\\Foundation\\Application->resolve('cors', Array)
#4 C:\\Users\\Miguel\\Desktop\\Applikcation Octobre\\Projet gestion de stock\\backend\\vendor\\laravel\\framework\\src\\Illuminate\\Foundation\\Application.php(1058): Illuminate\\Container\\Container->make('cors', Array)
#5 C:\\Users\\Miguel\\Desktop\\Applikcation Octobre\\Projet gestion de stock\\backend\\vendor\\laravel\\framework\\src\\Illuminate\\Foundation\\Http\\Kernel.php(257): Illuminate\\Foundation\\Application->make('cors')
#6 C:\\Users\\Miguel\\Desktop\\Applikcation Octobre\\Projet gestion de stock\\backend\\vendor\\laravel\\framework\\src\\Illuminate\\Foundation\\Http\\Kernel.php(215): Illuminate\\Foundation\\Http\\Kernel->terminateMiddleware(Object(Illuminate\\Http\\Request), Object(Illuminate\\Http\\JsonResponse))
#7 C:\\Users\\Miguel\\Desktop\\Applikcation Octobre\\Projet gestion de stock\\backend\\public\\index.php(55): Illuminate\\Foundation\\Http\\Kernel->terminate(Object(Illuminate\\Http\\Request), Object(Illuminate\\Http\\JsonResponse))
#8 C:\\Users\\Miguel\\Desktop\\Applikcation Octobre\\Projet gestion de stock\\backend\\vendor\\laravel\\framework\\src\\Illuminate\\Foundation\\resources\\server.php(23): require_once('C:\\\\Users\\\\Miguel...')
#9 {main}
"} 
[2025-11-11 15:35:27] local.ERROR: Target class [cors] does not exist. {"exception":"[object] (Illuminate\\Contracts\\Container\\BindingResolutionException(code: 0): Target class [cors] does not exist. at C:\\Users\\Miguel\\Desktop\\Applikcation Octobre\\Projet gestion de stock\\backend\\vendor\\laravel\\framework\\src\\Illuminate\\Container\\Container.php:1163)
[stacktrace]
#0 C:\\Users\\Miguel\\Desktop\\Applikcation Octobre\\Projet gestion de stock\\backend\\vendor\\laravel\\framework\\src\\Illuminate\\Container\\Container.php(972): Illuminate\\Container\\Container->build('cors')
#1 C:\\Users\\Miguel\\Desktop\\Applikcation Octobre\\Projet gestion de stock\\backend\\vendor\\laravel\\framework\\src\\Illuminate\\Foundation\\Application.php(1078): Illuminate\\Container\\Container->resolve('cors', Array, true)
#2 C:\\Users\\Miguel\\Desktop\\Applikcation Octobre\\Projet gestion de stock\\backend\\vendor\\laravel\\framework\\src\\Illuminate\\Container\\Container.php(903): Illuminate\\Foundation\\Application->resolve('cors', Array)
#3 C:\\Users\\Miguel\\Desktop\\Applikcation Octobre\\Projet gestion de stock\\backend\\vendor\\laravel\\framework\\src\\Illuminate\\Foundation\\Application.php(1058): Illuminate\\Container\\Container->make('cors', Array)
#4 C:\\Users\\Miguel\\Desktop\\Applikcation Octobre\\Projet gestion de stock\\backend\\vendor\\laravel\\framework\\src\\Illuminate\\Pipeline\\Pipeline.php(208): Illuminate\\Foundation\\Application->make('cors')
#5 C:\\Users\\Miguel\\Desktop\\Applikcation Octobre\\Projet gestion de stock\\backend\\vendor\\laravel\\framework\\src\\Illuminate\\Pipeline\\Pipeline.php(137): Illuminate\\Pipeline\\Pipeline->Illuminate\\Pipeline\\{closure}(Object(Illuminate\\Http\\Request))
#6 C:\\Users\\Miguel\\Desktop\\Applikcation Octobre\\Projet gestion de stock\\backend\\vendor\\laravel\\framework\\src\\Illuminate\\Routing\\Router.php(821): Illuminate\\Pipeline\\Pipeline->then(Object(Closure))
#7 C:\\Users\\Miguel\\Desktop\\Applikcation Octobre\\Projet gestion de stock\\backend\\vendor\\laravel\\framework\\src\\Illuminate\\Routing\\Router.php(800): Illuminate\\Routing\\Router->runRouteWithinStack(Object(Illuminate\\Routing\\Route), Object(Illuminate\\Http\\Request))
#8 C:\\Users\\Miguel\\Desktop\\Applikcation Octobre\\Projet gestion de stock\\backend\\vendor\\laravel\\framework\\src\\Illuminate\\Routing\\Router.php(764): Illuminate\\Routing\\Router->runRoute(Object(Illuminate\\Http\\Request), Object(Illuminate\\Routing\\Route))
#9 C:\\Users\\Miguel\\Desktop\\Applikcation Octobre\\Projet gestion de stock\\backend\\vendor\\laravel\\framework\\src\\Illuminate\\Routing\\Router.php(753): Illuminate\\Routing\\Router->dispatchToRoute(Object(Illuminate\\Http\\Request))
#10 C:\\Users\\Miguel\\Desktop\\Applikcation Octobre\\Projet gestion de stock\\backend\\vendor\\laravel\\framework\\src\\Illuminate\\Foundation\\Http\\Kernel.php(200): Illuminate\\Routing\\Router->dispatch(Object(Illuminate\\Http\\Request))
#11 C:\\Users\\Miguel\\Desktop\\Applikcation Octobre\\Projet gestion de stock\\backend\\vendor\\laravel\\framework\\src\\Illuminate\\Pipeline\\Pipeline.php(180): Illuminate\\Foundation\\Http\\Kernel->Illuminate\\Foundation\\Http\\{closure}(Object(Illuminate\\Http\\Request))
#12 C:\\Users\\Miguel\\Desktop\\Applikcation Octobre\\Projet gestion de stock\\backend\\vendor\\laravel\\framework\\src\\Illuminate\\Foundation\\Http\\Middleware\\TransformsRequest.php(21): Illuminate\\Pipeline\\Pipeline->Illuminate\\Pipeline\\{closure}(Object(Illuminate\\Http\\Request))
#13 C:\\Users\\Miguel\\Desktop\\Applikcation Octobre\\Projet gestion de stock\\backend\\vendor\\laravel\\framework\\src\\Illuminate\\Foundation\\Http\\Middleware\\ConvertEmptyStringsToNull.php(31): Illuminate\\Foundation\\Http\\Middleware\\TransformsRequest->handle(Object(Illuminate\\Http\\Request), Object(Closure))
#14 C:\\Users\\Miguel\\Desktop\\Applikcation Octobre\\Projet gestion de stock\\backend\\vendor\\laravel\\framework\\src\\Illuminate\\Pipeline\\Pipeline.php(219): Illuminate\\Foundation\\Http\\Middleware\\ConvertEmptyStringsToNull->handle(Object(Illuminate\\Http\\Request), Object(Closure))
#15 C:\\Users\\Miguel\\Desktop\\Applikcation Octobre\\Projet gestion de stock\\backend\\vendor\\laravel\\framework\\src\\Illuminate\\Foundation\\Http\\Middleware\\TransformsRequest.php(21): Illuminate\\Pipeline\\Pipeline->Illuminate\\Pipeline\\{closure}(Object(Illuminate\\Http\\Request))
#16 C:\\Users\\Miguel\\Desktop\\Applikcation Octobre\\Projet gestion de stock\\backend\\vendor\\laravel\\framework\\src\\Illuminate\\Foundation\\Http\\Middleware\\TrimStrings.php(51): Illuminate\\Foundation\\Http\\Middleware\\TransformsRequest->handle(Object(Illuminate\\Http\\Request), Object(Closure))
#17 C:\\Users\\Miguel\\Desktop\\Applikcation Octobre\\Projet gestion de stock\\backend\\vendor\\laravel\\framework\\src\\Illuminate\\Pipeline\\Pipeline.php(219): Illuminate\\Foundation\\Http\\Middleware\\TrimStrings->handle(Object(Illuminate\\Http\\Request), Object(Closure))
#18 C:\\Users\\Miguel\\Desktop\\Applikcation Octobre\\Projet gestion de stock\\backend\\vendor\\laravel\\framework\\src\\Illuminate\\Http\\Middleware\\ValidatePostSize.php(27): Illuminate\\Pipeline\\Pipeline->Illuminate\\Pipeline\\{closure}(Object(Illuminate\\Http\\Request))
#19 C:\\Users\\Miguel\\Desktop\\Applikcation Octobre\\Projet gestion de stock\\backend\\vendor\\laravel\\framework\\src\\Illuminate\\Pipeline\\Pipeline.php(219): Illuminate\\Http\\Middleware\\ValidatePostSize->handle(Object(Illuminate\\Http\\Request), Object(Closure))
#20 C:\\Users\\Miguel\\Desktop\\Applikcation Octobre\\Projet gestion de stock\\backend\\vendor\\laravel\\framework\\src\\Illuminate\\Http\\Middleware\\HandleCors.php(61): Illuminate\\Pipeline\\Pipeline->Illuminate\\Pipeline\\{closure}(Object(Illuminate\\Http\\Request))
#21 C:\\Users\\Miguel\\Desktop\\Applikcation Octobre\\Projet gestion de stock\\backend\\vendor\\laravel\\framework\\src\\Illuminate\\Pipeline\\Pipeline.php(219): Illuminate\\Http\\Middleware\\HandleCors->handle(Object(Illuminate\\Http\\Request), Object(Closure))
#22 C:\\Users\\Miguel\\Desktop\\Applikcation Octobre\\Projet gestion de stock\\backend\\vendor\\laravel\\framework\\src\\Illuminate\\Http\\Middleware\\TrustProxies.php(58): Illuminate\\Pipeline\\Pipeline->Illuminate\\Pipeline\\{closure}(Object(Illuminate\\Http\\Request))
#23 C:\\Users\\Miguel\\Desktop\\Applikcation Octobre\\Projet gestion de stock\\backend\\vendor\\laravel\\framework\\src\\Illuminate\\Pipeline\\Pipeline.php(219): Illuminate\\Http\\Middleware\\TrustProxies->handle(Object(Illuminate\\Http\\Request), Object(Closure))
#24 C:\\Users\\Miguel\\Desktop\\Applikcation Octobre\\Projet gestion de stock\\backend\\vendor\\laravel\\framework\\src\\Illuminate\\Pipeline\\Pipeline.php(137): Illuminate\\Pipeline\\Pipeline->Illuminate\\Pipeline\\{closure}(Object(Illuminate\\Http\\Request))
#25 C:\\Users\\Miguel\\Desktop\\Applikcation Octobre\\Projet gestion de stock\\backend\\vendor\\laravel\\framework\\src\\Illuminate\\Foundation\\Http\\Kernel.php(175): Illuminate\\Pipeline\\Pipeline->then(Object(Closure))
#26 C:\\Users\\Miguel\\Desktop\\Applikcation Octobre\\Projet gestion de stock\\backend\\vendor\\laravel\\framework\\src\\Illuminate\\Foundation\\Http\\Kernel.php(144): Illuminate\\Foundation\\Http\\Kernel->sendRequestThroughRouter(Object(Illuminate\\Http\\Request))
#27 C:\\Users\\Miguel\\Desktop\\Applikcation Octobre\\Projet gestion de stock\\backend\\public\\index.php(51): Illuminate\\Foundation\\Http\\Kernel->handle(Object(Illuminate\\Http\\Request))
#28 C:\\Users\\Miguel\\Desktop\\Applikcation Octobre\\Projet gestion de stock\\backend\\vendor\\laravel\\framework\\src\\Illuminate\\Foundation\\resources\\server.php(23): require_once('C:\\\\Users\\\\Miguel...')
#29 {main}

[previous exception] [object] (ReflectionException(code: -1): Class \"cors\" does not exist at C:\\Users\\Miguel\\Desktop\\Applikcation Octobre\\Projet gestion de stock\\backend\\vendor\\laravel\\framework\\src\\Illuminate\\Container\\Container.php:1161)
[stacktrace]
#0 C:\\Users\\Miguel\\Desktop\\Applikcation Octobre\\Projet gestion de stock\\backend\\vendor\\laravel\\framework\\src\\Illuminate\\Container\\Container.php(1161): ReflectionClass->__construct('cors')
#1 C:\\Users\\Miguel\\Desktop\\Applikcation Octobre\\Projet gestion de stock\\backend\\vendor\\laravel\\framework\\src\\Illuminate\\Container\\Container.php(972): Illuminate\\Container\\Container->build('cors')
#2 C:\\Users\\Miguel\\Desktop\\Applikcation Octobre\\Projet gestion de stock\\backend\\vendor\\laravel\\framework\\src\\Illuminate\\Foundation\\Application.php(1078): Illuminate\\Container\\Container->resolve('cors', Array, true)
#3 C:\\Users\\Miguel\\Desktop\\Applikcation Octobre\\Projet gestion de stock\\backend\\vendor\\laravel\\framework\\src\\Illuminate\\Container\\Container.php(903): Illuminate\\Foundation\\Application->resolve('cors', Array)
#4 C:\\Users\\Miguel\\Desktop\\Applikcation Octobre\\Projet gestion de stock\\backend\\vendor\\laravel\\framework\\src\\Illuminate\\Foundation\\Application.php(1058): Illuminate\\Container\\Container->make('cors', Array)
#5 C:\\Users\\Miguel\\Desktop\\Applikcation Octobre\\Projet gestion de stock\\backend\\vendor\\laravel\\framework\\src\\Illuminate\\Pipeline\\Pipeline.php(208): Illuminate\\Foundation\\Application->make('cors')
#6 C:\\Users\\Miguel\\Desktop\\Applikcation Octobre\\Projet gestion de stock\\backend\\vendor\\laravel\\framework\\src\\Illuminate\\Pipeline\\Pipeline.php(137): Illuminate\\Pipeline\\Pipeline->Illuminate\\Pipeline\\{closure}(Object(Illuminate\\Http\\Request))
#7 C:\\Users\\Miguel\\Desktop\\Applikcation Octobre\\Projet gestion de stock\\backend\\vendor\\laravel\\framework\\src\\Illuminate\\Routing\\Router.php(821): Illuminate\\Pipeline\\Pipeline->then(Object(Closure))
#8 C:\\Users\\Miguel\\Desktop\\Applikcation Octobre\\Projet gestion de stock\\backend\\vendor\\laravel\\framework\\src\\Illuminate\\Routing\\Router.php(800): Illuminate\\Routing\\Router->runRouteWithinStack(Object(Illuminate\\Routing\\Route), Object(Illuminate\\Http\\Request))
#9 C:\\Users\\Miguel\\Desktop\\Applikcation Octobre\\Projet gestion de stock\\backend\\vendor\\laravel\\framework\\src\\Illuminate\\Routing\\Router.php(764): Illuminate\\Routing\\Router->runRoute(Object(Illuminate\\Http\\Request), Object(Illuminate\\Routing\\Route))
#10 C:\\Users\\Miguel\\Desktop\\Applikcation Octobre\\Projet gestion de stock\\backend\\vendor\\laravel\\framework\\src\\Illuminate\\Routing\\Router.php(753): Illuminate\\Routing\\Router->dispatchToRoute(Object(Illuminate\\Http\\Request))
#11 C:\\Users\\Miguel\\Desktop\\Applikcation Octobre\\Projet gestion de stock\\backend\\vendor\\laravel\\framework\\src\\Illuminate\\Foundation\\Http\\Kernel.php(200): Illuminate\\Routing\\Router->dispatch(Object(Illuminate\\Http\\Request))
#12 C:\\Users\\Miguel\\Desktop\\Applikcation Octobre\\Projet gestion de stock\\backend\\vendor\\laravel\\framework\\src\\Illuminate\\Pipeline\\Pipeline.php(180): Illuminate\\Foundation\\Http\\Kernel->Illuminate\\Foundation\\Http\\{closure}(Object(Illuminate\\Http\\Request))
#13 C:\\Users\\Miguel\\Desktop\\Applikcation Octobre\\Projet gestion de stock\\backend\\vendor\\laravel\\framework\\src\\Illuminate\\Foundation\\Http\\Middleware\\TransformsRequest.php(21): Illuminate\\Pipeline\\Pipeline->Illuminate\\Pipeline\\{closure}(Object(Illuminate\\Http\\Request))
#14 C:\\Users\\Miguel\\Desktop\\Applikcation Octobre\\Projet gestion de stock\\backend\\vendor\\laravel\\framework\\src\\Illuminate\\Foundation\\Http\\Middleware\\ConvertEmptyStringsToNull.php(31): Illuminate\\Foundation\\Http\\Middleware\\TransformsRequest->handle(Object(Illuminate\\Http\\Request), Object(Closure))
#15 C:\\Users\\Miguel\\Desktop\\Applikcation Octobre\\Projet gestion de stock\\backend\\vendor\\laravel\\framework\\src\\Illuminate\\Pipeline\\Pipeline.php(219): Illuminate\\Foundation\\Http\\Middleware\\ConvertEmptyStringsToNull->handle(Object(Illuminate\\Http\\Request), Object(Closure))
#16 C:\\Users\\Miguel\\Desktop\\Applikcation Octobre\\Projet gestion de stock\\backend\\vendor\\laravel\\framework\\src\\Illuminate\\Foundation\\Http\\Middleware\\TransformsRequest.php(21): Illuminate\\Pipeline\\Pipeline->Illuminate\\Pipeline\\{closure}(Object(Illuminate\\Http\\Request))
#17 C:\\Users\\Miguel\\Desktop\\Applikcation Octobre\\Projet gestion de stock\\backend\\vendor\\laravel\\framework\\src\\Illuminate\\Foundation\\Http\\Middleware\\TrimStrings.php(51): Illuminate\\Foundation\\Http\\Middleware\\TransformsRequest->handle(Object(Illuminate\\Http\\Request), Object(Closure))
#18 C:\\Users\\Miguel\\Desktop\\Applikcation Octobre\\Projet gestion de stock\\backend\\vendor\\laravel\\framework\\src\\Illuminate\\Pipeline\\Pipeline.php(219): Illuminate\\Foundation\\Http\\Middleware\\TrimStrings->handle(Object(Illuminate\\Http\\Request), Object(Closure))
#19 C:\\Users\\Miguel\\Desktop\\Applikcation Octobre\\Projet gestion de stock\\backend\\vendor\\laravel\\framework\\src\\Illuminate\\Http\\Middleware\\ValidatePostSize.php(27): Illuminate\\Pipeline\\Pipeline->Illuminate\\Pipeline\\{closure}(Object(Illuminate\\Http\\Request))
#20 C:\\Users\\Miguel\\Desktop\\Applikcation Octobre\\Projet gestion de stock\\backend\\vendor\\laravel\\framework\\src\\Illuminate\\Pipeline\\Pipeline.php(219): Illuminate\\Http\\Middleware\\ValidatePostSize->handle(Object(Illuminate\\Http\\Request), Object(Closure))
#21 C:\\Users\\Miguel\\Desktop\\Applikcation Octobre\\Projet gestion de stock\\backend\\vendor\\laravel\\framework\\src\\Illuminate\\Http\\Middleware\\HandleCors.php(61): Illuminate\\Pipeline\\Pipeline->Illuminate\\Pipeline\\{closure}(Object(Illuminate\\Http\\Request))
#22 C:\\Users\\Miguel\\Desktop\\Applikcation Octobre\\Projet gestion de stock\\backend\\vendor\\laravel\\framework\\src\\Illuminate\\Pipeline\\Pipeline.php(219): Illuminate\\Http\\Middleware\\HandleCors->handle(Object(Illuminate\\Http\\Request), Object(Closure))
#23 C:\\Users\\Miguel\\Desktop\\Applikcation Octobre\\Projet gestion de stock\\backend\\vendor\\laravel\\framework\\src\\Illuminate\\Http\\Middleware\\TrustProxies.php(58): Illuminate\\Pipeline\\Pipeline->Illuminate\\Pipeline\\{closure}(Object(Illuminate\\Http\\Request))
#24 C:\\Users\\Miguel\\Desktop\\Applikcation Octobre\\Projet gestion de stock\\backend\\vendor\\laravel\\framework\\src\\Illuminate\\Pipeline\\Pipeline.php(219): Illuminate\\Http\\Middleware\\TrustProxies->handle(Object(Illuminate\\Http\\Request), Object(Closure))
#25 C:\\Users\\Miguel\\Desktop\\Applikcation Octobre\\Projet gestion de stock\\backend\\vendor\\laravel\\framework\\src\\Illuminate\\Pipeline\\Pipeline.php(137): Illuminate\\Pipeline\\Pipeline->Illuminate\\Pipeline\\{closure}(Object(Illuminate\\Http\\Request))
#26 C:\\Users\\Miguel\\Desktop\\Applikcation Octobre\\Projet gestion de stock\\backend\\vendor\\laravel\\framework\\src\\Illuminate\\Foundation\\Http\\Kernel.php(175): Illuminate\\Pipeline\\Pipeline->then(Object(Closure))
#27 C:\\Users\\Miguel\\Desktop\\Applikcation Octobre\\Projet gestion de stock\\backend\\vendor\\laravel\\framework\\src\\Illuminate\\Foundation\\Http\\Kernel.php(144): Illuminate\\Foundation\\Http\\Kernel->sendRequestThroughRouter(Object(Illuminate\\Http\\Request))
#28 C:\\Users\\Miguel\\Desktop\\Applikcation Octobre\\Projet gestion de stock\\backend\\public\\index.php(51): Illuminate\\Foundation\\Http\\Kernel->handle(Object(Illuminate\\Http\\Request))
#29 C:\\Users\\Miguel\\Desktop\\Applikcation Octobre\\Projet gestion de stock\\backend\\vendor\\laravel\\framework\\src\\Illuminate\\Foundation\\resources\\server.php(23): require_once('C:\\\\Users\\\\Miguel...')
#30 {main}
"} 
[2025-11-11 15:35:27] local.ERROR: Target class [cors] does not exist. {"exception":"[object] (Illuminate\\Contracts\\Container\\BindingResolutionException(code: 0): Target class [cors] does not exist. at C:\\Users\\Miguel\\Desktop\\Applikcation Octobre\\Projet gestion de stock\\backend\\vendor\\laravel\\framework\\src\\Illuminate\\Container\\Container.php:1163)
[stacktrace]
#0 C:\\Users\\Miguel\\Desktop\\Applikcation Octobre\\Projet gestion de stock\\backend\\vendor\\laravel\\framework\\src\\Illuminate\\Container\\Container.php(972): Illuminate\\Container\\Container->build('cors')
#1 C:\\Users\\Miguel\\Desktop\\Applikcation Octobre\\Projet gestion de stock\\backend\\vendor\\laravel\\framework\\src\\Illuminate\\Foundation\\Application.php(1078): Illuminate\\Container\\Container->resolve('cors', Array, true)
#2 C:\\Users\\Miguel\\Desktop\\Applikcation Octobre\\Projet gestion de stock\\backend\\vendor\\laravel\\framework\\src\\Illuminate\\Container\\Container.php(903): Illuminate\\Foundation\\Application->resolve('cors', Array)
#3 C:\\Users\\Miguel\\Desktop\\Applikcation Octobre\\Projet gestion de stock\\backend\\vendor\\laravel\\framework\\src\\Illuminate\\Foundation\\Application.php(1058): Illuminate\\Container\\Container->make('cors', Array)
#4 C:\\Users\\Miguel\\Desktop\\Applikcation Octobre\\Projet gestion de stock\\backend\\vendor\\laravel\\framework\\src\\Illuminate\\Foundation\\Http\\Kernel.php(257): Illuminate\\Foundation\\Application->make('cors')
#5 C:\\Users\\Miguel\\Desktop\\Applikcation Octobre\\Projet gestion de stock\\backend\\vendor\\laravel\\framework\\src\\Illuminate\\Foundation\\Http\\Kernel.php(215): Illuminate\\Foundation\\Http\\Kernel->terminateMiddleware(Object(Illuminate\\Http\\Request), Object(Illuminate\\Http\\JsonResponse))
#6 C:\\Users\\Miguel\\Desktop\\Applikcation Octobre\\Projet gestion de stock\\backend\\public\\index.php(55): Illuminate\\Foundation\\Http\\Kernel->terminate(Object(Illuminate\\Http\\Request), Object(Illuminate\\Http\\JsonResponse))
#7 C:\\Users\\Miguel\\Desktop\\Applikcation Octobre\\Projet gestion de stock\\backend\\vendor\\laravel\\framework\\src\\Illuminate\\Foundation\\resources\\server.php(23): require_once('C:\\\\Users\\\\Miguel...')
#8 {main}

[previous exception] [object] (ReflectionException(code: -1): Class \"cors\" does not exist at C:\\Users\\Miguel\\Desktop\\Applikcation Octobre\\Projet gestion de stock\\backend\\vendor\\laravel\\framework\\src\\Illuminate\\Container\\Container.php:1161)
[stacktrace]
#0 C:\\Users\\Miguel\\Desktop\\Applikcation Octobre\\Projet gestion de stock\\backend\\vendor\\laravel\\framework\\src\\Illuminate\\Container\\Container.php(1161): ReflectionClass->__construct('cors')
#1 C:\\Users\\Miguel\\Desktop\\Applikcation Octobre\\Projet gestion de stock\\backend\\vendor\\laravel\\framework\\src\\Illuminate\\Container\\Container.php(972): Illuminate\\Container\\Container->build('cors')
#2 C:\\Users\\Miguel\\Desktop\\Applikcation Octobre\\Projet gestion de stock\\backend\\vendor\\laravel\\framework\\src\\Illuminate\\Foundation\\Application.php(1078): Illuminate\\Container\\Container->resolve('cors', Array, true)
#3 C:\\Users\\Miguel\\Desktop\\Applikcation Octobre\\Projet gestion de stock\\backend\\vendor\\laravel\\framework\\src\\Illuminate\\Container\\Container.php(903): Illuminate\\Foundation\\Application->resolve('cors', Array)
#4 C:\\Users\\Miguel\\Desktop\\Applikcation Octobre\\Projet gestion de stock\\backend\\vendor\\laravel\\framework\\src\\Illuminate\\Foundation\\Application.php(1058): Illuminate\\Container\\Container->make('cors', Array)
#5 C:\\Users\\Miguel\\Desktop\\Applikcation Octobre\\Projet gestion de stock\\backend\\vendor\\laravel\\framework\\src\\Illuminate\\Foundation\\Http\\Kernel.php(257): Illuminate\\Foundation\\Application->make('cors')
#6 C:\\Users\\Miguel\\Desktop\\Applikcation Octobre\\Projet gestion de stock\\backend\\vendor\\laravel\\framework\\src\\Illuminate\\Foundation\\Http\\Kernel.php(215): Illuminate\\Foundation\\Http\\Kernel->terminateMiddleware(Object(Illuminate\\Http\\Request), Object(Illuminate\\Http\\JsonResponse))
#7 C:\\Users\\Miguel\\Desktop\\Applikcation Octobre\\Projet gestion de stock\\backend\\public\\index.php(55): Illuminate\\Foundation\\Http\\Kernel->terminate(Object(Illuminate\\Http\\Request), Object(Illuminate\\Http\\JsonResponse))
#8 C:\\Users\\Miguel\\Desktop\\Applikcation Octobre\\Projet gestion de stock\\backend\\vendor\\laravel\\framework\\src\\Illuminate\\Foundation\\resources\\server.php(23): require_once('C:\\\\Users\\\\Miguel...')
#9 {main}
"} 
[2025-11-11 15:36:37] local.ERROR: Target class [cors] does not exist. {"exception":"[object] (Illuminate\\Contracts\\Container\\BindingResolutionException(code: 0): Target class [cors] does not exist. at C:\\Users\\Miguel\\Desktop\\Applikcation Octobre\\Projet gestion de stock\\backend\\vendor\\laravel\\framework\\src\\Illuminate\\Container\\Container.php:1163)
[stacktrace]
#0 C:\\Users\\Miguel\\Desktop\\Applikcation Octobre\\Projet gestion de stock\\backend\\vendor\\laravel\\framework\\src\\Illuminate\\Container\\Container.php(972): Illuminate\\Container\\Container->build('cors')
#1 C:\\Users\\Miguel\\Desktop\\Applikcation Octobre\\Projet gestion de stock\\backend\\vendor\\laravel\\framework\\src\\Illuminate\\Foundation\\Application.php(1078): Illuminate\\Container\\Container->resolve('cors', Array, true)
#2 C:\\Users\\Miguel\\Desktop\\Applikcation Octobre\\Projet gestion de stock\\backend\\vendor\\laravel\\framework\\src\\Illuminate\\Container\\Container.php(903): Illuminate\\Foundation\\Application->resolve('cors', Array)
#3 C:\\Users\\Miguel\\Desktop\\Applikcation Octobre\\Projet gestion de stock\\backend\\vendor\\laravel\\framework\\src\\Illuminate\\Foundation\\Application.php(1058): Illuminate\\Container\\Container->make('cors', Array)
#4 C:\\Users\\Miguel\\Desktop\\Applikcation Octobre\\Projet gestion de stock\\backend\\vendor\\laravel\\framework\\src\\Illuminate\\Pipeline\\Pipeline.php(208): Illuminate\\Foundation\\Application->make('cors')
#5 C:\\Users\\Miguel\\Desktop\\Applikcation Octobre\\Projet gestion de stock\\backend\\vendor\\laravel\\framework\\src\\Illuminate\\Pipeline\\Pipeline.php(137): Illuminate\\Pipeline\\Pipeline->Illuminate\\Pipeline\\{closure}(Object(Illuminate\\Http\\Request))
#6 C:\\Users\\Miguel\\Desktop\\Applikcation Octobre\\Projet gestion de stock\\backend\\vendor\\laravel\\framework\\src\\Illuminate\\Routing\\Router.php(821): Illuminate\\Pipeline\\Pipeline->then(Object(Closure))
#7 C:\\Users\\Miguel\\Desktop\\Applikcation Octobre\\Projet gestion de stock\\backend\\vendor\\laravel\\framework\\src\\Illuminate\\Routing\\Router.php(800): Illuminate\\Routing\\Router->runRouteWithinStack(Object(Illuminate\\Routing\\Route), Object(Illuminate\\Http\\Request))
#8 C:\\Users\\Miguel\\Desktop\\Applikcation Octobre\\Projet gestion de stock\\backend\\vendor\\laravel\\framework\\src\\Illuminate\\Routing\\Router.php(764): Illuminate\\Routing\\Router->runRoute(Object(Illuminate\\Http\\Request), Object(Illuminate\\Routing\\Route))
#9 C:\\Users\\Miguel\\Desktop\\Applikcation Octobre\\Projet gestion de stock\\backend\\vendor\\laravel\\framework\\src\\Illuminate\\Routing\\Router.php(753): Illuminate\\Routing\\Router->dispatchToRoute(Object(Illuminate\\Http\\Request))
#10 C:\\Users\\Miguel\\Desktop\\Applikcation Octobre\\Projet gestion de stock\\backend\\vendor\\laravel\\framework\\src\\Illuminate\\Foundation\\Http\\Kernel.php(200): Illuminate\\Routing\\Router->dispatch(Object(Illuminate\\Http\\Request))
#11 C:\\Users\\Miguel\\Desktop\\Applikcation Octobre\\Projet gestion de stock\\backend\\vendor\\laravel\\framework\\src\\Illuminate\\Pipeline\\Pipeline.php(180): Illuminate\\Foundation\\Http\\Kernel->Illuminate\\Foundation\\Http\\{closure}(Object(Illuminate\\Http\\Request))
#12 C:\\Users\\Miguel\\Desktop\\Applikcation Octobre\\Projet gestion de stock\\backend\\vendor\\laravel\\framework\\src\\Illuminate\\Foundation\\Http\\Middleware\\TransformsRequest.php(21): Illuminate\\Pipeline\\Pipeline->Illuminate\\Pipeline\\{closure}(Object(Illuminate\\Http\\Request))
#13 C:\\Users\\Miguel\\Desktop\\Applikcation Octobre\\Projet gestion de stock\\backend\\vendor\\laravel\\framework\\src\\Illuminate\\Foundation\\Http\\Middleware\\ConvertEmptyStringsToNull.php(31): Illuminate\\Foundation\\Http\\Middleware\\TransformsRequest->handle(Object(Illuminate\\Http\\Request), Object(Closure))
#14 C:\\Users\\Miguel\\Desktop\\Applikcation Octobre\\Projet gestion de stock\\backend\\vendor\\laravel\\framework\\src\\Illuminate\\Pipeline\\Pipeline.php(219): Illuminate\\Foundation\\Http\\Middleware\\ConvertEmptyStringsToNull->handle(Object(Illuminate\\Http\\Request), Object(Closure))
#15 C:\\Users\\Miguel\\Desktop\\Applikcation Octobre\\Projet gestion de stock\\backend\\vendor\\laravel\\framework\\src\\Illuminate\\Foundation\\Http\\Middleware\\TransformsRequest.php(21): Illuminate\\Pipeline\\Pipeline->Illuminate\\Pipeline\\{closure}(Object(Illuminate\\Http\\Request))
#16 C:\\Users\\Miguel\\Desktop\\Applikcation Octobre\\Projet gestion de stock\\backend\\vendor\\laravel\\framework\\src\\Illuminate\\Foundation\\Http\\Middleware\\TrimStrings.php(51): Illuminate\\Foundation\\Http\\Middleware\\TransformsRequest->handle(Object(Illuminate\\Http\\Request), Object(Closure))
#17 C:\\Users\\Miguel\\Desktop\\Applikcation Octobre\\Projet gestion de stock\\backend\\vendor\\laravel\\framework\\src\\Illuminate\\Pipeline\\Pipeline.php(219): Illuminate\\Foundation\\Http\\Middleware\\TrimStrings->handle(Object(Illuminate\\Http\\Request), Object(Closure))
#18 C:\\Users\\Miguel\\Desktop\\Applikcation Octobre\\Projet gestion de stock\\backend\\vendor\\laravel\\framework\\src\\Illuminate\\Http\\Middleware\\ValidatePostSize.php(27): Illuminate\\Pipeline\\Pipeline->Illuminate\\Pipeline\\{closure}(Object(Illuminate\\Http\\Request))
#19 C:\\Users\\Miguel\\Desktop\\Applikcation Octobre\\Projet gestion de stock\\backend\\vendor\\laravel\\framework\\src\\Illuminate\\Pipeline\\Pipeline.php(219): Illuminate\\Http\\Middleware\\ValidatePostSize->handle(Object(Illuminate\\Http\\Request), Object(Closure))
#20 C:\\Users\\Miguel\\Desktop\\Applikcation Octobre\\Projet gestion de stock\\backend\\vendor\\laravel\\framework\\src\\Illuminate\\Http\\Middleware\\HandleCors.php(61): Illuminate\\Pipeline\\Pipeline->Illuminate\\Pipeline\\{closure}(Object(Illuminate\\Http\\Request))
#21 C:\\Users\\Miguel\\Desktop\\Applikcation Octobre\\Projet gestion de stock\\backend\\vendor\\laravel\\framework\\src\\Illuminate\\Pipeline\\Pipeline.php(219): Illuminate\\Http\\Middleware\\HandleCors->handle(Object(Illuminate\\Http\\Request), Object(Closure))
#22 C:\\Users\\Miguel\\Desktop\\Applikcation Octobre\\Projet gestion de stock\\backend\\vendor\\laravel\\framework\\src\\Illuminate\\Http\\Middleware\\TrustProxies.php(58): Illuminate\\Pipeline\\Pipeline->Illuminate\\Pipeline\\{closure}(Object(Illuminate\\Http\\Request))
#23 C:\\Users\\Miguel\\Desktop\\Applikcation Octobre\\Projet gestion de stock\\backend\\vendor\\laravel\\framework\\src\\Illuminate\\Pipeline\\Pipeline.php(219): Illuminate\\Http\\Middleware\\TrustProxies->handle(Object(Illuminate\\Http\\Request), Object(Closure))
#24 C:\\Users\\Miguel\\Desktop\\Applikcation Octobre\\Projet gestion de stock\\backend\\vendor\\laravel\\framework\\src\\Illuminate\\Pipeline\\Pipeline.php(137): Illuminate\\Pipeline\\Pipeline->Illuminate\\Pipeline\\{closure}(Object(Illuminate\\Http\\Request))
#25 C:\\Users\\Miguel\\Desktop\\Applikcation Octobre\\Projet gestion de stock\\backend\\vendor\\laravel\\framework\\src\\Illuminate\\Foundation\\Http\\Kernel.php(175): Illuminate\\Pipeline\\Pipeline->then(Object(Closure))
#26 C:\\Users\\Miguel\\Desktop\\Applikcation Octobre\\Projet gestion de stock\\backend\\vendor\\laravel\\framework\\src\\Illuminate\\Foundation\\Http\\Kernel.php(144): Illuminate\\Foundation\\Http\\Kernel->sendRequestThroughRouter(Object(Illuminate\\Http\\Request))
#27 C:\\Users\\Miguel\\Desktop\\Applikcation Octobre\\Projet gestion de stock\\backend\\public\\index.php(51): Illuminate\\Foundation\\Http\\Kernel->handle(Object(Illuminate\\Http\\Request))
#28 C:\\Users\\Miguel\\Desktop\\Applikcation Octobre\\Projet gestion de stock\\backend\\vendor\\laravel\\framework\\src\\Illuminate\\Foundation\\resources\\server.php(23): require_once('C:\\\\Users\\\\Miguel...')
#29 {main}

[previous exception] [object] (ReflectionException(code: -1): Class \"cors\" does not exist at C:\\Users\\Miguel\\Desktop\\Applikcation Octobre\\Projet gestion de stock\\backend\\vendor\\laravel\\framework\\src\\Illuminate\\Container\\Container.php:1161)
[stacktrace]
#0 C:\\Users\\Miguel\\Desktop\\Applikcation Octobre\\Projet gestion de stock\\backend\\vendor\\laravel\\framework\\src\\Illuminate\\Container\\Container.php(1161): ReflectionClass->__construct('cors')
#1 C:\\Users\\Miguel\\Desktop\\Applikcation Octobre\\Projet gestion de stock\\backend\\vendor\\laravel\\framework\\src\\Illuminate\\Container\\Container.php(972): Illuminate\\Container\\Container->build('cors')
#2 C:\\Users\\Miguel\\Desktop\\Applikcation Octobre\\Projet gestion de stock\\backend\\vendor\\laravel\\framework\\src\\Illuminate\\Foundation\\Application.php(1078): Illuminate\\Container\\Container->resolve('cors', Array, true)
#3 C:\\Users\\Miguel\\Desktop\\Applikcation Octobre\\Projet gestion de stock\\backend\\vendor\\laravel\\framework\\src\\Illuminate\\Container\\Container.php(903): Illuminate\\Foundation\\Application->resolve('cors', Array)
#4 C:\\Users\\Miguel\\Desktop\\Applikcation Octobre\\Projet gestion de stock\\backend\\vendor\\laravel\\framework\\src\\Illuminate\\Foundation\\Application.php(1058): Illuminate\\Container\\Container->make('cors', Array)
#5 C:\\Users\\Miguel\\Desktop\\Applikcation Octobre\\Projet gestion de stock\\backend\\vendor\\laravel\\framework\\src\\Illuminate\\Pipeline\\Pipeline.php(208): Illuminate\\Foundation\\Application->make('cors')
#6 C:\\Users\\Miguel\\Desktop\\Applikcation Octobre\\Projet gestion de stock\\backend\\vendor\\laravel\\framework\\src\\Illuminate\\Pipeline\\Pipeline.php(137): Illuminate\\Pipeline\\Pipeline->Illuminate\\Pipeline\\{closure}(Object(Illuminate\\Http\\Request))
#7 C:\\Users\\Miguel\\Desktop\\Applikcation Octobre\\Projet gestion de stock\\backend\\vendor\\laravel\\framework\\src\\Illuminate\\Routing\\Router.php(821): Illuminate\\Pipeline\\Pipeline->then(Object(Closure))
#8 C:\\Users\\Miguel\\Desktop\\Applikcation Octobre\\Projet gestion de stock\\backend\\vendor\\laravel\\framework\\src\\Illuminate\\Routing\\Router.php(800): Illuminate\\Routing\\Router->runRouteWithinStack(Object(Illuminate\\Routing\\Route), Object(Illuminate\\Http\\Request))
#9 C:\\Users\\Miguel\\Desktop\\Applikcation Octobre\\Projet gestion de stock\\backend\\vendor\\laravel\\framework\\src\\Illuminate\\Routing\\Router.php(764): Illuminate\\Routing\\Router->runRoute(Object(Illuminate\\Http\\Request), Object(Illuminate\\Routing\\Route))
#10 C:\\Users\\Miguel\\Desktop\\Applikcation Octobre\\Projet gestion de stock\\backend\\vendor\\laravel\\framework\\src\\Illuminate\\Routing\\Router.php(753): Illuminate\\Routing\\Router->dispatchToRoute(Object(Illuminate\\Http\\Request))
#11 C:\\Users\\Miguel\\Desktop\\Applikcation Octobre\\Projet gestion de stock\\backend\\vendor\\laravel\\framework\\src\\Illuminate\\Foundation\\Http\\Kernel.php(200): Illuminate\\Routing\\Router->dispatch(Object(Illuminate\\Http\\Request))
#12 C:\\Users\\Miguel\\Desktop\\Applikcation Octobre\\Projet gestion de stock\\backend\\vendor\\laravel\\framework\\src\\Illuminate\\Pipeline\\Pipeline.php(180): Illuminate\\Foundation\\Http\\Kernel->Illuminate\\Foundation\\Http\\{closure}(Object(Illuminate\\Http\\Request))
#13 C:\\Users\\Miguel\\Desktop\\Applikcation Octobre\\Projet gestion de stock\\backend\\vendor\\laravel\\framework\\src\\Illuminate\\Foundation\\Http\\Middleware\\TransformsRequest.php(21): Illuminate\\Pipeline\\Pipeline->Illuminate\\Pipeline\\{closure}(Object(Illuminate\\Http\\Request))
#14 C:\\Users\\Miguel\\Desktop\\Applikcation Octobre\\Projet gestion de stock\\backend\\vendor\\laravel\\framework\\src\\Illuminate\\Foundation\\Http\\Middleware\\ConvertEmptyStringsToNull.php(31): Illuminate\\Foundation\\Http\\Middleware\\TransformsRequest->handle(Object(Illuminate\\Http\\Request), Object(Closure))
#15 C:\\Users\\Miguel\\Desktop\\Applikcation Octobre\\Projet gestion de stock\\backend\\vendor\\laravel\\framework\\src\\Illuminate\\Pipeline\\Pipeline.php(219): Illuminate\\Foundation\\Http\\Middleware\\ConvertEmptyStringsToNull->handle(Object(Illuminate\\Http\\Request), Object(Closure))
#16 C:\\Users\\Miguel\\Desktop\\Applikcation Octobre\\Projet gestion de stock\\backend\\vendor\\laravel\\framework\\src\\Illuminate\\Foundation\\Http\\Middleware\\TransformsRequest.php(21): Illuminate\\Pipeline\\Pipeline->Illuminate\\Pipeline\\{closure}(Object(Illuminate\\Http\\Request))
#17 C:\\Users\\Miguel\\Desktop\\Applikcation Octobre\\Projet gestion de stock\\backend\\vendor\\laravel\\framework\\src\\Illuminate\\Foundation\\Http\\Middleware\\TrimStrings.php(51): Illuminate\\Foundation\\Http\\Middleware\\TransformsRequest->handle(Object(Illuminate\\Http\\Request), Object(Closure))
#18 C:\\Users\\Miguel\\Desktop\\Applikcation Octobre\\Projet gestion de stock\\backend\\vendor\\laravel\\framework\\src\\Illuminate\\Pipeline\\Pipeline.php(219): Illuminate\\Foundation\\Http\\Middleware\\TrimStrings->handle(Object(Illuminate\\Http\\Request), Object(Closure))
#19 C:\\Users\\Miguel\\Desktop\\Applikcation Octobre\\Projet gestion de stock\\backend\\vendor\\laravel\\framework\\src\\Illuminate\\Http\\Middleware\\ValidatePostSize.php(27): Illuminate\\Pipeline\\Pipeline->Illuminate\\Pipeline\\{closure}(Object(Illuminate\\Http\\Request))
#20 C:\\Users\\Miguel\\Desktop\\Applikcation Octobre\\Projet gestion de stock\\backend\\vendor\\laravel\\framework\\src\\Illuminate\\Pipeline\\Pipeline.php(219): Illuminate\\Http\\Middleware\\ValidatePostSize->handle(Object(Illuminate\\Http\\Request), Object(Closure))
#21 C:\\Users\\Miguel\\Desktop\\Applikcation Octobre\\Projet gestion de stock\\backend\\vendor\\laravel\\framework\\src\\Illuminate\\Http\\Middleware\\HandleCors.php(61): Illuminate\\Pipeline\\Pipeline->Illuminate\\Pipeline\\{closure}(Object(Illuminate\\Http\\Request))
#22 C:\\Users\\Miguel\\Desktop\\Applikcation Octobre\\Projet gestion de stock\\backend\\vendor\\laravel\\framework\\src\\Illuminate\\Pipeline\\Pipeline.php(219): Illuminate\\Http\\Middleware\\HandleCors->handle(Object(Illuminate\\Http\\Request), Object(Closure))
#23 C:\\Users\\Miguel\\Desktop\\Applikcation Octobre\\Projet gestion de stock\\backend\\vendor\\laravel\\framework\\src\\Illuminate\\Http\\Middleware\\TrustProxies.php(58): Illuminate\\Pipeline\\Pipeline->Illuminate\\Pipeline\\{closure}(Object(Illuminate\\Http\\Request))
#24 C:\\Users\\Miguel\\Desktop\\Applikcation Octobre\\Projet gestion de stock\\backend\\vendor\\laravel\\framework\\src\\Illuminate\\Pipeline\\Pipeline.php(219): Illuminate\\Http\\Middleware\\TrustProxies->handle(Object(Illuminate\\Http\\Request), Object(Closure))
#25 C:\\Users\\Miguel\\Desktop\\Applikcation Octobre\\Projet gestion de stock\\backend\\vendor\\laravel\\framework\\src\\Illuminate\\Pipeline\\Pipeline.php(137): Illuminate\\Pipeline\\Pipeline->Illuminate\\Pipeline\\{closure}(Object(Illuminate\\Http\\Request))
#26 C:\\Users\\Miguel\\Desktop\\Applikcation Octobre\\Projet gestion de stock\\backend\\vendor\\laravel\\framework\\src\\Illuminate\\Foundation\\Http\\Kernel.php(175): Illuminate\\Pipeline\\Pipeline->then(Object(Closure))
#27 C:\\Users\\Miguel\\Desktop\\Applikcation Octobre\\Projet gestion de stock\\backend\\vendor\\laravel\\framework\\src\\Illuminate\\Foundation\\Http\\Kernel.php(144): Illuminate\\Foundation\\Http\\Kernel->sendRequestThroughRouter(Object(Illuminate\\Http\\Request))
#28 C:\\Users\\Miguel\\Desktop\\Applikcation Octobre\\Projet gestion de stock\\backend\\public\\index.php(51): Illuminate\\Foundation\\Http\\Kernel->handle(Object(Illuminate\\Http\\Request))
#29 C:\\Users\\Miguel\\Desktop\\Applikcation Octobre\\Projet gestion de stock\\backend\\vendor\\laravel\\framework\\src\\Illuminate\\Foundation\\resources\\server.php(23): require_once('C:\\\\Users\\\\Miguel...')
#30 {main}
"} 
[2025-11-11 15:36:37] local.ERROR: Target class [cors] does not exist. {"exception":"[object] (Illuminate\\Contracts\\Container\\BindingResolutionException(code: 0): Target class [cors] does not exist. at C:\\Users\\Miguel\\Desktop\\Applikcation Octobre\\Projet gestion de stock\\backend\\vendor\\laravel\\framework\\src\\Illuminate\\Container\\Container.php:1163)
[stacktrace]
#0 C:\\Users\\Miguel\\Desktop\\Applikcation Octobre\\Projet gestion de stock\\backend\\vendor\\laravel\\framework\\src\\Illuminate\\Container\\Container.php(972): Illuminate\\Container\\Container->build('cors')
#1 C:\\Users\\Miguel\\Desktop\\Applikcation Octobre\\Projet gestion de stock\\backend\\vendor\\laravel\\framework\\src\\Illuminate\\Foundation\\Application.php(1078): Illuminate\\Container\\Container->resolve('cors', Array, true)
#2 C:\\Users\\Miguel\\Desktop\\Applikcation Octobre\\Projet gestion de stock\\backend\\vendor\\laravel\\framework\\src\\Illuminate\\Container\\Container.php(903): Illuminate\\Foundation\\Application->resolve('cors', Array)
#3 C:\\Users\\Miguel\\Desktop\\Applikcation Octobre\\Projet gestion de stock\\backend\\vendor\\laravel\\framework\\src\\Illuminate\\Foundation\\Application.php(1058): Illuminate\\Container\\Container->make('cors', Array)
#4 C:\\Users\\Miguel\\Desktop\\Applikcation Octobre\\Projet gestion de stock\\backend\\vendor\\laravel\\framework\\src\\Illuminate\\Foundation\\Http\\Kernel.php(257): Illuminate\\Foundation\\Application->make('cors')
#5 C:\\Users\\Miguel\\Desktop\\Applikcation Octobre\\Projet gestion de stock\\backend\\vendor\\laravel\\framework\\src\\Illuminate\\Foundation\\Http\\Kernel.php(215): Illuminate\\Foundation\\Http\\Kernel->terminateMiddleware(Object(Illuminate\\Http\\Request), Object(Illuminate\\Http\\JsonResponse))
#6 C:\\Users\\Miguel\\Desktop\\Applikcation Octobre\\Projet gestion de stock\\backend\\public\\index.php(55): Illuminate\\Foundation\\Http\\Kernel->terminate(Object(Illuminate\\Http\\Request), Object(Illuminate\\Http\\JsonResponse))
#7 C:\\Users\\Miguel\\Desktop\\Applikcation Octobre\\Projet gestion de stock\\backend\\vendor\\laravel\\framework\\src\\Illuminate\\Foundation\\resources\\server.php(23): require_once('C:\\\\Users\\\\Miguel...')
#8 {main}

[previous exception] [object] (ReflectionException(code: -1): Class \"cors\" does not exist at C:\\Users\\Miguel\\Desktop\\Applikcation Octobre\\Projet gestion de stock\\backend\\vendor\\laravel\\framework\\src\\Illuminate\\Container\\Container.php:1161)
[stacktrace]
#0 C:\\Users\\Miguel\\Desktop\\Applikcation Octobre\\Projet gestion de stock\\backend\\vendor\\laravel\\framework\\src\\Illuminate\\Container\\Container.php(1161): ReflectionClass->__construct('cors')
#1 C:\\Users\\Miguel\\Desktop\\Applikcation Octobre\\Projet gestion de stock\\backend\\vendor\\laravel\\framework\\src\\Illuminate\\Container\\Container.php(972): Illuminate\\Container\\Container->build('cors')
#2 C:\\Users\\Miguel\\Desktop\\Applikcation Octobre\\Projet gestion de stock\\backend\\vendor\\laravel\\framework\\src\\Illuminate\\Foundation\\Application.php(1078): Illuminate\\Container\\Container->resolve('cors', Array, true)
#3 C:\\Users\\Miguel\\Desktop\\Applikcation Octobre\\Projet gestion de stock\\backend\\vendor\\laravel\\framework\\src\\Illuminate\\Container\\Container.php(903): Illuminate\\Foundation\\Application->resolve('cors', Array)
#4 C:\\Users\\Miguel\\Desktop\\Applikcation Octobre\\Projet gestion de stock\\backend\\vendor\\laravel\\framework\\src\\Illuminate\\Foundation\\Application.php(1058): Illuminate\\Container\\Container->make('cors', Array)
#5 C:\\Users\\Miguel\\Desktop\\Applikcation Octobre\\Projet gestion de stock\\backend\\vendor\\laravel\\framework\\src\\Illuminate\\Foundation\\Http\\Kernel.php(257): Illuminate\\Foundation\\Application->make('cors')
#6 C:\\Users\\Miguel\\Desktop\\Applikcation Octobre\\Projet gestion de stock\\backend\\vendor\\laravel\\framework\\src\\Illuminate\\Foundation\\Http\\Kernel.php(215): Illuminate\\Foundation\\Http\\Kernel->terminateMiddleware(Object(Illuminate\\Http\\Request), Object(Illuminate\\Http\\JsonResponse))
#7 C:\\Users\\Miguel\\Desktop\\Applikcation Octobre\\Projet gestion de stock\\backend\\public\\index.php(55): Illuminate\\Foundation\\Http\\Kernel->terminate(Object(Illuminate\\Http\\Request), Object(Illuminate\\Http\\JsonResponse))
#8 C:\\Users\\Miguel\\Desktop\\Applikcation Octobre\\Projet gestion de stock\\backend\\vendor\\laravel\\framework\\src\\Illuminate\\Foundation\\resources\\server.php(23): require_once('C:\\\\Users\\\\Miguel...')
#9 {main}
"} 
[2025-11-11 15:47:14] local.ERROR: Target class [cors] does not exist. {"exception":"[object] (Illuminate\\Contracts\\Container\\BindingResolutionException(code: 0): Target class [cors] does not exist. at C:\\Users\\Miguel\\Desktop\\Applikcation Octobre\\Projet gestion de stock\\backend\\vendor\\laravel\\framework\\src\\Illuminate\\Container\\Container.php:1163)
[stacktrace]
#0 C:\\Users\\Miguel\\Desktop\\Applikcation Octobre\\Projet gestion de stock\\backend\\vendor\\laravel\\framework\\src\\Illuminate\\Container\\Container.php(972): Illuminate\\Container\\Container->build('cors')
#1 C:\\Users\\Miguel\\Desktop\\Applikcation Octobre\\Projet gestion de stock\\backend\\vendor\\laravel\\framework\\src\\Illuminate\\Foundation\\Application.php(1078): Illuminate\\Container\\Container->resolve('cors', Array, true)
#2 C:\\Users\\Miguel\\Desktop\\Applikcation Octobre\\Projet gestion de stock\\backend\\vendor\\laravel\\framework\\src\\Illuminate\\Container\\Container.php(903): Illuminate\\Foundation\\Application->resolve('cors', Array)
#3 C:\\Users\\Miguel\\Desktop\\Applikcation Octobre\\Projet gestion de stock\\backend\\vendor\\laravel\\framework\\src\\Illuminate\\Foundation\\Application.php(1058): Illuminate\\Container\\Container->make('cors', Array)
#4 C:\\Users\\Miguel\\Desktop\\Applikcation Octobre\\Projet gestion de stock\\backend\\vendor\\laravel\\framework\\src\\Illuminate\\Pipeline\\Pipeline.php(208): Illuminate\\Foundation\\Application->make('cors')
#5 C:\\Users\\Miguel\\Desktop\\Applikcation Octobre\\Projet gestion de stock\\backend\\vendor\\laravel\\framework\\src\\Illuminate\\Pipeline\\Pipeline.php(137): Illuminate\\Pipeline\\Pipeline->Illuminate\\Pipeline\\{closure}(Object(Illuminate\\Http\\Request))
#6 C:\\Users\\Miguel\\Desktop\\Applikcation Octobre\\Projet gestion de stock\\backend\\vendor\\laravel\\framework\\src\\Illuminate\\Routing\\Router.php(821): Illuminate\\Pipeline\\Pipeline->then(Object(Closure))
#7 C:\\Users\\Miguel\\Desktop\\Applikcation Octobre\\Projet gestion de stock\\backend\\vendor\\laravel\\framework\\src\\Illuminate\\Routing\\Router.php(800): Illuminate\\Routing\\Router->runRouteWithinStack(Object(Illuminate\\Routing\\Route), Object(Illuminate\\Http\\Request))
#8 C:\\Users\\Miguel\\Desktop\\Applikcation Octobre\\Projet gestion de stock\\backend\\vendor\\laravel\\framework\\src\\Illuminate\\Routing\\Router.php(764): Illuminate\\Routing\\Router->runRoute(Object(Illuminate\\Http\\Request), Object(Illuminate\\Routing\\Route))
#9 C:\\Users\\Miguel\\Desktop\\Applikcation Octobre\\Projet gestion de stock\\backend\\vendor\\laravel\\framework\\src\\Illuminate\\Routing\\Router.php(753): Illuminate\\Routing\\Router->dispatchToRoute(Object(Illuminate\\Http\\Request))
#10 C:\\Users\\Miguel\\Desktop\\Applikcation Octobre\\Projet gestion de stock\\backend\\vendor\\laravel\\framework\\src\\Illuminate\\Foundation\\Http\\Kernel.php(200): Illuminate\\Routing\\Router->dispatch(Object(Illuminate\\Http\\Request))
#11 C:\\Users\\Miguel\\Desktop\\Applikcation Octobre\\Projet gestion de stock\\backend\\vendor\\laravel\\framework\\src\\Illuminate\\Pipeline\\Pipeline.php(180): Illuminate\\Foundation\\Http\\Kernel->Illuminate\\Foundation\\Http\\{closure}(Object(Illuminate\\Http\\Request))
#12 C:\\Users\\Miguel\\Desktop\\Applikcation Octobre\\Projet gestion de stock\\backend\\vendor\\laravel\\framework\\src\\Illuminate\\Foundation\\Http\\Middleware\\TransformsRequest.php(21): Illuminate\\Pipeline\\Pipeline->Illuminate\\Pipeline\\{closure}(Object(Illuminate\\Http\\Request))
#13 C:\\Users\\Miguel\\Desktop\\Applikcation Octobre\\Projet gestion de stock\\backend\\vendor\\laravel\\framework\\src\\Illuminate\\Foundation\\Http\\Middleware\\ConvertEmptyStringsToNull.php(31): Illuminate\\Foundation\\Http\\Middleware\\TransformsRequest->handle(Object(Illuminate\\Http\\Request), Object(Closure))
#14 C:\\Users\\Miguel\\Desktop\\Applikcation Octobre\\Projet gestion de stock\\backend\\vendor\\laravel\\framework\\src\\Illuminate\\Pipeline\\Pipeline.php(219): Illuminate\\Foundation\\Http\\Middleware\\ConvertEmptyStringsToNull->handle(Object(Illuminate\\Http\\Request), Object(Closure))
#15 C:\\Users\\Miguel\\Desktop\\Applikcation Octobre\\Projet gestion de stock\\backend\\vendor\\laravel\\framework\\src\\Illuminate\\Foundation\\Http\\Middleware\\TransformsRequest.php(21): Illuminate\\Pipeline\\Pipeline->Illuminate\\Pipeline\\{closure}(Object(Illuminate\\Http\\Request))
#16 C:\\Users\\Miguel\\Desktop\\Applikcation Octobre\\Projet gestion de stock\\backend\\vendor\\laravel\\framework\\src\\Illuminate\\Foundation\\Http\\Middleware\\TrimStrings.php(51): Illuminate\\Foundation\\Http\\Middleware\\TransformsRequest->handle(Object(Illuminate\\Http\\Request), Object(Closure))
#17 C:\\Users\\Miguel\\Desktop\\Applikcation Octobre\\Projet gestion de stock\\backend\\vendor\\laravel\\framework\\src\\Illuminate\\Pipeline\\Pipeline.php(219): Illuminate\\Foundation\\Http\\Middleware\\TrimStrings->handle(Object(Illuminate\\Http\\Request), Object(Closure))
#18 C:\\Users\\Miguel\\Desktop\\Applikcation Octobre\\Projet gestion de stock\\backend\\vendor\\laravel\\framework\\src\\Illuminate\\Http\\Middleware\\ValidatePostSize.php(27): Illuminate\\Pipeline\\Pipeline->Illuminate\\Pipeline\\{closure}(Object(Illuminate\\Http\\Request))
#19 C:\\Users\\Miguel\\Desktop\\Applikcation Octobre\\Projet gestion de stock\\backend\\vendor\\laravel\\framework\\src\\Illuminate\\Pipeline\\Pipeline.php(219): Illuminate\\Http\\Middleware\\ValidatePostSize->handle(Object(Illuminate\\Http\\Request), Object(Closure))
#20 C:\\Users\\Miguel\\Desktop\\Applikcation Octobre\\Projet gestion de stock\\backend\\vendor\\laravel\\framework\\src\\Illuminate\\Http\\Middleware\\HandleCors.php(61): Illuminate\\Pipeline\\Pipeline->Illuminate\\Pipeline\\{closure}(Object(Illuminate\\Http\\Request))
#21 C:\\Users\\Miguel\\Desktop\\Applikcation Octobre\\Projet gestion de stock\\backend\\vendor\\laravel\\framework\\src\\Illuminate\\Pipeline\\Pipeline.php(219): Illuminate\\Http\\Middleware\\HandleCors->handle(Object(Illuminate\\Http\\Request), Object(Closure))
#22 C:\\Users\\Miguel\\Desktop\\Applikcation Octobre\\Projet gestion de stock\\backend\\vendor\\laravel\\framework\\src\\Illuminate\\Http\\Middleware\\TrustProxies.php(58): Illuminate\\Pipeline\\Pipeline->Illuminate\\Pipeline\\{closure}(Object(Illuminate\\Http\\Request))
#23 C:\\Users\\Miguel\\Desktop\\Applikcation Octobre\\Projet gestion de stock\\backend\\vendor\\laravel\\framework\\src\\Illuminate\\Pipeline\\Pipeline.php(219): Illuminate\\Http\\Middleware\\TrustProxies->handle(Object(Illuminate\\Http\\Request), Object(Closure))
#24 C:\\Users\\Miguel\\Desktop\\Applikcation Octobre\\Projet gestion de stock\\backend\\vendor\\laravel\\framework\\src\\Illuminate\\Pipeline\\Pipeline.php(137): Illuminate\\Pipeline\\Pipeline->Illuminate\\Pipeline\\{closure}(Object(Illuminate\\Http\\Request))
#25 C:\\Users\\Miguel\\Desktop\\Applikcation Octobre\\Projet gestion de stock\\backend\\vendor\\laravel\\framework\\src\\Illuminate\\Foundation\\Http\\Kernel.php(175): Illuminate\\Pipeline\\Pipeline->then(Object(Closure))
#26 C:\\Users\\Miguel\\Desktop\\Applikcation Octobre\\Projet gestion de stock\\backend\\vendor\\laravel\\framework\\src\\Illuminate\\Foundation\\Http\\Kernel.php(144): Illuminate\\Foundation\\Http\\Kernel->sendRequestThroughRouter(Object(Illuminate\\Http\\Request))
#27 C:\\Users\\Miguel\\Desktop\\Applikcation Octobre\\Projet gestion de stock\\backend\\public\\index.php(51): Illuminate\\Foundation\\Http\\Kernel->handle(Object(Illuminate\\Http\\Request))
#28 C:\\Users\\Miguel\\Desktop\\Applikcation Octobre\\Projet gestion de stock\\backend\\vendor\\laravel\\framework\\src\\Illuminate\\Foundation\\resources\\server.php(23): require_once('C:\\\\Users\\\\Miguel...')
#29 {main}

[previous exception] [object] (ReflectionException(code: -1): Class \"cors\" does not exist at C:\\Users\\Miguel\\Desktop\\Applikcation Octobre\\Projet gestion de stock\\backend\\vendor\\laravel\\framework\\src\\Illuminate\\Container\\Container.php:1161)
[stacktrace]
#0 C:\\Users\\Miguel\\Desktop\\Applikcation Octobre\\Projet gestion de stock\\backend\\vendor\\laravel\\framework\\src\\Illuminate\\Container\\Container.php(1161): ReflectionClass->__construct('cors')
#1 C:\\Users\\Miguel\\Desktop\\Applikcation Octobre\\Projet gestion de stock\\backend\\vendor\\laravel\\framework\\src\\Illuminate\\Container\\Container.php(972): Illuminate\\Container\\Container->build('cors')
#2 C:\\Users\\Miguel\\Desktop\\Applikcation Octobre\\Projet gestion de stock\\backend\\vendor\\laravel\\framework\\src\\Illuminate\\Foundation\\Application.php(1078): Illuminate\\Container\\Container->resolve('cors', Array, true)
#3 C:\\Users\\Miguel\\Desktop\\Applikcation Octobre\\Projet gestion de stock\\backend\\vendor\\laravel\\framework\\src\\Illuminate\\Container\\Container.php(903): Illuminate\\Foundation\\Application->resolve('cors', Array)
#4 C:\\Users\\Miguel\\Desktop\\Applikcation Octobre\\Projet gestion de stock\\backend\\vendor\\laravel\\framework\\src\\Illuminate\\Foundation\\Application.php(1058): Illuminate\\Container\\Container->make('cors', Array)
#5 C:\\Users\\Miguel\\Desktop\\Applikcation Octobre\\Projet gestion de stock\\backend\\vendor\\laravel\\framework\\src\\Illuminate\\Pipeline\\Pipeline.php(208): Illuminate\\Foundation\\Application->make('cors')
#6 C:\\Users\\Miguel\\Desktop\\Applikcation Octobre\\Projet gestion de stock\\backend\\vendor\\laravel\\framework\\src\\Illuminate\\Pipeline\\Pipeline.php(137): Illuminate\\Pipeline\\Pipeline->Illuminate\\Pipeline\\{closure}(Object(Illuminate\\Http\\Request))
#7 C:\\Users\\Miguel\\Desktop\\Applikcation Octobre\\Projet gestion de stock\\backend\\vendor\\laravel\\framework\\src\\Illuminate\\Routing\\Router.php(821): Illuminate\\Pipeline\\Pipeline->then(Object(Closure))
#8 C:\\Users\\Miguel\\Desktop\\Applikcation Octobre\\Projet gestion de stock\\backend\\vendor\\laravel\\framework\\src\\Illuminate\\Routing\\Router.php(800): Illuminate\\Routing\\Router->runRouteWithinStack(Object(Illuminate\\Routing\\Route), Object(Illuminate\\Http\\Request))
#9 C:\\Users\\Miguel\\Desktop\\Applikcation Octobre\\Projet gestion de stock\\backend\\vendor\\laravel\\framework\\src\\Illuminate\\Routing\\Router.php(764): Illuminate\\Routing\\Router->runRoute(Object(Illuminate\\Http\\Request), Object(Illuminate\\Routing\\Route))
#10 C:\\Users\\Miguel\\Desktop\\Applikcation Octobre\\Projet gestion de stock\\backend\\vendor\\laravel\\framework\\src\\Illuminate\\Routing\\Router.php(753): Illuminate\\Routing\\Router->dispatchToRoute(Object(Illuminate\\Http\\Request))
#11 C:\\Users\\Miguel\\Desktop\\Applikcation Octobre\\Projet gestion de stock\\backend\\vendor\\laravel\\framework\\src\\Illuminate\\Foundation\\Http\\Kernel.php(200): Illuminate\\Routing\\Router->dispatch(Object(Illuminate\\Http\\Request))
#12 C:\\Users\\Miguel\\Desktop\\Applikcation Octobre\\Projet gestion de stock\\backend\\vendor\\laravel\\framework\\src\\Illuminate\\Pipeline\\Pipeline.php(180): Illuminate\\Foundation\\Http\\Kernel->Illuminate\\Foundation\\Http\\{closure}(Object(Illuminate\\Http\\Request))
#13 C:\\Users\\Miguel\\Desktop\\Applikcation Octobre\\Projet gestion de stock\\backend\\vendor\\laravel\\framework\\src\\Illuminate\\Foundation\\Http\\Middleware\\TransformsRequest.php(21): Illuminate\\Pipeline\\Pipeline->Illuminate\\Pipeline\\{closure}(Object(Illuminate\\Http\\Request))
#14 C:\\Users\\Miguel\\Desktop\\Applikcation Octobre\\Projet gestion de stock\\backend\\vendor\\laravel\\framework\\src\\Illuminate\\Foundation\\Http\\Middleware\\ConvertEmptyStringsToNull.php(31): Illuminate\\Foundation\\Http\\Middleware\\TransformsRequest->handle(Object(Illuminate\\Http\\Request), Object(Closure))
#15 C:\\Users\\Miguel\\Desktop\\Applikcation Octobre\\Projet gestion de stock\\backend\\vendor\\laravel\\framework\\src\\Illuminate\\Pipeline\\Pipeline.php(219): Illuminate\\Foundation\\Http\\Middleware\\ConvertEmptyStringsToNull->handle(Object(Illuminate\\Http\\Request), Object(Closure))
#16 C:\\Users\\Miguel\\Desktop\\Applikcation Octobre\\Projet gestion de stock\\backend\\vendor\\laravel\\framework\\src\\Illuminate\\Foundation\\Http\\Middleware\\TransformsRequest.php(21): Illuminate\\Pipeline\\Pipeline->Illuminate\\Pipeline\\{closure}(Object(Illuminate\\Http\\Request))
#17 C:\\Users\\Miguel\\Desktop\\Applikcation Octobre\\Projet gestion de stock\\backend\\vendor\\laravel\\framework\\src\\Illuminate\\Foundation\\Http\\Middleware\\TrimStrings.php(51): Illuminate\\Foundation\\Http\\Middleware\\TransformsRequest->handle(Object(Illuminate\\Http\\Request), Object(Closure))
#18 C:\\Users\\Miguel\\Desktop\\Applikcation Octobre\\Projet gestion de stock\\backend\\vendor\\laravel\\framework\\src\\Illuminate\\Pipeline\\Pipeline.php(219): Illuminate\\Foundation\\Http\\Middleware\\TrimStrings->handle(Object(Illuminate\\Http\\Request), Object(Closure))
#19 C:\\Users\\Miguel\\Desktop\\Applikcation Octobre\\Projet gestion de stock\\backend\\vendor\\laravel\\framework\\src\\Illuminate\\Http\\Middleware\\ValidatePostSize.php(27): Illuminate\\Pipeline\\Pipeline->Illuminate\\Pipeline\\{closure}(Object(Illuminate\\Http\\Request))
#20 C:\\Users\\Miguel\\Desktop\\Applikcation Octobre\\Projet gestion de stock\\backend\\vendor\\laravel\\framework\\src\\Illuminate\\Pipeline\\Pipeline.php(219): Illuminate\\Http\\Middleware\\ValidatePostSize->handle(Object(Illuminate\\Http\\Request), Object(Closure))
#21 C:\\Users\\Miguel\\Desktop\\Applikcation Octobre\\Projet gestion de stock\\backend\\vendor\\laravel\\framework\\src\\Illuminate\\Http\\Middleware\\HandleCors.php(61): Illuminate\\Pipeline\\Pipeline->Illuminate\\Pipeline\\{closure}(Object(Illuminate\\Http\\Request))
#22 C:\\Users\\Miguel\\Desktop\\Applikcation Octobre\\Projet gestion de stock\\backend\\vendor\\laravel\\framework\\src\\Illuminate\\Pipeline\\Pipeline.php(219): Illuminate\\Http\\Middleware\\HandleCors->handle(Object(Illuminate\\Http\\Request), Object(Closure))
#23 C:\\Users\\Miguel\\Desktop\\Applikcation Octobre\\Projet gestion de stock\\backend\\vendor\\laravel\\framework\\src\\Illuminate\\Http\\Middleware\\TrustProxies.php(58): Illuminate\\Pipeline\\Pipeline->Illuminate\\Pipeline\\{closure}(Object(Illuminate\\Http\\Request))
#24 C:\\Users\\Miguel\\Desktop\\Applikcation Octobre\\Projet gestion de stock\\backend\\vendor\\laravel\\framework\\src\\Illuminate\\Pipeline\\Pipeline.php(219): Illuminate\\Http\\Middleware\\TrustProxies->handle(Object(Illuminate\\Http\\Request), Object(Closure))
#25 C:\\Users\\Miguel\\Desktop\\Applikcation Octobre\\Projet gestion de stock\\backend\\vendor\\laravel\\framework\\src\\Illuminate\\Pipeline\\Pipeline.php(137): Illuminate\\Pipeline\\Pipeline->Illuminate\\Pipeline\\{closure}(Object(Illuminate\\Http\\Request))
#26 C:\\Users\\Miguel\\Desktop\\Applikcation Octobre\\Projet gestion de stock\\backend\\vendor\\laravel\\framework\\src\\Illuminate\\Foundation\\Http\\Kernel.php(175): Illuminate\\Pipeline\\Pipeline->then(Object(Closure))
#27 C:\\Users\\Miguel\\Desktop\\Applikcation Octobre\\Projet gestion de stock\\backend\\vendor\\laravel\\framework\\src\\Illuminate\\Foundation\\Http\\Kernel.php(144): Illuminate\\Foundation\\Http\\Kernel->sendRequestThroughRouter(Object(Illuminate\\Http\\Request))
#28 C:\\Users\\Miguel\\Desktop\\Applikcation Octobre\\Projet gestion de stock\\backend\\public\\index.php(51): Illuminate\\Foundation\\Http\\Kernel->handle(Object(Illuminate\\Http\\Request))
#29 C:\\Users\\Miguel\\Desktop\\Applikcation Octobre\\Projet gestion de stock\\backend\\vendor\\laravel\\framework\\src\\Illuminate\\Foundation\\resources\\server.php(23): require_once('C:\\\\Users\\\\Miguel...')
#30 {main}
"} 
[2025-11-11 15:47:15] local.ERROR: Target class [cors] does not exist. {"exception":"[object] (Illuminate\\Contracts\\Container\\BindingResolutionException(code: 0): Target class [cors] does not exist. at C:\\Users\\Miguel\\Desktop\\Applikcation Octobre\\Projet gestion de stock\\backend\\vendor\\laravel\\framework\\src\\Illuminate\\Container\\Container.php:1163)
[stacktrace]
#0 C:\\Users\\Miguel\\Desktop\\Applikcation Octobre\\Projet gestion de stock\\backend\\vendor\\laravel\\framework\\src\\Illuminate\\Container\\Container.php(972): Illuminate\\Container\\Container->build('cors')
#1 C:\\Users\\Miguel\\Desktop\\Applikcation Octobre\\Projet gestion de stock\\backend\\vendor\\laravel\\framework\\src\\Illuminate\\Foundation\\Application.php(1078): Illuminate\\Container\\Container->resolve('cors', Array, true)
#2 C:\\Users\\Miguel\\Desktop\\Applikcation Octobre\\Projet gestion de stock\\backend\\vendor\\laravel\\framework\\src\\Illuminate\\Container\\Container.php(903): Illuminate\\Foundation\\Application->resolve('cors', Array)
#3 C:\\Users\\Miguel\\Desktop\\Applikcation Octobre\\Projet gestion de stock\\backend\\vendor\\laravel\\framework\\src\\Illuminate\\Foundation\\Application.php(1058): Illuminate\\Container\\Container->make('cors', Array)
#4 C:\\Users\\Miguel\\Desktop\\Applikcation Octobre\\Projet gestion de stock\\backend\\vendor\\laravel\\framework\\src\\Illuminate\\Foundation\\Http\\Kernel.php(257): Illuminate\\Foundation\\Application->make('cors')
#5 C:\\Users\\Miguel\\Desktop\\Applikcation Octobre\\Projet gestion de stock\\backend\\vendor\\laravel\\framework\\src\\Illuminate\\Foundation\\Http\\Kernel.php(215): Illuminate\\Foundation\\Http\\Kernel->terminateMiddleware(Object(Illuminate\\Http\\Request), Object(Illuminate\\Http\\Response))
#6 C:\\Users\\Miguel\\Desktop\\Applikcation Octobre\\Projet gestion de stock\\backend\\public\\index.php(55): Illuminate\\Foundation\\Http\\Kernel->terminate(Object(Illuminate\\Http\\Request), Object(Illuminate\\Http\\Response))
#7 C:\\Users\\Miguel\\Desktop\\Applikcation Octobre\\Projet gestion de stock\\backend\\vendor\\laravel\\framework\\src\\Illuminate\\Foundation\\resources\\server.php(23): require_once('C:\\\\Users\\\\Miguel...')
#8 {main}

[previous exception] [object] (ReflectionException(code: -1): Class \"cors\" does not exist at C:\\Users\\Miguel\\Desktop\\Applikcation Octobre\\Projet gestion de stock\\backend\\vendor\\laravel\\framework\\src\\Illuminate\\Container\\Container.php:1161)
[stacktrace]
#0 C:\\Users\\Miguel\\Desktop\\Applikcation Octobre\\Projet gestion de stock\\backend\\vendor\\laravel\\framework\\src\\Illuminate\\Container\\Container.php(1161): ReflectionClass->__construct('cors')
#1 C:\\Users\\Miguel\\Desktop\\Applikcation Octobre\\Projet gestion de stock\\backend\\vendor\\laravel\\framework\\src\\Illuminate\\Container\\Container.php(972): Illuminate\\Container\\Container->build('cors')
#2 C:\\Users\\Miguel\\Desktop\\Applikcation Octobre\\Projet gestion de stock\\backend\\vendor\\laravel\\framework\\src\\Illuminate\\Foundation\\Application.php(1078): Illuminate\\Container\\Container->resolve('cors', Array, true)
#3 C:\\Users\\Miguel\\Desktop\\Applikcation Octobre\\Projet gestion de stock\\backend\\vendor\\laravel\\framework\\src\\Illuminate\\Container\\Container.php(903): Illuminate\\Foundation\\Application->resolve('cors', Array)
#4 C:\\Users\\Miguel\\Desktop\\Applikcation Octobre\\Projet gestion de stock\\backend\\vendor\\laravel\\framework\\src\\Illuminate\\Foundation\\Application.php(1058): Illuminate\\Container\\Container->make('cors', Array)
#5 C:\\Users\\Miguel\\Desktop\\Applikcation Octobre\\Projet gestion de stock\\backend\\vendor\\laravel\\framework\\src\\Illuminate\\Foundation\\Http\\Kernel.php(257): Illuminate\\Foundation\\Application->make('cors')
#6 C:\\Users\\Miguel\\Desktop\\Applikcation Octobre\\Projet gestion de stock\\backend\\vendor\\laravel\\framework\\src\\Illuminate\\Foundation\\Http\\Kernel.php(215): Illuminate\\Foundation\\Http\\Kernel->terminateMiddleware(Object(Illuminate\\Http\\Request), Object(Illuminate\\Http\\Response))
#7 C:\\Users\\Miguel\\Desktop\\Applikcation Octobre\\Projet gestion de stock\\backend\\public\\index.php(55): Illuminate\\Foundation\\Http\\Kernel->terminate(Object(Illuminate\\Http\\Request), Object(Illuminate\\Http\\Response))
#8 C:\\Users\\Miguel\\Desktop\\Applikcation Octobre\\Projet gestion de stock\\backend\\vendor\\laravel\\framework\\src\\Illuminate\\Foundation\\resources\\server.php(23): require_once('C:\\\\Users\\\\Miguel...')
#9 {main}
"} 
[2025-11-11 15:47:22] local.ERROR: Target class [cors] does not exist. {"exception":"[object] (Illuminate\\Contracts\\Container\\BindingResolutionException(code: 0): Target class [cors] does not exist. at C:\\Users\\Miguel\\Desktop\\Applikcation Octobre\\Projet gestion de stock\\backend\\vendor\\laravel\\framework\\src\\Illuminate\\Container\\Container.php:1163)
[stacktrace]
#0 C:\\Users\\Miguel\\Desktop\\Applikcation Octobre\\Projet gestion de stock\\backend\\vendor\\laravel\\framework\\src\\Illuminate\\Container\\Container.php(972): Illuminate\\Container\\Container->build('cors')
#1 C:\\Users\\Miguel\\Desktop\\Applikcation Octobre\\Projet gestion de stock\\backend\\vendor\\laravel\\framework\\src\\Illuminate\\Foundation\\Application.php(1078): Illuminate\\Container\\Container->resolve('cors', Array, true)
#2 C:\\Users\\Miguel\\Desktop\\Applikcation Octobre\\Projet gestion de stock\\backend\\vendor\\laravel\\framework\\src\\Illuminate\\Container\\Container.php(903): Illuminate\\Foundation\\Application->resolve('cors', Array)
#3 C:\\Users\\Miguel\\Desktop\\Applikcation Octobre\\Projet gestion de stock\\backend\\vendor\\laravel\\framework\\src\\Illuminate\\Foundation\\Application.php(1058): Illuminate\\Container\\Container->make('cors', Array)
#4 C:\\Users\\Miguel\\Desktop\\Applikcation Octobre\\Projet gestion de stock\\backend\\vendor\\laravel\\framework\\src\\Illuminate\\Pipeline\\Pipeline.php(208): Illuminate\\Foundation\\Application->make('cors')
#5 C:\\Users\\Miguel\\Desktop\\Applikcation Octobre\\Projet gestion de stock\\backend\\vendor\\laravel\\framework\\src\\Illuminate\\Pipeline\\Pipeline.php(137): Illuminate\\Pipeline\\Pipeline->Illuminate\\Pipeline\\{closure}(Object(Illuminate\\Http\\Request))
#6 C:\\Users\\Miguel\\Desktop\\Applikcation Octobre\\Projet gestion de stock\\backend\\vendor\\laravel\\framework\\src\\Illuminate\\Routing\\Router.php(821): Illuminate\\Pipeline\\Pipeline->then(Object(Closure))
#7 C:\\Users\\Miguel\\Desktop\\Applikcation Octobre\\Projet gestion de stock\\backend\\vendor\\laravel\\framework\\src\\Illuminate\\Routing\\Router.php(800): Illuminate\\Routing\\Router->runRouteWithinStack(Object(Illuminate\\Routing\\Route), Object(Illuminate\\Http\\Request))
#8 C:\\Users\\Miguel\\Desktop\\Applikcation Octobre\\Projet gestion de stock\\backend\\vendor\\laravel\\framework\\src\\Illuminate\\Routing\\Router.php(764): Illuminate\\Routing\\Router->runRoute(Object(Illuminate\\Http\\Request), Object(Illuminate\\Routing\\Route))
#9 C:\\Users\\Miguel\\Desktop\\Applikcation Octobre\\Projet gestion de stock\\backend\\vendor\\laravel\\framework\\src\\Illuminate\\Routing\\Router.php(753): Illuminate\\Routing\\Router->dispatchToRoute(Object(Illuminate\\Http\\Request))
#10 C:\\Users\\Miguel\\Desktop\\Applikcation Octobre\\Projet gestion de stock\\backend\\vendor\\laravel\\framework\\src\\Illuminate\\Foundation\\Http\\Kernel.php(200): Illuminate\\Routing\\Router->dispatch(Object(Illuminate\\Http\\Request))
#11 C:\\Users\\Miguel\\Desktop\\Applikcation Octobre\\Projet gestion de stock\\backend\\vendor\\laravel\\framework\\src\\Illuminate\\Pipeline\\Pipeline.php(180): Illuminate\\Foundation\\Http\\Kernel->Illuminate\\Foundation\\Http\\{closure}(Object(Illuminate\\Http\\Request))
#12 C:\\Users\\Miguel\\Desktop\\Applikcation Octobre\\Projet gestion de stock\\backend\\vendor\\laravel\\framework\\src\\Illuminate\\Foundation\\Http\\Middleware\\TransformsRequest.php(21): Illuminate\\Pipeline\\Pipeline->Illuminate\\Pipeline\\{closure}(Object(Illuminate\\Http\\Request))
#13 C:\\Users\\Miguel\\Desktop\\Applikcation Octobre\\Projet gestion de stock\\backend\\vendor\\laravel\\framework\\src\\Illuminate\\Foundation\\Http\\Middleware\\ConvertEmptyStringsToNull.php(31): Illuminate\\Foundation\\Http\\Middleware\\TransformsRequest->handle(Object(Illuminate\\Http\\Request), Object(Closure))
#14 C:\\Users\\Miguel\\Desktop\\Applikcation Octobre\\Projet gestion de stock\\backend\\vendor\\laravel\\framework\\src\\Illuminate\\Pipeline\\Pipeline.php(219): Illuminate\\Foundation\\Http\\Middleware\\ConvertEmptyStringsToNull->handle(Object(Illuminate\\Http\\Request), Object(Closure))
#15 C:\\Users\\Miguel\\Desktop\\Applikcation Octobre\\Projet gestion de stock\\backend\\vendor\\laravel\\framework\\src\\Illuminate\\Foundation\\Http\\Middleware\\TransformsRequest.php(21): Illuminate\\Pipeline\\Pipeline->Illuminate\\Pipeline\\{closure}(Object(Illuminate\\Http\\Request))
#16 C:\\Users\\Miguel\\Desktop\\Applikcation Octobre\\Projet gestion de stock\\backend\\vendor\\laravel\\framework\\src\\Illuminate\\Foundation\\Http\\Middleware\\TrimStrings.php(51): Illuminate\\Foundation\\Http\\Middleware\\TransformsRequest->handle(Object(Illuminate\\Http\\Request), Object(Closure))
#17 C:\\Users\\Miguel\\Desktop\\Applikcation Octobre\\Projet gestion de stock\\backend\\vendor\\laravel\\framework\\src\\Illuminate\\Pipeline\\Pipeline.php(219): Illuminate\\Foundation\\Http\\Middleware\\TrimStrings->handle(Object(Illuminate\\Http\\Request), Object(Closure))
#18 C:\\Users\\Miguel\\Desktop\\Applikcation Octobre\\Projet gestion de stock\\backend\\vendor\\laravel\\framework\\src\\Illuminate\\Http\\Middleware\\ValidatePostSize.php(27): Illuminate\\Pipeline\\Pipeline->Illuminate\\Pipeline\\{closure}(Object(Illuminate\\Http\\Request))
#19 C:\\Users\\Miguel\\Desktop\\Applikcation Octobre\\Projet gestion de stock\\backend\\vendor\\laravel\\framework\\src\\Illuminate\\Pipeline\\Pipeline.php(219): Illuminate\\Http\\Middleware\\ValidatePostSize->handle(Object(Illuminate\\Http\\Request), Object(Closure))
#20 C:\\Users\\Miguel\\Desktop\\Applikcation Octobre\\Projet gestion de stock\\backend\\vendor\\laravel\\framework\\src\\Illuminate\\Http\\Middleware\\HandleCors.php(61): Illuminate\\Pipeline\\Pipeline->Illuminate\\Pipeline\\{closure}(Object(Illuminate\\Http\\Request))
#21 C:\\Users\\Miguel\\Desktop\\Applikcation Octobre\\Projet gestion de stock\\backend\\vendor\\laravel\\framework\\src\\Illuminate\\Pipeline\\Pipeline.php(219): Illuminate\\Http\\Middleware\\HandleCors->handle(Object(Illuminate\\Http\\Request), Object(Closure))
#22 C:\\Users\\Miguel\\Desktop\\Applikcation Octobre\\Projet gestion de stock\\backend\\vendor\\laravel\\framework\\src\\Illuminate\\Http\\Middleware\\TrustProxies.php(58): Illuminate\\Pipeline\\Pipeline->Illuminate\\Pipeline\\{closure}(Object(Illuminate\\Http\\Request))
#23 C:\\Users\\Miguel\\Desktop\\Applikcation Octobre\\Projet gestion de stock\\backend\\vendor\\laravel\\framework\\src\\Illuminate\\Pipeline\\Pipeline.php(219): Illuminate\\Http\\Middleware\\TrustProxies->handle(Object(Illuminate\\Http\\Request), Object(Closure))
#24 C:\\Users\\Miguel\\Desktop\\Applikcation Octobre\\Projet gestion de stock\\backend\\vendor\\laravel\\framework\\src\\Illuminate\\Pipeline\\Pipeline.php(137): Illuminate\\Pipeline\\Pipeline->Illuminate\\Pipeline\\{closure}(Object(Illuminate\\Http\\Request))
#25 C:\\Users\\Miguel\\Desktop\\Applikcation Octobre\\Projet gestion de stock\\backend\\vendor\\laravel\\framework\\src\\Illuminate\\Foundation\\Http\\Kernel.php(175): Illuminate\\Pipeline\\Pipeline->then(Object(Closure))
#26 C:\\Users\\Miguel\\Desktop\\Applikcation Octobre\\Projet gestion de stock\\backend\\vendor\\laravel\\framework\\src\\Illuminate\\Foundation\\Http\\Kernel.php(144): Illuminate\\Foundation\\Http\\Kernel->sendRequestThroughRouter(Object(Illuminate\\Http\\Request))
#27 C:\\Users\\Miguel\\Desktop\\Applikcation Octobre\\Projet gestion de stock\\backend\\public\\index.php(51): Illuminate\\Foundation\\Http\\Kernel->handle(Object(Illuminate\\Http\\Request))
#28 C:\\Users\\Miguel\\Desktop\\Applikcation Octobre\\Projet gestion de stock\\backend\\vendor\\laravel\\framework\\src\\Illuminate\\Foundation\\resources\\server.php(23): require_once('C:\\\\Users\\\\Miguel...')
#29 {main}

[previous exception] [object] (ReflectionException(code: -1): Class \"cors\" does not exist at C:\\Users\\Miguel\\Desktop\\Applikcation Octobre\\Projet gestion de stock\\backend\\vendor\\laravel\\framework\\src\\Illuminate\\Container\\Container.php:1161)
[stacktrace]
#0 C:\\Users\\Miguel\\Desktop\\Applikcation Octobre\\Projet gestion de stock\\backend\\vendor\\laravel\\framework\\src\\Illuminate\\Container\\Container.php(1161): ReflectionClass->__construct('cors')
#1 C:\\Users\\Miguel\\Desktop\\Applikcation Octobre\\Projet gestion de stock\\backend\\vendor\\laravel\\framework\\src\\Illuminate\\Container\\Container.php(972): Illuminate\\Container\\Container->build('cors')
#2 C:\\Users\\Miguel\\Desktop\\Applikcation Octobre\\Projet gestion de stock\\backend\\vendor\\laravel\\framework\\src\\Illuminate\\Foundation\\Application.php(1078): Illuminate\\Container\\Container->resolve('cors', Array, true)
#3 C:\\Users\\Miguel\\Desktop\\Applikcation Octobre\\Projet gestion de stock\\backend\\vendor\\laravel\\framework\\src\\Illuminate\\Container\\Container.php(903): Illuminate\\Foundation\\Application->resolve('cors', Array)
#4 C:\\Users\\Miguel\\Desktop\\Applikcation Octobre\\Projet gestion de stock\\backend\\vendor\\laravel\\framework\\src\\Illuminate\\Foundation\\Application.php(1058): Illuminate\\Container\\Container->make('cors', Array)
#5 C:\\Users\\Miguel\\Desktop\\Applikcation Octobre\\Projet gestion de stock\\backend\\vendor\\laravel\\framework\\src\\Illuminate\\Pipeline\\Pipeline.php(208): Illuminate\\Foundation\\Application->make('cors')
#6 C:\\Users\\Miguel\\Desktop\\Applikcation Octobre\\Projet gestion de stock\\backend\\vendor\\laravel\\framework\\src\\Illuminate\\Pipeline\\Pipeline.php(137): Illuminate\\Pipeline\\Pipeline->Illuminate\\Pipeline\\{closure}(Object(Illuminate\\Http\\Request))
#7 C:\\Users\\Miguel\\Desktop\\Applikcation Octobre\\Projet gestion de stock\\backend\\vendor\\laravel\\framework\\src\\Illuminate\\Routing\\Router.php(821): Illuminate\\Pipeline\\Pipeline->then(Object(Closure))
#8 C:\\Users\\Miguel\\Desktop\\Applikcation Octobre\\Projet gestion de stock\\backend\\vendor\\laravel\\framework\\src\\Illuminate\\Routing\\Router.php(800): Illuminate\\Routing\\Router->runRouteWithinStack(Object(Illuminate\\Routing\\Route), Object(Illuminate\\Http\\Request))
#9 C:\\Users\\Miguel\\Desktop\\Applikcation Octobre\\Projet gestion de stock\\backend\\vendor\\laravel\\framework\\src\\Illuminate\\Routing\\Router.php(764): Illuminate\\Routing\\Router->runRoute(Object(Illuminate\\Http\\Request), Object(Illuminate\\Routing\\Route))
#10 C:\\Users\\Miguel\\Desktop\\Applikcation Octobre\\Projet gestion de stock\\backend\\vendor\\laravel\\framework\\src\\Illuminate\\Routing\\Router.php(753): Illuminate\\Routing\\Router->dispatchToRoute(Object(Illuminate\\Http\\Request))
#11 C:\\Users\\Miguel\\Desktop\\Applikcation Octobre\\Projet gestion de stock\\backend\\vendor\\laravel\\framework\\src\\Illuminate\\Foundation\\Http\\Kernel.php(200): Illuminate\\Routing\\Router->dispatch(Object(Illuminate\\Http\\Request))
#12 C:\\Users\\Miguel\\Desktop\\Applikcation Octobre\\Projet gestion de stock\\backend\\vendor\\laravel\\framework\\src\\Illuminate\\Pipeline\\Pipeline.php(180): Illuminate\\Foundation\\Http\\Kernel->Illuminate\\Foundation\\Http\\{closure}(Object(Illuminate\\Http\\Request))
#13 C:\\Users\\Miguel\\Desktop\\Applikcation Octobre\\Projet gestion de stock\\backend\\vendor\\laravel\\framework\\src\\Illuminate\\Foundation\\Http\\Middleware\\TransformsRequest.php(21): Illuminate\\Pipeline\\Pipeline->Illuminate\\Pipeline\\{closure}(Object(Illuminate\\Http\\Request))
#14 C:\\Users\\Miguel\\Desktop\\Applikcation Octobre\\Projet gestion de stock\\backend\\vendor\\laravel\\framework\\src\\Illuminate\\Foundation\\Http\\Middleware\\ConvertEmptyStringsToNull.php(31): Illuminate\\Foundation\\Http\\Middleware\\TransformsRequest->handle(Object(Illuminate\\Http\\Request), Object(Closure))
#15 C:\\Users\\Miguel\\Desktop\\Applikcation Octobre\\Projet gestion de stock\\backend\\vendor\\laravel\\framework\\src\\Illuminate\\Pipeline\\Pipeline.php(219): Illuminate\\Foundation\\Http\\Middleware\\ConvertEmptyStringsToNull->handle(Object(Illuminate\\Http\\Request), Object(Closure))
#16 C:\\Users\\Miguel\\Desktop\\Applikcation Octobre\\Projet gestion de stock\\backend\\vendor\\laravel\\framework\\src\\Illuminate\\Foundation\\Http\\Middleware\\TransformsRequest.php(21): Illuminate\\Pipeline\\Pipeline->Illuminate\\Pipeline\\{closure}(Object(Illuminate\\Http\\Request))
#17 C:\\Users\\Miguel\\Desktop\\Applikcation Octobre\\Projet gestion de stock\\backend\\vendor\\laravel\\framework\\src\\Illuminate\\Foundation\\Http\\Middleware\\TrimStrings.php(51): Illuminate\\Foundation\\Http\\Middleware\\TransformsRequest->handle(Object(Illuminate\\Http\\Request), Object(Closure))
#18 C:\\Users\\Miguel\\Desktop\\Applikcation Octobre\\Projet gestion de stock\\backend\\vendor\\laravel\\framework\\src\\Illuminate\\Pipeline\\Pipeline.php(219): Illuminate\\Foundation\\Http\\Middleware\\TrimStrings->handle(Object(Illuminate\\Http\\Request), Object(Closure))
#19 C:\\Users\\Miguel\\Desktop\\Applikcation Octobre\\Projet gestion de stock\\backend\\vendor\\laravel\\framework\\src\\Illuminate\\Http\\Middleware\\ValidatePostSize.php(27): Illuminate\\Pipeline\\Pipeline->Illuminate\\Pipeline\\{closure}(Object(Illuminate\\Http\\Request))
#20 C:\\Users\\Miguel\\Desktop\\Applikcation Octobre\\Projet gestion de stock\\backend\\vendor\\laravel\\framework\\src\\Illuminate\\Pipeline\\Pipeline.php(219): Illuminate\\Http\\Middleware\\ValidatePostSize->handle(Object(Illuminate\\Http\\Request), Object(Closure))
#21 C:\\Users\\Miguel\\Desktop\\Applikcation Octobre\\Projet gestion de stock\\backend\\vendor\\laravel\\framework\\src\\Illuminate\\Http\\Middleware\\HandleCors.php(61): Illuminate\\Pipeline\\Pipeline->Illuminate\\Pipeline\\{closure}(Object(Illuminate\\Http\\Request))
#22 C:\\Users\\Miguel\\Desktop\\Applikcation Octobre\\Projet gestion de stock\\backend\\vendor\\laravel\\framework\\src\\Illuminate\\Pipeline\\Pipeline.php(219): Illuminate\\Http\\Middleware\\HandleCors->handle(Object(Illuminate\\Http\\Request), Object(Closure))
#23 C:\\Users\\Miguel\\Desktop\\Applikcation Octobre\\Projet gestion de stock\\backend\\vendor\\laravel\\framework\\src\\Illuminate\\Http\\Middleware\\TrustProxies.php(58): Illuminate\\Pipeline\\Pipeline->Illuminate\\Pipeline\\{closure}(Object(Illuminate\\Http\\Request))
#24 C:\\Users\\Miguel\\Desktop\\Applikcation Octobre\\Projet gestion de stock\\backend\\vendor\\laravel\\framework\\src\\Illuminate\\Pipeline\\Pipeline.php(219): Illuminate\\Http\\Middleware\\TrustProxies->handle(Object(Illuminate\\Http\\Request), Object(Closure))
#25 C:\\Users\\Miguel\\Desktop\\Applikcation Octobre\\Projet gestion de stock\\backend\\vendor\\laravel\\framework\\src\\Illuminate\\Pipeline\\Pipeline.php(137): Illuminate\\Pipeline\\Pipeline->Illuminate\\Pipeline\\{closure}(Object(Illuminate\\Http\\Request))
#26 C:\\Users\\Miguel\\Desktop\\Applikcation Octobre\\Projet gestion de stock\\backend\\vendor\\laravel\\framework\\src\\Illuminate\\Foundation\\Http\\Kernel.php(175): Illuminate\\Pipeline\\Pipeline->then(Object(Closure))
#27 C:\\Users\\Miguel\\Desktop\\Applikcation Octobre\\Projet gestion de stock\\backend\\vendor\\laravel\\framework\\src\\Illuminate\\Foundation\\Http\\Kernel.php(144): Illuminate\\Foundation\\Http\\Kernel->sendRequestThroughRouter(Object(Illuminate\\Http\\Request))
#28 C:\\Users\\Miguel\\Desktop\\Applikcation Octobre\\Projet gestion de stock\\backend\\public\\index.php(51): Illuminate\\Foundation\\Http\\Kernel->handle(Object(Illuminate\\Http\\Request))
#29 C:\\Users\\Miguel\\Desktop\\Applikcation Octobre\\Projet gestion de stock\\backend\\vendor\\laravel\\framework\\src\\Illuminate\\Foundation\\resources\\server.php(23): require_once('C:\\\\Users\\\\Miguel...')
#30 {main}
"} 
[2025-11-11 15:47:22] local.ERROR: Target class [cors] does not exist. {"exception":"[object] (Illuminate\\Contracts\\Container\\BindingResolutionException(code: 0): Target class [cors] does not exist. at C:\\Users\\Miguel\\Desktop\\Applikcation Octobre\\Projet gestion de stock\\backend\\vendor\\laravel\\framework\\src\\Illuminate\\Container\\Container.php:1163)
[stacktrace]
#0 C:\\Users\\Miguel\\Desktop\\Applikcation Octobre\\Projet gestion de stock\\backend\\vendor\\laravel\\framework\\src\\Illuminate\\Container\\Container.php(972): Illuminate\\Container\\Container->build('cors')
#1 C:\\Users\\Miguel\\Desktop\\Applikcation Octobre\\Projet gestion de stock\\backend\\vendor\\laravel\\framework\\src\\Illuminate\\Foundation\\Application.php(1078): Illuminate\\Container\\Container->resolve('cors', Array, true)
#2 C:\\Users\\Miguel\\Desktop\\Applikcation Octobre\\Projet gestion de stock\\backend\\vendor\\laravel\\framework\\src\\Illuminate\\Container\\Container.php(903): Illuminate\\Foundation\\Application->resolve('cors', Array)
#3 C:\\Users\\Miguel\\Desktop\\Applikcation Octobre\\Projet gestion de stock\\backend\\vendor\\laravel\\framework\\src\\Illuminate\\Foundation\\Application.php(1058): Illuminate\\Container\\Container->make('cors', Array)
#4 C:\\Users\\Miguel\\Desktop\\Applikcation Octobre\\Projet gestion de stock\\backend\\vendor\\laravel\\framework\\src\\Illuminate\\Foundation\\Http\\Kernel.php(257): Illuminate\\Foundation\\Application->make('cors')
#5 C:\\Users\\Miguel\\Desktop\\Applikcation Octobre\\Projet gestion de stock\\backend\\vendor\\laravel\\framework\\src\\Illuminate\\Foundation\\Http\\Kernel.php(215): Illuminate\\Foundation\\Http\\Kernel->terminateMiddleware(Object(Illuminate\\Http\\Request), Object(Illuminate\\Http\\Response))
#6 C:\\Users\\Miguel\\Desktop\\Applikcation Octobre\\Projet gestion de stock\\backend\\public\\index.php(55): Illuminate\\Foundation\\Http\\Kernel->terminate(Object(Illuminate\\Http\\Request), Object(Illuminate\\Http\\Response))
#7 C:\\Users\\Miguel\\Desktop\\Applikcation Octobre\\Projet gestion de stock\\backend\\vendor\\laravel\\framework\\src\\Illuminate\\Foundation\\resources\\server.php(23): require_once('C:\\\\Users\\\\Miguel...')
#8 {main}

[previous exception] [object] (ReflectionException(code: -1): Class \"cors\" does not exist at C:\\Users\\Miguel\\Desktop\\Applikcation Octobre\\Projet gestion de stock\\backend\\vendor\\laravel\\framework\\src\\Illuminate\\Container\\Container.php:1161)
[stacktrace]
#0 C:\\Users\\Miguel\\Desktop\\Applikcation Octobre\\Projet gestion de stock\\backend\\vendor\\laravel\\framework\\src\\Illuminate\\Container\\Container.php(1161): ReflectionClass->__construct('cors')
#1 C:\\Users\\Miguel\\Desktop\\Applikcation Octobre\\Projet gestion de stock\\backend\\vendor\\laravel\\framework\\src\\Illuminate\\Container\\Container.php(972): Illuminate\\Container\\Container->build('cors')
#2 C:\\Users\\Miguel\\Desktop\\Applikcation Octobre\\Projet gestion de stock\\backend\\vendor\\laravel\\framework\\src\\Illuminate\\Foundation\\Application.php(1078): Illuminate\\Container\\Container->resolve('cors', Array, true)
#3 C:\\Users\\Miguel\\Desktop\\Applikcation Octobre\\Projet gestion de stock\\backend\\vendor\\laravel\\framework\\src\\Illuminate\\Container\\Container.php(903): Illuminate\\Foundation\\Application->resolve('cors', Array)
#4 C:\\Users\\Miguel\\Desktop\\Applikcation Octobre\\Projet gestion de stock\\backend\\vendor\\laravel\\framework\\src\\Illuminate\\Foundation\\Application.php(1058): Illuminate\\Container\\Container->make('cors', Array)
#5 C:\\Users\\Miguel\\Desktop\\Applikcation Octobre\\Projet gestion de stock\\backend\\vendor\\laravel\\framework\\src\\Illuminate\\Foundation\\Http\\Kernel.php(257): Illuminate\\Foundation\\Application->make('cors')
#6 C:\\Users\\Miguel\\Desktop\\Applikcation Octobre\\Projet gestion de stock\\backend\\vendor\\laravel\\framework\\src\\Illuminate\\Foundation\\Http\\Kernel.php(215): Illuminate\\Foundation\\Http\\Kernel->terminateMiddleware(Object(Illuminate\\Http\\Request), Object(Illuminate\\Http\\Response))
#7 C:\\Users\\Miguel\\Desktop\\Applikcation Octobre\\Projet gestion de stock\\backend\\public\\index.php(55): Illuminate\\Foundation\\Http\\Kernel->terminate(Object(Illuminate\\Http\\Request), Object(Illuminate\\Http\\Response))
#8 C:\\Users\\Miguel\\Desktop\\Applikcation Octobre\\Projet gestion de stock\\backend\\vendor\\laravel\\framework\\src\\Illuminate\\Foundation\\resources\\server.php(23): require_once('C:\\\\Users\\\\Miguel...')
#9 {main}
"} 
[2025-11-11 15:47:28] local.ERROR: Target class [cors] does not exist. {"exception":"[object] (Illuminate\\Contracts\\Container\\BindingResolutionException(code: 0): Target class [cors] does not exist. at C:\\Users\\Miguel\\Desktop\\Applikcation Octobre\\Projet gestion de stock\\backend\\vendor\\laravel\\framework\\src\\Illuminate\\Container\\Container.php:1163)
[stacktrace]
#0 C:\\Users\\Miguel\\Desktop\\Applikcation Octobre\\Projet gestion de stock\\backend\\vendor\\laravel\\framework\\src\\Illuminate\\Container\\Container.php(972): Illuminate\\Container\\Container->build('cors')
#1 C:\\Users\\Miguel\\Desktop\\Applikcation Octobre\\Projet gestion de stock\\backend\\vendor\\laravel\\framework\\src\\Illuminate\\Foundation\\Application.php(1078): Illuminate\\Container\\Container->resolve('cors', Array, true)
#2 C:\\Users\\Miguel\\Desktop\\Applikcation Octobre\\Projet gestion de stock\\backend\\vendor\\laravel\\framework\\src\\Illuminate\\Container\\Container.php(903): Illuminate\\Foundation\\Application->resolve('cors', Array)
#3 C:\\Users\\Miguel\\Desktop\\Applikcation Octobre\\Projet gestion de stock\\backend\\vendor\\laravel\\framework\\src\\Illuminate\\Foundation\\Application.php(1058): Illuminate\\Container\\Container->make('cors', Array)
#4 C:\\Users\\Miguel\\Desktop\\Applikcation Octobre\\Projet gestion de stock\\backend\\vendor\\laravel\\framework\\src\\Illuminate\\Pipeline\\Pipeline.php(208): Illuminate\\Foundation\\Application->make('cors')
#5 C:\\Users\\Miguel\\Desktop\\Applikcation Octobre\\Projet gestion de stock\\backend\\vendor\\laravel\\framework\\src\\Illuminate\\Pipeline\\Pipeline.php(137): Illuminate\\Pipeline\\Pipeline->Illuminate\\Pipeline\\{closure}(Object(Illuminate\\Http\\Request))
#6 C:\\Users\\Miguel\\Desktop\\Applikcation Octobre\\Projet gestion de stock\\backend\\vendor\\laravel\\framework\\src\\Illuminate\\Routing\\Router.php(821): Illuminate\\Pipeline\\Pipeline->then(Object(Closure))
#7 C:\\Users\\Miguel\\Desktop\\Applikcation Octobre\\Projet gestion de stock\\backend\\vendor\\laravel\\framework\\src\\Illuminate\\Routing\\Router.php(800): Illuminate\\Routing\\Router->runRouteWithinStack(Object(Illuminate\\Routing\\Route), Object(Illuminate\\Http\\Request))
#8 C:\\Users\\Miguel\\Desktop\\Applikcation Octobre\\Projet gestion de stock\\backend\\vendor\\laravel\\framework\\src\\Illuminate\\Routing\\Router.php(764): Illuminate\\Routing\\Router->runRoute(Object(Illuminate\\Http\\Request), Object(Illuminate\\Routing\\Route))
#9 C:\\Users\\Miguel\\Desktop\\Applikcation Octobre\\Projet gestion de stock\\backend\\vendor\\laravel\\framework\\src\\Illuminate\\Routing\\Router.php(753): Illuminate\\Routing\\Router->dispatchToRoute(Object(Illuminate\\Http\\Request))
#10 C:\\Users\\Miguel\\Desktop\\Applikcation Octobre\\Projet gestion de stock\\backend\\vendor\\laravel\\framework\\src\\Illuminate\\Foundation\\Http\\Kernel.php(200): Illuminate\\Routing\\Router->dispatch(Object(Illuminate\\Http\\Request))
#11 C:\\Users\\Miguel\\Desktop\\Applikcation Octobre\\Projet gestion de stock\\backend\\vendor\\laravel\\framework\\src\\Illuminate\\Pipeline\\Pipeline.php(180): Illuminate\\Foundation\\Http\\Kernel->Illuminate\\Foundation\\Http\\{closure}(Object(Illuminate\\Http\\Request))
#12 C:\\Users\\Miguel\\Desktop\\Applikcation Octobre\\Projet gestion de stock\\backend\\vendor\\laravel\\framework\\src\\Illuminate\\Foundation\\Http\\Middleware\\TransformsRequest.php(21): Illuminate\\Pipeline\\Pipeline->Illuminate\\Pipeline\\{closure}(Object(Illuminate\\Http\\Request))
#13 C:\\Users\\Miguel\\Desktop\\Applikcation Octobre\\Projet gestion de stock\\backend\\vendor\\laravel\\framework\\src\\Illuminate\\Foundation\\Http\\Middleware\\ConvertEmptyStringsToNull.php(31): Illuminate\\Foundation\\Http\\Middleware\\TransformsRequest->handle(Object(Illuminate\\Http\\Request), Object(Closure))
#14 C:\\Users\\Miguel\\Desktop\\Applikcation Octobre\\Projet gestion de stock\\backend\\vendor\\laravel\\framework\\src\\Illuminate\\Pipeline\\Pipeline.php(219): Illuminate\\Foundation\\Http\\Middleware\\ConvertEmptyStringsToNull->handle(Object(Illuminate\\Http\\Request), Object(Closure))
#15 C:\\Users\\Miguel\\Desktop\\Applikcation Octobre\\Projet gestion de stock\\backend\\vendor\\laravel\\framework\\src\\Illuminate\\Foundation\\Http\\Middleware\\TransformsRequest.php(21): Illuminate\\Pipeline\\Pipeline->Illuminate\\Pipeline\\{closure}(Object(Illuminate\\Http\\Request))
#16 C:\\Users\\Miguel\\Desktop\\Applikcation Octobre\\Projet gestion de stock\\backend\\vendor\\laravel\\framework\\src\\Illuminate\\Foundation\\Http\\Middleware\\TrimStrings.php(51): Illuminate\\Foundation\\Http\\Middleware\\TransformsRequest->handle(Object(Illuminate\\Http\\Request), Object(Closure))
#17 C:\\Users\\Miguel\\Desktop\\Applikcation Octobre\\Projet gestion de stock\\backend\\vendor\\laravel\\framework\\src\\Illuminate\\Pipeline\\Pipeline.php(219): Illuminate\\Foundation\\Http\\Middleware\\TrimStrings->handle(Object(Illuminate\\Http\\Request), Object(Closure))
#18 C:\\Users\\Miguel\\Desktop\\Applikcation Octobre\\Projet gestion de stock\\backend\\vendor\\laravel\\framework\\src\\Illuminate\\Http\\Middleware\\ValidatePostSize.php(27): Illuminate\\Pipeline\\Pipeline->Illuminate\\Pipeline\\{closure}(Object(Illuminate\\Http\\Request))
#19 C:\\Users\\Miguel\\Desktop\\Applikcation Octobre\\Projet gestion de stock\\backend\\vendor\\laravel\\framework\\src\\Illuminate\\Pipeline\\Pipeline.php(219): Illuminate\\Http\\Middleware\\ValidatePostSize->handle(Object(Illuminate\\Http\\Request), Object(Closure))
#20 C:\\Users\\Miguel\\Desktop\\Applikcation Octobre\\Projet gestion de stock\\backend\\vendor\\laravel\\framework\\src\\Illuminate\\Http\\Middleware\\HandleCors.php(61): Illuminate\\Pipeline\\Pipeline->Illuminate\\Pipeline\\{closure}(Object(Illuminate\\Http\\Request))
#21 C:\\Users\\Miguel\\Desktop\\Applikcation Octobre\\Projet gestion de stock\\backend\\vendor\\laravel\\framework\\src\\Illuminate\\Pipeline\\Pipeline.php(219): Illuminate\\Http\\Middleware\\HandleCors->handle(Object(Illuminate\\Http\\Request), Object(Closure))
#22 C:\\Users\\Miguel\\Desktop\\Applikcation Octobre\\Projet gestion de stock\\backend\\vendor\\laravel\\framework\\src\\Illuminate\\Http\\Middleware\\TrustProxies.php(58): Illuminate\\Pipeline\\Pipeline->Illuminate\\Pipeline\\{closure}(Object(Illuminate\\Http\\Request))
#23 C:\\Users\\Miguel\\Desktop\\Applikcation Octobre\\Projet gestion de stock\\backend\\vendor\\laravel\\framework\\src\\Illuminate\\Pipeline\\Pipeline.php(219): Illuminate\\Http\\Middleware\\TrustProxies->handle(Object(Illuminate\\Http\\Request), Object(Closure))
#24 C:\\Users\\Miguel\\Desktop\\Applikcation Octobre\\Projet gestion de stock\\backend\\vendor\\laravel\\framework\\src\\Illuminate\\Pipeline\\Pipeline.php(137): Illuminate\\Pipeline\\Pipeline->Illuminate\\Pipeline\\{closure}(Object(Illuminate\\Http\\Request))
#25 C:\\Users\\Miguel\\Desktop\\Applikcation Octobre\\Projet gestion de stock\\backend\\vendor\\laravel\\framework\\src\\Illuminate\\Foundation\\Http\\Kernel.php(175): Illuminate\\Pipeline\\Pipeline->then(Object(Closure))
#26 C:\\Users\\Miguel\\Desktop\\Applikcation Octobre\\Projet gestion de stock\\backend\\vendor\\laravel\\framework\\src\\Illuminate\\Foundation\\Http\\Kernel.php(144): Illuminate\\Foundation\\Http\\Kernel->sendRequestThroughRouter(Object(Illuminate\\Http\\Request))
#27 C:\\Users\\Miguel\\Desktop\\Applikcation Octobre\\Projet gestion de stock\\backend\\public\\index.php(51): Illuminate\\Foundation\\Http\\Kernel->handle(Object(Illuminate\\Http\\Request))
#28 C:\\Users\\Miguel\\Desktop\\Applikcation Octobre\\Projet gestion de stock\\backend\\vendor\\laravel\\framework\\src\\Illuminate\\Foundation\\resources\\server.php(23): require_once('C:\\\\Users\\\\Miguel...')
#29 {main}

[previous exception] [object] (ReflectionException(code: -1): Class \"cors\" does not exist at C:\\Users\\Miguel\\Desktop\\Applikcation Octobre\\Projet gestion de stock\\backend\\vendor\\laravel\\framework\\src\\Illuminate\\Container\\Container.php:1161)
[stacktrace]
#0 C:\\Users\\Miguel\\Desktop\\Applikcation Octobre\\Projet gestion de stock\\backend\\vendor\\laravel\\framework\\src\\Illuminate\\Container\\Container.php(1161): ReflectionClass->__construct('cors')
#1 C:\\Users\\Miguel\\Desktop\\Applikcation Octobre\\Projet gestion de stock\\backend\\vendor\\laravel\\framework\\src\\Illuminate\\Container\\Container.php(972): Illuminate\\Container\\Container->build('cors')
#2 C:\\Users\\Miguel\\Desktop\\Applikcation Octobre\\Projet gestion de stock\\backend\\vendor\\laravel\\framework\\src\\Illuminate\\Foundation\\Application.php(1078): Illuminate\\Container\\Container->resolve('cors', Array, true)
#3 C:\\Users\\Miguel\\Desktop\\Applikcation Octobre\\Projet gestion de stock\\backend\\vendor\\laravel\\framework\\src\\Illuminate\\Container\\Container.php(903): Illuminate\\Foundation\\Application->resolve('cors', Array)
#4 C:\\Users\\Miguel\\Desktop\\Applikcation Octobre\\Projet gestion de stock\\backend\\vendor\\laravel\\framework\\src\\Illuminate\\Foundation\\Application.php(1058): Illuminate\\Container\\Container->make('cors', Array)
#5 C:\\Users\\Miguel\\Desktop\\Applikcation Octobre\\Projet gestion de stock\\backend\\vendor\\laravel\\framework\\src\\Illuminate\\Pipeline\\Pipeline.php(208): Illuminate\\Foundation\\Application->make('cors')
#6 C:\\Users\\Miguel\\Desktop\\Applikcation Octobre\\Projet gestion de stock\\backend\\vendor\\laravel\\framework\\src\\Illuminate\\Pipeline\\Pipeline.php(137): Illuminate\\Pipeline\\Pipeline->Illuminate\\Pipeline\\{closure}(Object(Illuminate\\Http\\Request))
#7 C:\\Users\\Miguel\\Desktop\\Applikcation Octobre\\Projet gestion de stock\\backend\\vendor\\laravel\\framework\\src\\Illuminate\\Routing\\Router.php(821): Illuminate\\Pipeline\\Pipeline->then(Object(Closure))
#8 C:\\Users\\Miguel\\Desktop\\Applikcation Octobre\\Projet gestion de stock\\backend\\vendor\\laravel\\framework\\src\\Illuminate\\Routing\\Router.php(800): Illuminate\\Routing\\Router->runRouteWithinStack(Object(Illuminate\\Routing\\Route), Object(Illuminate\\Http\\Request))
#9 C:\\Users\\Miguel\\Desktop\\Applikcation Octobre\\Projet gestion de stock\\backend\\vendor\\laravel\\framework\\src\\Illuminate\\Routing\\Router.php(764): Illuminate\\Routing\\Router->runRoute(Object(Illuminate\\Http\\Request), Object(Illuminate\\Routing\\Route))
#10 C:\\Users\\Miguel\\Desktop\\Applikcation Octobre\\Projet gestion de stock\\backend\\vendor\\laravel\\framework\\src\\Illuminate\\Routing\\Router.php(753): Illuminate\\Routing\\Router->dispatchToRoute(Object(Illuminate\\Http\\Request))
#11 C:\\Users\\Miguel\\Desktop\\Applikcation Octobre\\Projet gestion de stock\\backend\\vendor\\laravel\\framework\\src\\Illuminate\\Foundation\\Http\\Kernel.php(200): Illuminate\\Routing\\Router->dispatch(Object(Illuminate\\Http\\Request))
#12 C:\\Users\\Miguel\\Desktop\\Applikcation Octobre\\Projet gestion de stock\\backend\\vendor\\laravel\\framework\\src\\Illuminate\\Pipeline\\Pipeline.php(180): Illuminate\\Foundation\\Http\\Kernel->Illuminate\\Foundation\\Http\\{closure}(Object(Illuminate\\Http\\Request))
#13 C:\\Users\\Miguel\\Desktop\\Applikcation Octobre\\Projet gestion de stock\\backend\\vendor\\laravel\\framework\\src\\Illuminate\\Foundation\\Http\\Middleware\\TransformsRequest.php(21): Illuminate\\Pipeline\\Pipeline->Illuminate\\Pipeline\\{closure}(Object(Illuminate\\Http\\Request))
#14 C:\\Users\\Miguel\\Desktop\\Applikcation Octobre\\Projet gestion de stock\\backend\\vendor\\laravel\\framework\\src\\Illuminate\\Foundation\\Http\\Middleware\\ConvertEmptyStringsToNull.php(31): Illuminate\\Foundation\\Http\\Middleware\\TransformsRequest->handle(Object(Illuminate\\Http\\Request), Object(Closure))
#15 C:\\Users\\Miguel\\Desktop\\Applikcation Octobre\\Projet gestion de stock\\backend\\vendor\\laravel\\framework\\src\\Illuminate\\Pipeline\\Pipeline.php(219): Illuminate\\Foundation\\Http\\Middleware\\ConvertEmptyStringsToNull->handle(Object(Illuminate\\Http\\Request), Object(Closure))
#16 C:\\Users\\Miguel\\Desktop\\Applikcation Octobre\\Projet gestion de stock\\backend\\vendor\\laravel\\framework\\src\\Illuminate\\Foundation\\Http\\Middleware\\TransformsRequest.php(21): Illuminate\\Pipeline\\Pipeline->Illuminate\\Pipeline\\{closure}(Object(Illuminate\\Http\\Request))
#17 C:\\Users\\Miguel\\Desktop\\Applikcation Octobre\\Projet gestion de stock\\backend\\vendor\\laravel\\framework\\src\\Illuminate\\Foundation\\Http\\Middleware\\TrimStrings.php(51): Illuminate\\Foundation\\Http\\Middleware\\TransformsRequest->handle(Object(Illuminate\\Http\\Request), Object(Closure))
#18 C:\\Users\\Miguel\\Desktop\\Applikcation Octobre\\Projet gestion de stock\\backend\\vendor\\laravel\\framework\\src\\Illuminate\\Pipeline\\Pipeline.php(219): Illuminate\\Foundation\\Http\\Middleware\\TrimStrings->handle(Object(Illuminate\\Http\\Request), Object(Closure))
#19 C:\\Users\\Miguel\\Desktop\\Applikcation Octobre\\Projet gestion de stock\\backend\\vendor\\laravel\\framework\\src\\Illuminate\\Http\\Middleware\\ValidatePostSize.php(27): Illuminate\\Pipeline\\Pipeline->Illuminate\\Pipeline\\{closure}(Object(Illuminate\\Http\\Request))
#20 C:\\Users\\Miguel\\Desktop\\Applikcation Octobre\\Projet gestion de stock\\backend\\vendor\\laravel\\framework\\src\\Illuminate\\Pipeline\\Pipeline.php(219): Illuminate\\Http\\Middleware\\ValidatePostSize->handle(Object(Illuminate\\Http\\Request), Object(Closure))
#21 C:\\Users\\Miguel\\Desktop\\Applikcation Octobre\\Projet gestion de stock\\backend\\vendor\\laravel\\framework\\src\\Illuminate\\Http\\Middleware\\HandleCors.php(61): Illuminate\\Pipeline\\Pipeline->Illuminate\\Pipeline\\{closure}(Object(Illuminate\\Http\\Request))
#22 C:\\Users\\Miguel\\Desktop\\Applikcation Octobre\\Projet gestion de stock\\backend\\vendor\\laravel\\framework\\src\\Illuminate\\Pipeline\\Pipeline.php(219): Illuminate\\Http\\Middleware\\HandleCors->handle(Object(Illuminate\\Http\\Request), Object(Closure))
#23 C:\\Users\\Miguel\\Desktop\\Applikcation Octobre\\Projet gestion de stock\\backend\\vendor\\laravel\\framework\\src\\Illuminate\\Http\\Middleware\\TrustProxies.php(58): Illuminate\\Pipeline\\Pipeline->Illuminate\\Pipeline\\{closure}(Object(Illuminate\\Http\\Request))
#24 C:\\Users\\Miguel\\Desktop\\Applikcation Octobre\\Projet gestion de stock\\backend\\vendor\\laravel\\framework\\src\\Illuminate\\Pipeline\\Pipeline.php(219): Illuminate\\Http\\Middleware\\TrustProxies->handle(Object(Illuminate\\Http\\Request), Object(Closure))
#25 C:\\Users\\Miguel\\Desktop\\Applikcation Octobre\\Projet gestion de stock\\backend\\vendor\\laravel\\framework\\src\\Illuminate\\Pipeline\\Pipeline.php(137): Illuminate\\Pipeline\\Pipeline->Illuminate\\Pipeline\\{closure}(Object(Illuminate\\Http\\Request))
#26 C:\\Users\\Miguel\\Desktop\\Applikcation Octobre\\Projet gestion de stock\\backend\\vendor\\laravel\\framework\\src\\Illuminate\\Foundation\\Http\\Kernel.php(175): Illuminate\\Pipeline\\Pipeline->then(Object(Closure))
#27 C:\\Users\\Miguel\\Desktop\\Applikcation Octobre\\Projet gestion de stock\\backend\\vendor\\laravel\\framework\\src\\Illuminate\\Foundation\\Http\\Kernel.php(144): Illuminate\\Foundation\\Http\\Kernel->sendRequestThroughRouter(Object(Illuminate\\Http\\Request))
#28 C:\\Users\\Miguel\\Desktop\\Applikcation Octobre\\Projet gestion de stock\\backend\\public\\index.php(51): Illuminate\\Foundation\\Http\\Kernel->handle(Object(Illuminate\\Http\\Request))
#29 C:\\Users\\Miguel\\Desktop\\Applikcation Octobre\\Projet gestion de stock\\backend\\vendor\\laravel\\framework\\src\\Illuminate\\Foundation\\resources\\server.php(23): require_once('C:\\\\Users\\\\Miguel...')
#30 {main}
"} 
[2025-11-11 15:47:28] local.ERROR: Target class [cors] does not exist. {"exception":"[object] (Illuminate\\Contracts\\Container\\BindingResolutionException(code: 0): Target class [cors] does not exist. at C:\\Users\\Miguel\\Desktop\\Applikcation Octobre\\Projet gestion de stock\\backend\\vendor\\laravel\\framework\\src\\Illuminate\\Container\\Container.php:1163)
[stacktrace]
#0 C:\\Users\\Miguel\\Desktop\\Applikcation Octobre\\Projet gestion de stock\\backend\\vendor\\laravel\\framework\\src\\Illuminate\\Container\\Container.php(972): Illuminate\\Container\\Container->build('cors')
#1 C:\\Users\\Miguel\\Desktop\\Applikcation Octobre\\Projet gestion de stock\\backend\\vendor\\laravel\\framework\\src\\Illuminate\\Foundation\\Application.php(1078): Illuminate\\Container\\Container->resolve('cors', Array, true)
#2 C:\\Users\\Miguel\\Desktop\\Applikcation Octobre\\Projet gestion de stock\\backend\\vendor\\laravel\\framework\\src\\Illuminate\\Container\\Container.php(903): Illuminate\\Foundation\\Application->resolve('cors', Array)
#3 C:\\Users\\Miguel\\Desktop\\Applikcation Octobre\\Projet gestion de stock\\backend\\vendor\\laravel\\framework\\src\\Illuminate\\Foundation\\Application.php(1058): Illuminate\\Container\\Container->make('cors', Array)
#4 C:\\Users\\Miguel\\Desktop\\Applikcation Octobre\\Projet gestion de stock\\backend\\vendor\\laravel\\framework\\src\\Illuminate\\Foundation\\Http\\Kernel.php(257): Illuminate\\Foundation\\Application->make('cors')
#5 C:\\Users\\Miguel\\Desktop\\Applikcation Octobre\\Projet gestion de stock\\backend\\vendor\\laravel\\framework\\src\\Illuminate\\Foundation\\Http\\Kernel.php(215): Illuminate\\Foundation\\Http\\Kernel->terminateMiddleware(Object(Illuminate\\Http\\Request), Object(Illuminate\\Http\\Response))
#6 C:\\Users\\Miguel\\Desktop\\Applikcation Octobre\\Projet gestion de stock\\backend\\public\\index.php(55): Illuminate\\Foundation\\Http\\Kernel->terminate(Object(Illuminate\\Http\\Request), Object(Illuminate\\Http\\Response))
#7 C:\\Users\\Miguel\\Desktop\\Applikcation Octobre\\Projet gestion de stock\\backend\\vendor\\laravel\\framework\\src\\Illuminate\\Foundation\\resources\\server.php(23): require_once('C:\\\\Users\\\\Miguel...')
#8 {main}

[previous exception] [object] (ReflectionException(code: -1): Class \"cors\" does not exist at C:\\Users\\Miguel\\Desktop\\Applikcation Octobre\\Projet gestion de stock\\backend\\vendor\\laravel\\framework\\src\\Illuminate\\Container\\Container.php:1161)
[stacktrace]
#0 C:\\Users\\Miguel\\Desktop\\Applikcation Octobre\\Projet gestion de stock\\backend\\vendor\\laravel\\framework\\src\\Illuminate\\Container\\Container.php(1161): ReflectionClass->__construct('cors')
#1 C:\\Users\\Miguel\\Desktop\\Applikcation Octobre\\Projet gestion de stock\\backend\\vendor\\laravel\\framework\\src\\Illuminate\\Container\\Container.php(972): Illuminate\\Container\\Container->build('cors')
#2 C:\\Users\\Miguel\\Desktop\\Applikcation Octobre\\Projet gestion de stock\\backend\\vendor\\laravel\\framework\\src\\Illuminate\\Foundation\\Application.php(1078): Illuminate\\Container\\Container->resolve('cors', Array, true)
#3 C:\\Users\\Miguel\\Desktop\\Applikcation Octobre\\Projet gestion de stock\\backend\\vendor\\laravel\\framework\\src\\Illuminate\\Container\\Container.php(903): Illuminate\\Foundation\\Application->resolve('cors', Array)
#4 C:\\Users\\Miguel\\Desktop\\Applikcation Octobre\\Projet gestion de stock\\backend\\vendor\\laravel\\framework\\src\\Illuminate\\Foundation\\Application.php(1058): Illuminate\\Container\\Container->make('cors', Array)
#5 C:\\Users\\Miguel\\Desktop\\Applikcation Octobre\\Projet gestion de stock\\backend\\vendor\\laravel\\framework\\src\\Illuminate\\Foundation\\Http\\Kernel.php(257): Illuminate\\Foundation\\Application->make('cors')
#6 C:\\Users\\Miguel\\Desktop\\Applikcation Octobre\\Projet gestion de stock\\backend\\vendor\\laravel\\framework\\src\\Illuminate\\Foundation\\Http\\Kernel.php(215): Illuminate\\Foundation\\Http\\Kernel->terminateMiddleware(Object(Illuminate\\Http\\Request), Object(Illuminate\\Http\\Response))
#7 C:\\Users\\Miguel\\Desktop\\Applikcation Octobre\\Projet gestion de stock\\backend\\public\\index.php(55): Illuminate\\Foundation\\Http\\Kernel->terminate(Object(Illuminate\\Http\\Request), Object(Illuminate\\Http\\Response))
#8 C:\\Users\\Miguel\\Desktop\\Applikcation Octobre\\Projet gestion de stock\\backend\\vendor\\laravel\\framework\\src\\Illuminate\\Foundation\\resources\\server.php(23): require_once('C:\\\\Users\\\\Miguel...')
#9 {main}
"} 
[2025-11-11 15:47:34] local.ERROR: Target class [cors] does not exist. {"exception":"[object] (Illuminate\\Contracts\\Container\\BindingResolutionException(code: 0): Target class [cors] does not exist. at C:\\Users\\Miguel\\Desktop\\Applikcation Octobre\\Projet gestion de stock\\backend\\vendor\\laravel\\framework\\src\\Illuminate\\Container\\Container.php:1163)
[stacktrace]
#0 C:\\Users\\Miguel\\Desktop\\Applikcation Octobre\\Projet gestion de stock\\backend\\vendor\\laravel\\framework\\src\\Illuminate\\Container\\Container.php(972): Illuminate\\Container\\Container->build('cors')
#1 C:\\Users\\Miguel\\Desktop\\Applikcation Octobre\\Projet gestion de stock\\backend\\vendor\\laravel\\framework\\src\\Illuminate\\Foundation\\Application.php(1078): Illuminate\\Container\\Container->resolve('cors', Array, true)
#2 C:\\Users\\Miguel\\Desktop\\Applikcation Octobre\\Projet gestion de stock\\backend\\vendor\\laravel\\framework\\src\\Illuminate\\Container\\Container.php(903): Illuminate\\Foundation\\Application->resolve('cors', Array)
#3 C:\\Users\\Miguel\\Desktop\\Applikcation Octobre\\Projet gestion de stock\\backend\\vendor\\laravel\\framework\\src\\Illuminate\\Foundation\\Application.php(1058): Illuminate\\Container\\Container->make('cors', Array)
#4 C:\\Users\\Miguel\\Desktop\\Applikcation Octobre\\Projet gestion de stock\\backend\\vendor\\laravel\\framework\\src\\Illuminate\\Pipeline\\Pipeline.php(208): Illuminate\\Foundation\\Application->make('cors')
#5 C:\\Users\\Miguel\\Desktop\\Applikcation Octobre\\Projet gestion de stock\\backend\\vendor\\laravel\\framework\\src\\Illuminate\\Pipeline\\Pipeline.php(137): Illuminate\\Pipeline\\Pipeline->Illuminate\\Pipeline\\{closure}(Object(Illuminate\\Http\\Request))
#6 C:\\Users\\Miguel\\Desktop\\Applikcation Octobre\\Projet gestion de stock\\backend\\vendor\\laravel\\framework\\src\\Illuminate\\Routing\\Router.php(821): Illuminate\\Pipeline\\Pipeline->then(Object(Closure))
#7 C:\\Users\\Miguel\\Desktop\\Applikcation Octobre\\Projet gestion de stock\\backend\\vendor\\laravel\\framework\\src\\Illuminate\\Routing\\Router.php(800): Illuminate\\Routing\\Router->runRouteWithinStack(Object(Illuminate\\Routing\\Route), Object(Illuminate\\Http\\Request))
#8 C:\\Users\\Miguel\\Desktop\\Applikcation Octobre\\Projet gestion de stock\\backend\\vendor\\laravel\\framework\\src\\Illuminate\\Routing\\Router.php(764): Illuminate\\Routing\\Router->runRoute(Object(Illuminate\\Http\\Request), Object(Illuminate\\Routing\\Route))
#9 C:\\Users\\Miguel\\Desktop\\Applikcation Octobre\\Projet gestion de stock\\backend\\vendor\\laravel\\framework\\src\\Illuminate\\Routing\\Router.php(753): Illuminate\\Routing\\Router->dispatchToRoute(Object(Illuminate\\Http\\Request))
#10 C:\\Users\\Miguel\\Desktop\\Applikcation Octobre\\Projet gestion de stock\\backend\\vendor\\laravel\\framework\\src\\Illuminate\\Foundation\\Http\\Kernel.php(200): Illuminate\\Routing\\Router->dispatch(Object(Illuminate\\Http\\Request))
#11 C:\\Users\\Miguel\\Desktop\\Applikcation Octobre\\Projet gestion de stock\\backend\\vendor\\laravel\\framework\\src\\Illuminate\\Pipeline\\Pipeline.php(180): Illuminate\\Foundation\\Http\\Kernel->Illuminate\\Foundation\\Http\\{closure}(Object(Illuminate\\Http\\Request))
#12 C:\\Users\\Miguel\\Desktop\\Applikcation Octobre\\Projet gestion de stock\\backend\\vendor\\laravel\\framework\\src\\Illuminate\\Foundation\\Http\\Middleware\\TransformsRequest.php(21): Illuminate\\Pipeline\\Pipeline->Illuminate\\Pipeline\\{closure}(Object(Illuminate\\Http\\Request))
#13 C:\\Users\\Miguel\\Desktop\\Applikcation Octobre\\Projet gestion de stock\\backend\\vendor\\laravel\\framework\\src\\Illuminate\\Foundation\\Http\\Middleware\\ConvertEmptyStringsToNull.php(31): Illuminate\\Foundation\\Http\\Middleware\\TransformsRequest->handle(Object(Illuminate\\Http\\Request), Object(Closure))
#14 C:\\Users\\Miguel\\Desktop\\Applikcation Octobre\\Projet gestion de stock\\backend\\vendor\\laravel\\framework\\src\\Illuminate\\Pipeline\\Pipeline.php(219): Illuminate\\Foundation\\Http\\Middleware\\ConvertEmptyStringsToNull->handle(Object(Illuminate\\Http\\Request), Object(Closure))
#15 C:\\Users\\Miguel\\Desktop\\Applikcation Octobre\\Projet gestion de stock\\backend\\vendor\\laravel\\framework\\src\\Illuminate\\Foundation\\Http\\Middleware\\TransformsRequest.php(21): Illuminate\\Pipeline\\Pipeline->Illuminate\\Pipeline\\{closure}(Object(Illuminate\\Http\\Request))
#16 C:\\Users\\Miguel\\Desktop\\Applikcation Octobre\\Projet gestion de stock\\backend\\vendor\\laravel\\framework\\src\\Illuminate\\Foundation\\Http\\Middleware\\TrimStrings.php(51): Illuminate\\Foundation\\Http\\Middleware\\TransformsRequest->handle(Object(Illuminate\\Http\\Request), Object(Closure))
#17 C:\\Users\\Miguel\\Desktop\\Applikcation Octobre\\Projet gestion de stock\\backend\\vendor\\laravel\\framework\\src\\Illuminate\\Pipeline\\Pipeline.php(219): Illuminate\\Foundation\\Http\\Middleware\\TrimStrings->handle(Object(Illuminate\\Http\\Request), Object(Closure))
#18 C:\\Users\\Miguel\\Desktop\\Applikcation Octobre\\Projet gestion de stock\\backend\\vendor\\laravel\\framework\\src\\Illuminate\\Http\\Middleware\\ValidatePostSize.php(27): Illuminate\\Pipeline\\Pipeline->Illuminate\\Pipeline\\{closure}(Object(Illuminate\\Http\\Request))
#19 C:\\Users\\Miguel\\Desktop\\Applikcation Octobre\\Projet gestion de stock\\backend\\vendor\\laravel\\framework\\src\\Illuminate\\Pipeline\\Pipeline.php(219): Illuminate\\Http\\Middleware\\ValidatePostSize->handle(Object(Illuminate\\Http\\Request), Object(Closure))
#20 C:\\Users\\Miguel\\Desktop\\Applikcation Octobre\\Projet gestion de stock\\backend\\vendor\\laravel\\framework\\src\\Illuminate\\Http\\Middleware\\HandleCors.php(61): Illuminate\\Pipeline\\Pipeline->Illuminate\\Pipeline\\{closure}(Object(Illuminate\\Http\\Request))
#21 C:\\Users\\Miguel\\Desktop\\Applikcation Octobre\\Projet gestion de stock\\backend\\vendor\\laravel\\framework\\src\\Illuminate\\Pipeline\\Pipeline.php(219): Illuminate\\Http\\Middleware\\HandleCors->handle(Object(Illuminate\\Http\\Request), Object(Closure))
#22 C:\\Users\\Miguel\\Desktop\\Applikcation Octobre\\Projet gestion de stock\\backend\\vendor\\laravel\\framework\\src\\Illuminate\\Http\\Middleware\\TrustProxies.php(58): Illuminate\\Pipeline\\Pipeline->Illuminate\\Pipeline\\{closure}(Object(Illuminate\\Http\\Request))
#23 C:\\Users\\Miguel\\Desktop\\Applikcation Octobre\\Projet gestion de stock\\backend\\vendor\\laravel\\framework\\src\\Illuminate\\Pipeline\\Pipeline.php(219): Illuminate\\Http\\Middleware\\TrustProxies->handle(Object(Illuminate\\Http\\Request), Object(Closure))
#24 C:\\Users\\Miguel\\Desktop\\Applikcation Octobre\\Projet gestion de stock\\backend\\vendor\\laravel\\framework\\src\\Illuminate\\Pipeline\\Pipeline.php(137): Illuminate\\Pipeline\\Pipeline->Illuminate\\Pipeline\\{closure}(Object(Illuminate\\Http\\Request))
#25 C:\\Users\\Miguel\\Desktop\\Applikcation Octobre\\Projet gestion de stock\\backend\\vendor\\laravel\\framework\\src\\Illuminate\\Foundation\\Http\\Kernel.php(175): Illuminate\\Pipeline\\Pipeline->then(Object(Closure))
#26 C:\\Users\\Miguel\\Desktop\\Applikcation Octobre\\Projet gestion de stock\\backend\\vendor\\laravel\\framework\\src\\Illuminate\\Foundation\\Http\\Kernel.php(144): Illuminate\\Foundation\\Http\\Kernel->sendRequestThroughRouter(Object(Illuminate\\Http\\Request))
#27 C:\\Users\\Miguel\\Desktop\\Applikcation Octobre\\Projet gestion de stock\\backend\\public\\index.php(51): Illuminate\\Foundation\\Http\\Kernel->handle(Object(Illuminate\\Http\\Request))
#28 C:\\Users\\Miguel\\Desktop\\Applikcation Octobre\\Projet gestion de stock\\backend\\vendor\\laravel\\framework\\src\\Illuminate\\Foundation\\resources\\server.php(23): require_once('C:\\\\Users\\\\Miguel...')
#29 {main}

[previous exception] [object] (ReflectionException(code: -1): Class \"cors\" does not exist at C:\\Users\\Miguel\\Desktop\\Applikcation Octobre\\Projet gestion de stock\\backend\\vendor\\laravel\\framework\\src\\Illuminate\\Container\\Container.php:1161)
[stacktrace]
#0 C:\\Users\\Miguel\\Desktop\\Applikcation Octobre\\Projet gestion de stock\\backend\\vendor\\laravel\\framework\\src\\Illuminate\\Container\\Container.php(1161): ReflectionClass->__construct('cors')
#1 C:\\Users\\Miguel\\Desktop\\Applikcation Octobre\\Projet gestion de stock\\backend\\vendor\\laravel\\framework\\src\\Illuminate\\Container\\Container.php(972): Illuminate\\Container\\Container->build('cors')
#2 C:\\Users\\Miguel\\Desktop\\Applikcation Octobre\\Projet gestion de stock\\backend\\vendor\\laravel\\framework\\src\\Illuminate\\Foundation\\Application.php(1078): Illuminate\\Container\\Container->resolve('cors', Array, true)
#3 C:\\Users\\Miguel\\Desktop\\Applikcation Octobre\\Projet gestion de stock\\backend\\vendor\\laravel\\framework\\src\\Illuminate\\Container\\Container.php(903): Illuminate\\Foundation\\Application->resolve('cors', Array)
#4 C:\\Users\\Miguel\\Desktop\\Applikcation Octobre\\Projet gestion de stock\\backend\\vendor\\laravel\\framework\\src\\Illuminate\\Foundation\\Application.php(1058): Illuminate\\Container\\Container->make('cors', Array)
#5 C:\\Users\\Miguel\\Desktop\\Applikcation Octobre\\Projet gestion de stock\\backend\\vendor\\laravel\\framework\\src\\Illuminate\\Pipeline\\Pipeline.php(208): Illuminate\\Foundation\\Application->make('cors')
#6 C:\\Users\\Miguel\\Desktop\\Applikcation Octobre\\Projet gestion de stock\\backend\\vendor\\laravel\\framework\\src\\Illuminate\\Pipeline\\Pipeline.php(137): Illuminate\\Pipeline\\Pipeline->Illuminate\\Pipeline\\{closure}(Object(Illuminate\\Http\\Request))
#7 C:\\Users\\Miguel\\Desktop\\Applikcation Octobre\\Projet gestion de stock\\backend\\vendor\\laravel\\framework\\src\\Illuminate\\Routing\\Router.php(821): Illuminate\\Pipeline\\Pipeline->then(Object(Closure))
#8 C:\\Users\\Miguel\\Desktop\\Applikcation Octobre\\Projet gestion de stock\\backend\\vendor\\laravel\\framework\\src\\Illuminate\\Routing\\Router.php(800): Illuminate\\Routing\\Router->runRouteWithinStack(Object(Illuminate\\Routing\\Route), Object(Illuminate\\Http\\Request))
#9 C:\\Users\\Miguel\\Desktop\\Applikcation Octobre\\Projet gestion de stock\\backend\\vendor\\laravel\\framework\\src\\Illuminate\\Routing\\Router.php(764): Illuminate\\Routing\\Router->runRoute(Object(Illuminate\\Http\\Request), Object(Illuminate\\Routing\\Route))
#10 C:\\Users\\Miguel\\Desktop\\Applikcation Octobre\\Projet gestion de stock\\backend\\vendor\\laravel\\framework\\src\\Illuminate\\Routing\\Router.php(753): Illuminate\\Routing\\Router->dispatchToRoute(Object(Illuminate\\Http\\Request))
#11 C:\\Users\\Miguel\\Desktop\\Applikcation Octobre\\Projet gestion de stock\\backend\\vendor\\laravel\\framework\\src\\Illuminate\\Foundation\\Http\\Kernel.php(200): Illuminate\\Routing\\Router->dispatch(Object(Illuminate\\Http\\Request))
#12 C:\\Users\\Miguel\\Desktop\\Applikcation Octobre\\Projet gestion de stock\\backend\\vendor\\laravel\\framework\\src\\Illuminate\\Pipeline\\Pipeline.php(180): Illuminate\\Foundation\\Http\\Kernel->Illuminate\\Foundation\\Http\\{closure}(Object(Illuminate\\Http\\Request))
#13 C:\\Users\\Miguel\\Desktop\\Applikcation Octobre\\Projet gestion de stock\\backend\\vendor\\laravel\\framework\\src\\Illuminate\\Foundation\\Http\\Middleware\\TransformsRequest.php(21): Illuminate\\Pipeline\\Pipeline->Illuminate\\Pipeline\\{closure}(Object(Illuminate\\Http\\Request))
#14 C:\\Users\\Miguel\\Desktop\\Applikcation Octobre\\Projet gestion de stock\\backend\\vendor\\laravel\\framework\\src\\Illuminate\\Foundation\\Http\\Middleware\\ConvertEmptyStringsToNull.php(31): Illuminate\\Foundation\\Http\\Middleware\\TransformsRequest->handle(Object(Illuminate\\Http\\Request), Object(Closure))
#15 C:\\Users\\Miguel\\Desktop\\Applikcation Octobre\\Projet gestion de stock\\backend\\vendor\\laravel\\framework\\src\\Illuminate\\Pipeline\\Pipeline.php(219): Illuminate\\Foundation\\Http\\Middleware\\ConvertEmptyStringsToNull->handle(Object(Illuminate\\Http\\Request), Object(Closure))
#16 C:\\Users\\Miguel\\Desktop\\Applikcation Octobre\\Projet gestion de stock\\backend\\vendor\\laravel\\framework\\src\\Illuminate\\Foundation\\Http\\Middleware\\TransformsRequest.php(21): Illuminate\\Pipeline\\Pipeline->Illuminate\\Pipeline\\{closure}(Object(Illuminate\\Http\\Request))
#17 C:\\Users\\Miguel\\Desktop\\Applikcation Octobre\\Projet gestion de stock\\backend\\vendor\\laravel\\framework\\src\\Illuminate\\Foundation\\Http\\Middleware\\TrimStrings.php(51): Illuminate\\Foundation\\Http\\Middleware\\TransformsRequest->handle(Object(Illuminate\\Http\\Request), Object(Closure))
#18 C:\\Users\\Miguel\\Desktop\\Applikcation Octobre\\Projet gestion de stock\\backend\\vendor\\laravel\\framework\\src\\Illuminate\\Pipeline\\Pipeline.php(219): Illuminate\\Foundation\\Http\\Middleware\\TrimStrings->handle(Object(Illuminate\\Http\\Request), Object(Closure))
#19 C:\\Users\\Miguel\\Desktop\\Applikcation Octobre\\Projet gestion de stock\\backend\\vendor\\laravel\\framework\\src\\Illuminate\\Http\\Middleware\\ValidatePostSize.php(27): Illuminate\\Pipeline\\Pipeline->Illuminate\\Pipeline\\{closure}(Object(Illuminate\\Http\\Request))
#20 C:\\Users\\Miguel\\Desktop\\Applikcation Octobre\\Projet gestion de stock\\backend\\vendor\\laravel\\framework\\src\\Illuminate\\Pipeline\\Pipeline.php(219): Illuminate\\Http\\Middleware\\ValidatePostSize->handle(Object(Illuminate\\Http\\Request), Object(Closure))
#21 C:\\Users\\Miguel\\Desktop\\Applikcation Octobre\\Projet gestion de stock\\backend\\vendor\\laravel\\framework\\src\\Illuminate\\Http\\Middleware\\HandleCors.php(61): Illuminate\\Pipeline\\Pipeline->Illuminate\\Pipeline\\{closure}(Object(Illuminate\\Http\\Request))
#22 C:\\Users\\Miguel\\Desktop\\Applikcation Octobre\\Projet gestion de stock\\backend\\vendor\\laravel\\framework\\src\\Illuminate\\Pipeline\\Pipeline.php(219): Illuminate\\Http\\Middleware\\HandleCors->handle(Object(Illuminate\\Http\\Request), Object(Closure))
#23 C:\\Users\\Miguel\\Desktop\\Applikcation Octobre\\Projet gestion de stock\\backend\\vendor\\laravel\\framework\\src\\Illuminate\\Http\\Middleware\\TrustProxies.php(58): Illuminate\\Pipeline\\Pipeline->Illuminate\\Pipeline\\{closure}(Object(Illuminate\\Http\\Request))
#24 C:\\Users\\Miguel\\Desktop\\Applikcation Octobre\\Projet gestion de stock\\backend\\vendor\\laravel\\framework\\src\\Illuminate\\Pipeline\\Pipeline.php(219): Illuminate\\Http\\Middleware\\TrustProxies->handle(Object(Illuminate\\Http\\Request), Object(Closure))
#25 C:\\Users\\Miguel\\Desktop\\Applikcation Octobre\\Projet gestion de stock\\backend\\vendor\\laravel\\framework\\src\\Illuminate\\Pipeline\\Pipeline.php(137): Illuminate\\Pipeline\\Pipeline->Illuminate\\Pipeline\\{closure}(Object(Illuminate\\Http\\Request))
#26 C:\\Users\\Miguel\\Desktop\\Applikcation Octobre\\Projet gestion de stock\\backend\\vendor\\laravel\\framework\\src\\Illuminate\\Foundation\\Http\\Kernel.php(175): Illuminate\\Pipeline\\Pipeline->then(Object(Closure))
#27 C:\\Users\\Miguel\\Desktop\\Applikcation Octobre\\Projet gestion de stock\\backend\\vendor\\laravel\\framework\\src\\Illuminate\\Foundation\\Http\\Kernel.php(144): Illuminate\\Foundation\\Http\\Kernel->sendRequestThroughRouter(Object(Illuminate\\Http\\Request))
#28 C:\\Users\\Miguel\\Desktop\\Applikcation Octobre\\Projet gestion de stock\\backend\\public\\index.php(51): Illuminate\\Foundation\\Http\\Kernel->handle(Object(Illuminate\\Http\\Request))
#29 C:\\Users\\Miguel\\Desktop\\Applikcation Octobre\\Projet gestion de stock\\backend\\vendor\\laravel\\framework\\src\\Illuminate\\Foundation\\resources\\server.php(23): require_once('C:\\\\Users\\\\Miguel...')
#30 {main}
"} 
[2025-11-11 15:47:35] local.ERROR: Target class [cors] does not exist. {"exception":"[object] (Illuminate\\Contracts\\Container\\BindingResolutionException(code: 0): Target class [cors] does not exist. at C:\\Users\\Miguel\\Desktop\\Applikcation Octobre\\Projet gestion de stock\\backend\\vendor\\laravel\\framework\\src\\Illuminate\\Container\\Container.php:1163)
[stacktrace]
#0 C:\\Users\\Miguel\\Desktop\\Applikcation Octobre\\Projet gestion de stock\\backend\\vendor\\laravel\\framework\\src\\Illuminate\\Container\\Container.php(972): Illuminate\\Container\\Container->build('cors')
#1 C:\\Users\\Miguel\\Desktop\\Applikcation Octobre\\Projet gestion de stock\\backend\\vendor\\laravel\\framework\\src\\Illuminate\\Foundation\\Application.php(1078): Illuminate\\Container\\Container->resolve('cors', Array, true)
#2 C:\\Users\\Miguel\\Desktop\\Applikcation Octobre\\Projet gestion de stock\\backend\\vendor\\laravel\\framework\\src\\Illuminate\\Container\\Container.php(903): Illuminate\\Foundation\\Application->resolve('cors', Array)
#3 C:\\Users\\Miguel\\Desktop\\Applikcation Octobre\\Projet gestion de stock\\backend\\vendor\\laravel\\framework\\src\\Illuminate\\Foundation\\Application.php(1058): Illuminate\\Container\\Container->make('cors', Array)
#4 C:\\Users\\Miguel\\Desktop\\Applikcation Octobre\\Projet gestion de stock\\backend\\vendor\\laravel\\framework\\src\\Illuminate\\Foundation\\Http\\Kernel.php(257): Illuminate\\Foundation\\Application->make('cors')
#5 C:\\Users\\Miguel\\Desktop\\Applikcation Octobre\\Projet gestion de stock\\backend\\vendor\\laravel\\framework\\src\\Illuminate\\Foundation\\Http\\Kernel.php(215): Illuminate\\Foundation\\Http\\Kernel->terminateMiddleware(Object(Illuminate\\Http\\Request), Object(Illuminate\\Http\\Response))
#6 C:\\Users\\Miguel\\Desktop\\Applikcation Octobre\\Projet gestion de stock\\backend\\public\\index.php(55): Illuminate\\Foundation\\Http\\Kernel->terminate(Object(Illuminate\\Http\\Request), Object(Illuminate\\Http\\Response))
#7 C:\\Users\\Miguel\\Desktop\\Applikcation Octobre\\Projet gestion de stock\\backend\\vendor\\laravel\\framework\\src\\Illuminate\\Foundation\\resources\\server.php(23): require_once('C:\\\\Users\\\\Miguel...')
#8 {main}

[previous exception] [object] (ReflectionException(code: -1): Class \"cors\" does not exist at C:\\Users\\Miguel\\Desktop\\Applikcation Octobre\\Projet gestion de stock\\backend\\vendor\\laravel\\framework\\src\\Illuminate\\Container\\Container.php:1161)
[stacktrace]
#0 C:\\Users\\Miguel\\Desktop\\Applikcation Octobre\\Projet gestion de stock\\backend\\vendor\\laravel\\framework\\src\\Illuminate\\Container\\Container.php(1161): ReflectionClass->__construct('cors')
#1 C:\\Users\\Miguel\\Desktop\\Applikcation Octobre\\Projet gestion de stock\\backend\\vendor\\laravel\\framework\\src\\Illuminate\\Container\\Container.php(972): Illuminate\\Container\\Container->build('cors')
#2 C:\\Users\\Miguel\\Desktop\\Applikcation Octobre\\Projet gestion de stock\\backend\\vendor\\laravel\\framework\\src\\Illuminate\\Foundation\\Application.php(1078): Illuminate\\Container\\Container->resolve('cors', Array, true)
#3 C:\\Users\\Miguel\\Desktop\\Applikcation Octobre\\Projet gestion de stock\\backend\\vendor\\laravel\\framework\\src\\Illuminate\\Container\\Container.php(903): Illuminate\\Foundation\\Application->resolve('cors', Array)
#4 C:\\Users\\Miguel\\Desktop\\Applikcation Octobre\\Projet gestion de stock\\backend\\vendor\\laravel\\framework\\src\\Illuminate\\Foundation\\Application.php(1058): Illuminate\\Container\\Container->make('cors', Array)
#5 C:\\Users\\Miguel\\Desktop\\Applikcation Octobre\\Projet gestion de stock\\backend\\vendor\\laravel\\framework\\src\\Illuminate\\Foundation\\Http\\Kernel.php(257): Illuminate\\Foundation\\Application->make('cors')
#6 C:\\Users\\Miguel\\Desktop\\Applikcation Octobre\\Projet gestion de stock\\backend\\vendor\\laravel\\framework\\src\\Illuminate\\Foundation\\Http\\Kernel.php(215): Illuminate\\Foundation\\Http\\Kernel->terminateMiddleware(Object(Illuminate\\Http\\Request), Object(Illuminate\\Http\\Response))
#7 C:\\Users\\Miguel\\Desktop\\Applikcation Octobre\\Projet gestion de stock\\backend\\public\\index.php(55): Illuminate\\Foundation\\Http\\Kernel->terminate(Object(Illuminate\\Http\\Request), Object(Illuminate\\Http\\Response))
#8 C:\\Users\\Miguel\\Desktop\\Applikcation Octobre\\Projet gestion de stock\\backend\\vendor\\laravel\\framework\\src\\Illuminate\\Foundation\\resources\\server.php(23): require_once('C:\\\\Users\\\\Miguel...')
#9 {main}
"} 
[2025-11-11 15:47:54] local.ERROR: Target class [cors] does not exist. {"exception":"[object] (Illuminate\\Contracts\\Container\\BindingResolutionException(code: 0): Target class [cors] does not exist. at C:\\Users\\Miguel\\Desktop\\Applikcation Octobre\\Projet gestion de stock\\backend\\vendor\\laravel\\framework\\src\\Illuminate\\Container\\Container.php:1163)
[stacktrace]
#0 C:\\Users\\Miguel\\Desktop\\Applikcation Octobre\\Projet gestion de stock\\backend\\vendor\\laravel\\framework\\src\\Illuminate\\Container\\Container.php(972): Illuminate\\Container\\Container->build('cors')
#1 C:\\Users\\Miguel\\Desktop\\Applikcation Octobre\\Projet gestion de stock\\backend\\vendor\\laravel\\framework\\src\\Illuminate\\Foundation\\Application.php(1078): Illuminate\\Container\\Container->resolve('cors', Array, true)
#2 C:\\Users\\Miguel\\Desktop\\Applikcation Octobre\\Projet gestion de stock\\backend\\vendor\\laravel\\framework\\src\\Illuminate\\Container\\Container.php(903): Illuminate\\Foundation\\Application->resolve('cors', Array)
#3 C:\\Users\\Miguel\\Desktop\\Applikcation Octobre\\Projet gestion de stock\\backend\\vendor\\laravel\\framework\\src\\Illuminate\\Foundation\\Application.php(1058): Illuminate\\Container\\Container->make('cors', Array)
#4 C:\\Users\\Miguel\\Desktop\\Applikcation Octobre\\Projet gestion de stock\\backend\\vendor\\laravel\\framework\\src\\Illuminate\\Pipeline\\Pipeline.php(208): Illuminate\\Foundation\\Application->make('cors')
#5 C:\\Users\\Miguel\\Desktop\\Applikcation Octobre\\Projet gestion de stock\\backend\\vendor\\laravel\\framework\\src\\Illuminate\\Pipeline\\Pipeline.php(137): Illuminate\\Pipeline\\Pipeline->Illuminate\\Pipeline\\{closure}(Object(Illuminate\\Http\\Request))
#6 C:\\Users\\Miguel\\Desktop\\Applikcation Octobre\\Projet gestion de stock\\backend\\vendor\\laravel\\framework\\src\\Illuminate\\Routing\\Router.php(821): Illuminate\\Pipeline\\Pipeline->then(Object(Closure))
#7 C:\\Users\\Miguel\\Desktop\\Applikcation Octobre\\Projet gestion de stock\\backend\\vendor\\laravel\\framework\\src\\Illuminate\\Routing\\Router.php(800): Illuminate\\Routing\\Router->runRouteWithinStack(Object(Illuminate\\Routing\\Route), Object(Illuminate\\Http\\Request))
#8 C:\\Users\\Miguel\\Desktop\\Applikcation Octobre\\Projet gestion de stock\\backend\\vendor\\laravel\\framework\\src\\Illuminate\\Routing\\Router.php(764): Illuminate\\Routing\\Router->runRoute(Object(Illuminate\\Http\\Request), Object(Illuminate\\Routing\\Route))
#9 C:\\Users\\Miguel\\Desktop\\Applikcation Octobre\\Projet gestion de stock\\backend\\vendor\\laravel\\framework\\src\\Illuminate\\Routing\\Router.php(753): Illuminate\\Routing\\Router->dispatchToRoute(Object(Illuminate\\Http\\Request))
#10 C:\\Users\\Miguel\\Desktop\\Applikcation Octobre\\Projet gestion de stock\\backend\\vendor\\laravel\\framework\\src\\Illuminate\\Foundation\\Http\\Kernel.php(200): Illuminate\\Routing\\Router->dispatch(Object(Illuminate\\Http\\Request))
#11 C:\\Users\\Miguel\\Desktop\\Applikcation Octobre\\Projet gestion de stock\\backend\\vendor\\laravel\\framework\\src\\Illuminate\\Pipeline\\Pipeline.php(180): Illuminate\\Foundation\\Http\\Kernel->Illuminate\\Foundation\\Http\\{closure}(Object(Illuminate\\Http\\Request))
#12 C:\\Users\\Miguel\\Desktop\\Applikcation Octobre\\Projet gestion de stock\\backend\\vendor\\laravel\\framework\\src\\Illuminate\\Foundation\\Http\\Middleware\\TransformsRequest.php(21): Illuminate\\Pipeline\\Pipeline->Illuminate\\Pipeline\\{closure}(Object(Illuminate\\Http\\Request))
#13 C:\\Users\\Miguel\\Desktop\\Applikcation Octobre\\Projet gestion de stock\\backend\\vendor\\laravel\\framework\\src\\Illuminate\\Foundation\\Http\\Middleware\\ConvertEmptyStringsToNull.php(31): Illuminate\\Foundation\\Http\\Middleware\\TransformsRequest->handle(Object(Illuminate\\Http\\Request), Object(Closure))
#14 C:\\Users\\Miguel\\Desktop\\Applikcation Octobre\\Projet gestion de stock\\backend\\vendor\\laravel\\framework\\src\\Illuminate\\Pipeline\\Pipeline.php(219): Illuminate\\Foundation\\Http\\Middleware\\ConvertEmptyStringsToNull->handle(Object(Illuminate\\Http\\Request), Object(Closure))
#15 C:\\Users\\Miguel\\Desktop\\Applikcation Octobre\\Projet gestion de stock\\backend\\vendor\\laravel\\framework\\src\\Illuminate\\Foundation\\Http\\Middleware\\TransformsRequest.php(21): Illuminate\\Pipeline\\Pipeline->Illuminate\\Pipeline\\{closure}(Object(Illuminate\\Http\\Request))
#16 C:\\Users\\Miguel\\Desktop\\Applikcation Octobre\\Projet gestion de stock\\backend\\vendor\\laravel\\framework\\src\\Illuminate\\Foundation\\Http\\Middleware\\TrimStrings.php(51): Illuminate\\Foundation\\Http\\Middleware\\TransformsRequest->handle(Object(Illuminate\\Http\\Request), Object(Closure))
#17 C:\\Users\\Miguel\\Desktop\\Applikcation Octobre\\Projet gestion de stock\\backend\\vendor\\laravel\\framework\\src\\Illuminate\\Pipeline\\Pipeline.php(219): Illuminate\\Foundation\\Http\\Middleware\\TrimStrings->handle(Object(Illuminate\\Http\\Request), Object(Closure))
#18 C:\\Users\\Miguel\\Desktop\\Applikcation Octobre\\Projet gestion de stock\\backend\\vendor\\laravel\\framework\\src\\Illuminate\\Http\\Middleware\\ValidatePostSize.php(27): Illuminate\\Pipeline\\Pipeline->Illuminate\\Pipeline\\{closure}(Object(Illuminate\\Http\\Request))
#19 C:\\Users\\Miguel\\Desktop\\Applikcation Octobre\\Projet gestion de stock\\backend\\vendor\\laravel\\framework\\src\\Illuminate\\Pipeline\\Pipeline.php(219): Illuminate\\Http\\Middleware\\ValidatePostSize->handle(Object(Illuminate\\Http\\Request), Object(Closure))
#20 C:\\Users\\Miguel\\Desktop\\Applikcation Octobre\\Projet gestion de stock\\backend\\vendor\\laravel\\framework\\src\\Illuminate\\Http\\Middleware\\HandleCors.php(61): Illuminate\\Pipeline\\Pipeline->Illuminate\\Pipeline\\{closure}(Object(Illuminate\\Http\\Request))
#21 C:\\Users\\Miguel\\Desktop\\Applikcation Octobre\\Projet gestion de stock\\backend\\vendor\\laravel\\framework\\src\\Illuminate\\Pipeline\\Pipeline.php(219): Illuminate\\Http\\Middleware\\HandleCors->handle(Object(Illuminate\\Http\\Request), Object(Closure))
#22 C:\\Users\\Miguel\\Desktop\\Applikcation Octobre\\Projet gestion de stock\\backend\\vendor\\laravel\\framework\\src\\Illuminate\\Http\\Middleware\\TrustProxies.php(58): Illuminate\\Pipeline\\Pipeline->Illuminate\\Pipeline\\{closure}(Object(Illuminate\\Http\\Request))
#23 C:\\Users\\Miguel\\Desktop\\Applikcation Octobre\\Projet gestion de stock\\backend\\vendor\\laravel\\framework\\src\\Illuminate\\Pipeline\\Pipeline.php(219): Illuminate\\Http\\Middleware\\TrustProxies->handle(Object(Illuminate\\Http\\Request), Object(Closure))
#24 C:\\Users\\Miguel\\Desktop\\Applikcation Octobre\\Projet gestion de stock\\backend\\vendor\\laravel\\framework\\src\\Illuminate\\Pipeline\\Pipeline.php(137): Illuminate\\Pipeline\\Pipeline->Illuminate\\Pipeline\\{closure}(Object(Illuminate\\Http\\Request))
#25 C:\\Users\\Miguel\\Desktop\\Applikcation Octobre\\Projet gestion de stock\\backend\\vendor\\laravel\\framework\\src\\Illuminate\\Foundation\\Http\\Kernel.php(175): Illuminate\\Pipeline\\Pipeline->then(Object(Closure))
#26 C:\\Users\\Miguel\\Desktop\\Applikcation Octobre\\Projet gestion de stock\\backend\\vendor\\laravel\\framework\\src\\Illuminate\\Foundation\\Http\\Kernel.php(144): Illuminate\\Foundation\\Http\\Kernel->sendRequestThroughRouter(Object(Illuminate\\Http\\Request))
#27 C:\\Users\\Miguel\\Desktop\\Applikcation Octobre\\Projet gestion de stock\\backend\\public\\index.php(51): Illuminate\\Foundation\\Http\\Kernel->handle(Object(Illuminate\\Http\\Request))
#28 C:\\Users\\Miguel\\Desktop\\Applikcation Octobre\\Projet gestion de stock\\backend\\vendor\\laravel\\framework\\src\\Illuminate\\Foundation\\resources\\server.php(23): require_once('C:\\\\Users\\\\Miguel...')
#29 {main}

[previous exception] [object] (ReflectionException(code: -1): Class \"cors\" does not exist at C:\\Users\\Miguel\\Desktop\\Applikcation Octobre\\Projet gestion de stock\\backend\\vendor\\laravel\\framework\\src\\Illuminate\\Container\\Container.php:1161)
[stacktrace]
#0 C:\\Users\\Miguel\\Desktop\\Applikcation Octobre\\Projet gestion de stock\\backend\\vendor\\laravel\\framework\\src\\Illuminate\\Container\\Container.php(1161): ReflectionClass->__construct('cors')
#1 C:\\Users\\Miguel\\Desktop\\Applikcation Octobre\\Projet gestion de stock\\backend\\vendor\\laravel\\framework\\src\\Illuminate\\Container\\Container.php(972): Illuminate\\Container\\Container->build('cors')
#2 C:\\Users\\Miguel\\Desktop\\Applikcation Octobre\\Projet gestion de stock\\backend\\vendor\\laravel\\framework\\src\\Illuminate\\Foundation\\Application.php(1078): Illuminate\\Container\\Container->resolve('cors', Array, true)
#3 C:\\Users\\Miguel\\Desktop\\Applikcation Octobre\\Projet gestion de stock\\backend\\vendor\\laravel\\framework\\src\\Illuminate\\Container\\Container.php(903): Illuminate\\Foundation\\Application->resolve('cors', Array)
#4 C:\\Users\\Miguel\\Desktop\\Applikcation Octobre\\Projet gestion de stock\\backend\\vendor\\laravel\\framework\\src\\Illuminate\\Foundation\\Application.php(1058): Illuminate\\Container\\Container->make('cors', Array)
#5 C:\\Users\\Miguel\\Desktop\\Applikcation Octobre\\Projet gestion de stock\\backend\\vendor\\laravel\\framework\\src\\Illuminate\\Pipeline\\Pipeline.php(208): Illuminate\\Foundation\\Application->make('cors')
#6 C:\\Users\\Miguel\\Desktop\\Applikcation Octobre\\Projet gestion de stock\\backend\\vendor\\laravel\\framework\\src\\Illuminate\\Pipeline\\Pipeline.php(137): Illuminate\\Pipeline\\Pipeline->Illuminate\\Pipeline\\{closure}(Object(Illuminate\\Http\\Request))
#7 C:\\Users\\Miguel\\Desktop\\Applikcation Octobre\\Projet gestion de stock\\backend\\vendor\\laravel\\framework\\src\\Illuminate\\Routing\\Router.php(821): Illuminate\\Pipeline\\Pipeline->then(Object(Closure))
#8 C:\\Users\\Miguel\\Desktop\\Applikcation Octobre\\Projet gestion de stock\\backend\\vendor\\laravel\\framework\\src\\Illuminate\\Routing\\Router.php(800): Illuminate\\Routing\\Router->runRouteWithinStack(Object(Illuminate\\Routing\\Route), Object(Illuminate\\Http\\Request))
#9 C:\\Users\\Miguel\\Desktop\\Applikcation Octobre\\Projet gestion de stock\\backend\\vendor\\laravel\\framework\\src\\Illuminate\\Routing\\Router.php(764): Illuminate\\Routing\\Router->runRoute(Object(Illuminate\\Http\\Request), Object(Illuminate\\Routing\\Route))
#10 C:\\Users\\Miguel\\Desktop\\Applikcation Octobre\\Projet gestion de stock\\backend\\vendor\\laravel\\framework\\src\\Illuminate\\Routing\\Router.php(753): Illuminate\\Routing\\Router->dispatchToRoute(Object(Illuminate\\Http\\Request))
#11 C:\\Users\\Miguel\\Desktop\\Applikcation Octobre\\Projet gestion de stock\\backend\\vendor\\laravel\\framework\\src\\Illuminate\\Foundation\\Http\\Kernel.php(200): Illuminate\\Routing\\Router->dispatch(Object(Illuminate\\Http\\Request))
#12 C:\\Users\\Miguel\\Desktop\\Applikcation Octobre\\Projet gestion de stock\\backend\\vendor\\laravel\\framework\\src\\Illuminate\\Pipeline\\Pipeline.php(180): Illuminate\\Foundation\\Http\\Kernel->Illuminate\\Foundation\\Http\\{closure}(Object(Illuminate\\Http\\Request))
#13 C:\\Users\\Miguel\\Desktop\\Applikcation Octobre\\Projet gestion de stock\\backend\\vendor\\laravel\\framework\\src\\Illuminate\\Foundation\\Http\\Middleware\\TransformsRequest.php(21): Illuminate\\Pipeline\\Pipeline->Illuminate\\Pipeline\\{closure}(Object(Illuminate\\Http\\Request))
#14 C:\\Users\\Miguel\\Desktop\\Applikcation Octobre\\Projet gestion de stock\\backend\\vendor\\laravel\\framework\\src\\Illuminate\\Foundation\\Http\\Middleware\\ConvertEmptyStringsToNull.php(31): Illuminate\\Foundation\\Http\\Middleware\\TransformsRequest->handle(Object(Illuminate\\Http\\Request), Object(Closure))
#15 C:\\Users\\Miguel\\Desktop\\Applikcation Octobre\\Projet gestion de stock\\backend\\vendor\\laravel\\framework\\src\\Illuminate\\Pipeline\\Pipeline.php(219): Illuminate\\Foundation\\Http\\Middleware\\ConvertEmptyStringsToNull->handle(Object(Illuminate\\Http\\Request), Object(Closure))
#16 C:\\Users\\Miguel\\Desktop\\Applikcation Octobre\\Projet gestion de stock\\backend\\vendor\\laravel\\framework\\src\\Illuminate\\Foundation\\Http\\Middleware\\TransformsRequest.php(21): Illuminate\\Pipeline\\Pipeline->Illuminate\\Pipeline\\{closure}(Object(Illuminate\\Http\\Request))
#17 C:\\Users\\Miguel\\Desktop\\Applikcation Octobre\\Projet gestion de stock\\backend\\vendor\\laravel\\framework\\src\\Illuminate\\Foundation\\Http\\Middleware\\TrimStrings.php(51): Illuminate\\Foundation\\Http\\Middleware\\TransformsRequest->handle(Object(Illuminate\\Http\\Request), Object(Closure))
#18 C:\\Users\\Miguel\\Desktop\\Applikcation Octobre\\Projet gestion de stock\\backend\\vendor\\laravel\\framework\\src\\Illuminate\\Pipeline\\Pipeline.php(219): Illuminate\\Foundation\\Http\\Middleware\\TrimStrings->handle(Object(Illuminate\\Http\\Request), Object(Closure))
#19 C:\\Users\\Miguel\\Desktop\\Applikcation Octobre\\Projet gestion de stock\\backend\\vendor\\laravel\\framework\\src\\Illuminate\\Http\\Middleware\\ValidatePostSize.php(27): Illuminate\\Pipeline\\Pipeline->Illuminate\\Pipeline\\{closure}(Object(Illuminate\\Http\\Request))
#20 C:\\Users\\Miguel\\Desktop\\Applikcation Octobre\\Projet gestion de stock\\backend\\vendor\\laravel\\framework\\src\\Illuminate\\Pipeline\\Pipeline.php(219): Illuminate\\Http\\Middleware\\ValidatePostSize->handle(Object(Illuminate\\Http\\Request), Object(Closure))
#21 C:\\Users\\Miguel\\Desktop\\Applikcation Octobre\\Projet gestion de stock\\backend\\vendor\\laravel\\framework\\src\\Illuminate\\Http\\Middleware\\HandleCors.php(61): Illuminate\\Pipeline\\Pipeline->Illuminate\\Pipeline\\{closure}(Object(Illuminate\\Http\\Request))
#22 C:\\Users\\Miguel\\Desktop\\Applikcation Octobre\\Projet gestion de stock\\backend\\vendor\\laravel\\framework\\src\\Illuminate\\Pipeline\\Pipeline.php(219): Illuminate\\Http\\Middleware\\HandleCors->handle(Object(Illuminate\\Http\\Request), Object(Closure))
#23 C:\\Users\\Miguel\\Desktop\\Applikcation Octobre\\Projet gestion de stock\\backend\\vendor\\laravel\\framework\\src\\Illuminate\\Http\\Middleware\\TrustProxies.php(58): Illuminate\\Pipeline\\Pipeline->Illuminate\\Pipeline\\{closure}(Object(Illuminate\\Http\\Request))
#24 C:\\Users\\Miguel\\Desktop\\Applikcation Octobre\\Projet gestion de stock\\backend\\vendor\\laravel\\framework\\src\\Illuminate\\Pipeline\\Pipeline.php(219): Illuminate\\Http\\Middleware\\TrustProxies->handle(Object(Illuminate\\Http\\Request), Object(Closure))
#25 C:\\Users\\Miguel\\Desktop\\Applikcation Octobre\\Projet gestion de stock\\backend\\vendor\\laravel\\framework\\src\\Illuminate\\Pipeline\\Pipeline.php(137): Illuminate\\Pipeline\\Pipeline->Illuminate\\Pipeline\\{closure}(Object(Illuminate\\Http\\Request))
#26 C:\\Users\\Miguel\\Desktop\\Applikcation Octobre\\Projet gestion de stock\\backend\\vendor\\laravel\\framework\\src\\Illuminate\\Foundation\\Http\\Kernel.php(175): Illuminate\\Pipeline\\Pipeline->then(Object(Closure))
#27 C:\\Users\\Miguel\\Desktop\\Applikcation Octobre\\Projet gestion de stock\\backend\\vendor\\laravel\\framework\\src\\Illuminate\\Foundation\\Http\\Kernel.php(144): Illuminate\\Foundation\\Http\\Kernel->sendRequestThroughRouter(Object(Illuminate\\Http\\Request))
#28 C:\\Users\\Miguel\\Desktop\\Applikcation Octobre\\Projet gestion de stock\\backend\\public\\index.php(51): Illuminate\\Foundation\\Http\\Kernel->handle(Object(Illuminate\\Http\\Request))
#29 C:\\Users\\Miguel\\Desktop\\Applikcation Octobre\\Projet gestion de stock\\backend\\vendor\\laravel\\framework\\src\\Illuminate\\Foundation\\resources\\server.php(23): require_once('C:\\\\Users\\\\Miguel...')
#30 {main}
"} 
[2025-11-11 15:47:54] local.ERROR: Target class [cors] does not exist. {"exception":"[object] (Illuminate\\Contracts\\Container\\BindingResolutionException(code: 0): Target class [cors] does not exist. at C:\\Users\\Miguel\\Desktop\\Applikcation Octobre\\Projet gestion de stock\\backend\\vendor\\laravel\\framework\\src\\Illuminate\\Container\\Container.php:1163)
[stacktrace]
#0 C:\\Users\\Miguel\\Desktop\\Applikcation Octobre\\Projet gestion de stock\\backend\\vendor\\laravel\\framework\\src\\Illuminate\\Container\\Container.php(972): Illuminate\\Container\\Container->build('cors')
#1 C:\\Users\\Miguel\\Desktop\\Applikcation Octobre\\Projet gestion de stock\\backend\\vendor\\laravel\\framework\\src\\Illuminate\\Foundation\\Application.php(1078): Illuminate\\Container\\Container->resolve('cors', Array, true)
#2 C:\\Users\\Miguel\\Desktop\\Applikcation Octobre\\Projet gestion de stock\\backend\\vendor\\laravel\\framework\\src\\Illuminate\\Container\\Container.php(903): Illuminate\\Foundation\\Application->resolve('cors', Array)
#3 C:\\Users\\Miguel\\Desktop\\Applikcation Octobre\\Projet gestion de stock\\backend\\vendor\\laravel\\framework\\src\\Illuminate\\Foundation\\Application.php(1058): Illuminate\\Container\\Container->make('cors', Array)
#4 C:\\Users\\Miguel\\Desktop\\Applikcation Octobre\\Projet gestion de stock\\backend\\vendor\\laravel\\framework\\src\\Illuminate\\Foundation\\Http\\Kernel.php(257): Illuminate\\Foundation\\Application->make('cors')
#5 C:\\Users\\Miguel\\Desktop\\Applikcation Octobre\\Projet gestion de stock\\backend\\vendor\\laravel\\framework\\src\\Illuminate\\Foundation\\Http\\Kernel.php(215): Illuminate\\Foundation\\Http\\Kernel->terminateMiddleware(Object(Illuminate\\Http\\Request), Object(Illuminate\\Http\\JsonResponse))
#6 C:\\Users\\Miguel\\Desktop\\Applikcation Octobre\\Projet gestion de stock\\backend\\public\\index.php(55): Illuminate\\Foundation\\Http\\Kernel->terminate(Object(Illuminate\\Http\\Request), Object(Illuminate\\Http\\JsonResponse))
#7 C:\\Users\\Miguel\\Desktop\\Applikcation Octobre\\Projet gestion de stock\\backend\\vendor\\laravel\\framework\\src\\Illuminate\\Foundation\\resources\\server.php(23): require_once('C:\\\\Users\\\\Miguel...')
#8 {main}

[previous exception] [object] (ReflectionException(code: -1): Class \"cors\" does not exist at C:\\Users\\Miguel\\Desktop\\Applikcation Octobre\\Projet gestion de stock\\backend\\vendor\\laravel\\framework\\src\\Illuminate\\Container\\Container.php:1161)
[stacktrace]
#0 C:\\Users\\Miguel\\Desktop\\Applikcation Octobre\\Projet gestion de stock\\backend\\vendor\\laravel\\framework\\src\\Illuminate\\Container\\Container.php(1161): ReflectionClass->__construct('cors')
#1 C:\\Users\\Miguel\\Desktop\\Applikcation Octobre\\Projet gestion de stock\\backend\\vendor\\laravel\\framework\\src\\Illuminate\\Container\\Container.php(972): Illuminate\\Container\\Container->build('cors')
#2 C:\\Users\\Miguel\\Desktop\\Applikcation Octobre\\Projet gestion de stock\\backend\\vendor\\laravel\\framework\\src\\Illuminate\\Foundation\\Application.php(1078): Illuminate\\Container\\Container->resolve('cors', Array, true)
#3 C:\\Users\\Miguel\\Desktop\\Applikcation Octobre\\Projet gestion de stock\\backend\\vendor\\laravel\\framework\\src\\Illuminate\\Container\\Container.php(903): Illuminate\\Foundation\\Application->resolve('cors', Array)
#4 C:\\Users\\Miguel\\Desktop\\Applikcation Octobre\\Projet gestion de stock\\backend\\vendor\\laravel\\framework\\src\\Illuminate\\Foundation\\Application.php(1058): Illuminate\\Container\\Container->make('cors', Array)
#5 C:\\Users\\Miguel\\Desktop\\Applikcation Octobre\\Projet gestion de stock\\backend\\vendor\\laravel\\framework\\src\\Illuminate\\Foundation\\Http\\Kernel.php(257): Illuminate\\Foundation\\Application->make('cors')
#6 C:\\Users\\Miguel\\Desktop\\Applikcation Octobre\\Projet gestion de stock\\backend\\vendor\\laravel\\framework\\src\\Illuminate\\Foundation\\Http\\Kernel.php(215): Illuminate\\Foundation\\Http\\Kernel->terminateMiddleware(Object(Illuminate\\Http\\Request), Object(Illuminate\\Http\\JsonResponse))
#7 C:\\Users\\Miguel\\Desktop\\Applikcation Octobre\\Projet gestion de stock\\backend\\public\\index.php(55): Illuminate\\Foundation\\Http\\Kernel->terminate(Object(Illuminate\\Http\\Request), Object(Illuminate\\Http\\JsonResponse))
#8 C:\\Users\\Miguel\\Desktop\\Applikcation Octobre\\Projet gestion de stock\\backend\\vendor\\laravel\\framework\\src\\Illuminate\\Foundation\\resources\\server.php(23): require_once('C:\\\\Users\\\\Miguel...')
#9 {main}
"} 
[2025-11-11 15:51:16] local.ERROR: Target class [cors] does not exist. {"exception":"[object] (Illuminate\\Contracts\\Container\\BindingResolutionException(code: 0): Target class [cors] does not exist. at C:\\Users\\Miguel\\Desktop\\Applikcation Octobre\\Projet gestion de stock\\backend\\vendor\\laravel\\framework\\src\\Illuminate\\Container\\Container.php:1163)
[stacktrace]
#0 C:\\Users\\Miguel\\Desktop\\Applikcation Octobre\\Projet gestion de stock\\backend\\vendor\\laravel\\framework\\src\\Illuminate\\Container\\Container.php(972): Illuminate\\Container\\Container->build('cors')
#1 C:\\Users\\Miguel\\Desktop\\Applikcation Octobre\\Projet gestion de stock\\backend\\vendor\\laravel\\framework\\src\\Illuminate\\Foundation\\Application.php(1078): Illuminate\\Container\\Container->resolve('cors', Array, true)
#2 C:\\Users\\Miguel\\Desktop\\Applikcation Octobre\\Projet gestion de stock\\backend\\vendor\\laravel\\framework\\src\\Illuminate\\Container\\Container.php(903): Illuminate\\Foundation\\Application->resolve('cors', Array)
#3 C:\\Users\\Miguel\\Desktop\\Applikcation Octobre\\Projet gestion de stock\\backend\\vendor\\laravel\\framework\\src\\Illuminate\\Foundation\\Application.php(1058): Illuminate\\Container\\Container->make('cors', Array)
#4 C:\\Users\\Miguel\\Desktop\\Applikcation Octobre\\Projet gestion de stock\\backend\\vendor\\laravel\\framework\\src\\Illuminate\\Pipeline\\Pipeline.php(208): Illuminate\\Foundation\\Application->make('cors')
#5 C:\\Users\\Miguel\\Desktop\\Applikcation Octobre\\Projet gestion de stock\\backend\\vendor\\laravel\\framework\\src\\Illuminate\\Pipeline\\Pipeline.php(137): Illuminate\\Pipeline\\Pipeline->Illuminate\\Pipeline\\{closure}(Object(Illuminate\\Http\\Request))
#6 C:\\Users\\Miguel\\Desktop\\Applikcation Octobre\\Projet gestion de stock\\backend\\vendor\\laravel\\framework\\src\\Illuminate\\Routing\\Router.php(821): Illuminate\\Pipeline\\Pipeline->then(Object(Closure))
#7 C:\\Users\\Miguel\\Desktop\\Applikcation Octobre\\Projet gestion de stock\\backend\\vendor\\laravel\\framework\\src\\Illuminate\\Routing\\Router.php(800): Illuminate\\Routing\\Router->runRouteWithinStack(Object(Illuminate\\Routing\\Route), Object(Illuminate\\Http\\Request))
#8 C:\\Users\\Miguel\\Desktop\\Applikcation Octobre\\Projet gestion de stock\\backend\\vendor\\laravel\\framework\\src\\Illuminate\\Routing\\Router.php(764): Illuminate\\Routing\\Router->runRoute(Object(Illuminate\\Http\\Request), Object(Illuminate\\Routing\\Route))
#9 C:\\Users\\Miguel\\Desktop\\Applikcation Octobre\\Projet gestion de stock\\backend\\vendor\\laravel\\framework\\src\\Illuminate\\Routing\\Router.php(753): Illuminate\\Routing\\Router->dispatchToRoute(Object(Illuminate\\Http\\Request))
#10 C:\\Users\\Miguel\\Desktop\\Applikcation Octobre\\Projet gestion de stock\\backend\\vendor\\laravel\\framework\\src\\Illuminate\\Foundation\\Http\\Kernel.php(200): Illuminate\\Routing\\Router->dispatch(Object(Illuminate\\Http\\Request))
#11 C:\\Users\\Miguel\\Desktop\\Applikcation Octobre\\Projet gestion de stock\\backend\\vendor\\laravel\\framework\\src\\Illuminate\\Pipeline\\Pipeline.php(180): Illuminate\\Foundation\\Http\\Kernel->Illuminate\\Foundation\\Http\\{closure}(Object(Illuminate\\Http\\Request))
#12 C:\\Users\\Miguel\\Desktop\\Applikcation Octobre\\Projet gestion de stock\\backend\\vendor\\laravel\\framework\\src\\Illuminate\\Foundation\\Http\\Middleware\\TransformsRequest.php(21): Illuminate\\Pipeline\\Pipeline->Illuminate\\Pipeline\\{closure}(Object(Illuminate\\Http\\Request))
#13 C:\\Users\\Miguel\\Desktop\\Applikcation Octobre\\Projet gestion de stock\\backend\\vendor\\laravel\\framework\\src\\Illuminate\\Foundation\\Http\\Middleware\\ConvertEmptyStringsToNull.php(31): Illuminate\\Foundation\\Http\\Middleware\\TransformsRequest->handle(Object(Illuminate\\Http\\Request), Object(Closure))
#14 C:\\Users\\Miguel\\Desktop\\Applikcation Octobre\\Projet gestion de stock\\backend\\vendor\\laravel\\framework\\src\\Illuminate\\Pipeline\\Pipeline.php(219): Illuminate\\Foundation\\Http\\Middleware\\ConvertEmptyStringsToNull->handle(Object(Illuminate\\Http\\Request), Object(Closure))
#15 C:\\Users\\Miguel\\Desktop\\Applikcation Octobre\\Projet gestion de stock\\backend\\vendor\\laravel\\framework\\src\\Illuminate\\Foundation\\Http\\Middleware\\TransformsRequest.php(21): Illuminate\\Pipeline\\Pipeline->Illuminate\\Pipeline\\{closure}(Object(Illuminate\\Http\\Request))
#16 C:\\Users\\Miguel\\Desktop\\Applikcation Octobre\\Projet gestion de stock\\backend\\vendor\\laravel\\framework\\src\\Illuminate\\Foundation\\Http\\Middleware\\TrimStrings.php(51): Illuminate\\Foundation\\Http\\Middleware\\TransformsRequest->handle(Object(Illuminate\\Http\\Request), Object(Closure))
#17 C:\\Users\\Miguel\\Desktop\\Applikcation Octobre\\Projet gestion de stock\\backend\\vendor\\laravel\\framework\\src\\Illuminate\\Pipeline\\Pipeline.php(219): Illuminate\\Foundation\\Http\\Middleware\\TrimStrings->handle(Object(Illuminate\\Http\\Request), Object(Closure))
#18 C:\\Users\\Miguel\\Desktop\\Applikcation Octobre\\Projet gestion de stock\\backend\\vendor\\laravel\\framework\\src\\Illuminate\\Http\\Middleware\\ValidatePostSize.php(27): Illuminate\\Pipeline\\Pipeline->Illuminate\\Pipeline\\{closure}(Object(Illuminate\\Http\\Request))
#19 C:\\Users\\Miguel\\Desktop\\Applikcation Octobre\\Projet gestion de stock\\backend\\vendor\\laravel\\framework\\src\\Illuminate\\Pipeline\\Pipeline.php(219): Illuminate\\Http\\Middleware\\ValidatePostSize->handle(Object(Illuminate\\Http\\Request), Object(Closure))
#20 C:\\Users\\Miguel\\Desktop\\Applikcation Octobre\\Projet gestion de stock\\backend\\vendor\\laravel\\framework\\src\\Illuminate\\Http\\Middleware\\HandleCors.php(61): Illuminate\\Pipeline\\Pipeline->Illuminate\\Pipeline\\{closure}(Object(Illuminate\\Http\\Request))
#21 C:\\Users\\Miguel\\Desktop\\Applikcation Octobre\\Projet gestion de stock\\backend\\vendor\\laravel\\framework\\src\\Illuminate\\Pipeline\\Pipeline.php(219): Illuminate\\Http\\Middleware\\HandleCors->handle(Object(Illuminate\\Http\\Request), Object(Closure))
#22 C:\\Users\\Miguel\\Desktop\\Applikcation Octobre\\Projet gestion de stock\\backend\\vendor\\laravel\\framework\\src\\Illuminate\\Http\\Middleware\\TrustProxies.php(58): Illuminate\\Pipeline\\Pipeline->Illuminate\\Pipeline\\{closure}(Object(Illuminate\\Http\\Request))
#23 C:\\Users\\Miguel\\Desktop\\Applikcation Octobre\\Projet gestion de stock\\backend\\vendor\\laravel\\framework\\src\\Illuminate\\Pipeline\\Pipeline.php(219): Illuminate\\Http\\Middleware\\TrustProxies->handle(Object(Illuminate\\Http\\Request), Object(Closure))
#24 C:\\Users\\Miguel\\Desktop\\Applikcation Octobre\\Projet gestion de stock\\backend\\vendor\\laravel\\framework\\src\\Illuminate\\Pipeline\\Pipeline.php(137): Illuminate\\Pipeline\\Pipeline->Illuminate\\Pipeline\\{closure}(Object(Illuminate\\Http\\Request))
#25 C:\\Users\\Miguel\\Desktop\\Applikcation Octobre\\Projet gestion de stock\\backend\\vendor\\laravel\\framework\\src\\Illuminate\\Foundation\\Http\\Kernel.php(175): Illuminate\\Pipeline\\Pipeline->then(Object(Closure))
#26 C:\\Users\\Miguel\\Desktop\\Applikcation Octobre\\Projet gestion de stock\\backend\\vendor\\laravel\\framework\\src\\Illuminate\\Foundation\\Http\\Kernel.php(144): Illuminate\\Foundation\\Http\\Kernel->sendRequestThroughRouter(Object(Illuminate\\Http\\Request))
#27 C:\\Users\\Miguel\\Desktop\\Applikcation Octobre\\Projet gestion de stock\\backend\\public\\index.php(51): Illuminate\\Foundation\\Http\\Kernel->handle(Object(Illuminate\\Http\\Request))
#28 C:\\Users\\Miguel\\Desktop\\Applikcation Octobre\\Projet gestion de stock\\backend\\vendor\\laravel\\framework\\src\\Illuminate\\Foundation\\resources\\server.php(23): require_once('C:\\\\Users\\\\Miguel...')
#29 {main}

[previous exception] [object] (ReflectionException(code: -1): Class \"cors\" does not exist at C:\\Users\\Miguel\\Desktop\\Applikcation Octobre\\Projet gestion de stock\\backend\\vendor\\laravel\\framework\\src\\Illuminate\\Container\\Container.php:1161)
[stacktrace]
#0 C:\\Users\\Miguel\\Desktop\\Applikcation Octobre\\Projet gestion de stock\\backend\\vendor\\laravel\\framework\\src\\Illuminate\\Container\\Container.php(1161): ReflectionClass->__construct('cors')
#1 C:\\Users\\Miguel\\Desktop\\Applikcation Octobre\\Projet gestion de stock\\backend\\vendor\\laravel\\framework\\src\\Illuminate\\Container\\Container.php(972): Illuminate\\Container\\Container->build('cors')
#2 C:\\Users\\Miguel\\Desktop\\Applikcation Octobre\\Projet gestion de stock\\backend\\vendor\\laravel\\framework\\src\\Illuminate\\Foundation\\Application.php(1078): Illuminate\\Container\\Container->resolve('cors', Array, true)
#3 C:\\Users\\Miguel\\Desktop\\Applikcation Octobre\\Projet gestion de stock\\backend\\vendor\\laravel\\framework\\src\\Illuminate\\Container\\Container.php(903): Illuminate\\Foundation\\Application->resolve('cors', Array)
#4 C:\\Users\\Miguel\\Desktop\\Applikcation Octobre\\Projet gestion de stock\\backend\\vendor\\laravel\\framework\\src\\Illuminate\\Foundation\\Application.php(1058): Illuminate\\Container\\Container->make('cors', Array)
#5 C:\\Users\\Miguel\\Desktop\\Applikcation Octobre\\Projet gestion de stock\\backend\\vendor\\laravel\\framework\\src\\Illuminate\\Pipeline\\Pipeline.php(208): Illuminate\\Foundation\\Application->make('cors')
#6 C:\\Users\\Miguel\\Desktop\\Applikcation Octobre\\Projet gestion de stock\\backend\\vendor\\laravel\\framework\\src\\Illuminate\\Pipeline\\Pipeline.php(137): Illuminate\\Pipeline\\Pipeline->Illuminate\\Pipeline\\{closure}(Object(Illuminate\\Http\\Request))
#7 C:\\Users\\Miguel\\Desktop\\Applikcation Octobre\\Projet gestion de stock\\backend\\vendor\\laravel\\framework\\src\\Illuminate\\Routing\\Router.php(821): Illuminate\\Pipeline\\Pipeline->then(Object(Closure))
#8 C:\\Users\\Miguel\\Desktop\\Applikcation Octobre\\Projet gestion de stock\\backend\\vendor\\laravel\\framework\\src\\Illuminate\\Routing\\Router.php(800): Illuminate\\Routing\\Router->runRouteWithinStack(Object(Illuminate\\Routing\\Route), Object(Illuminate\\Http\\Request))
#9 C:\\Users\\Miguel\\Desktop\\Applikcation Octobre\\Projet gestion de stock\\backend\\vendor\\laravel\\framework\\src\\Illuminate\\Routing\\Router.php(764): Illuminate\\Routing\\Router->runRoute(Object(Illuminate\\Http\\Request), Object(Illuminate\\Routing\\Route))
#10 C:\\Users\\Miguel\\Desktop\\Applikcation Octobre\\Projet gestion de stock\\backend\\vendor\\laravel\\framework\\src\\Illuminate\\Routing\\Router.php(753): Illuminate\\Routing\\Router->dispatchToRoute(Object(Illuminate\\Http\\Request))
#11 C:\\Users\\Miguel\\Desktop\\Applikcation Octobre\\Projet gestion de stock\\backend\\vendor\\laravel\\framework\\src\\Illuminate\\Foundation\\Http\\Kernel.php(200): Illuminate\\Routing\\Router->dispatch(Object(Illuminate\\Http\\Request))
#12 C:\\Users\\Miguel\\Desktop\\Applikcation Octobre\\Projet gestion de stock\\backend\\vendor\\laravel\\framework\\src\\Illuminate\\Pipeline\\Pipeline.php(180): Illuminate\\Foundation\\Http\\Kernel->Illuminate\\Foundation\\Http\\{closure}(Object(Illuminate\\Http\\Request))
#13 C:\\Users\\Miguel\\Desktop\\Applikcation Octobre\\Projet gestion de stock\\backend\\vendor\\laravel\\framework\\src\\Illuminate\\Foundation\\Http\\Middleware\\TransformsRequest.php(21): Illuminate\\Pipeline\\Pipeline->Illuminate\\Pipeline\\{closure}(Object(Illuminate\\Http\\Request))
#14 C:\\Users\\Miguel\\Desktop\\Applikcation Octobre\\Projet gestion de stock\\backend\\vendor\\laravel\\framework\\src\\Illuminate\\Foundation\\Http\\Middleware\\ConvertEmptyStringsToNull.php(31): Illuminate\\Foundation\\Http\\Middleware\\TransformsRequest->handle(Object(Illuminate\\Http\\Request), Object(Closure))
#15 C:\\Users\\Miguel\\Desktop\\Applikcation Octobre\\Projet gestion de stock\\backend\\vendor\\laravel\\framework\\src\\Illuminate\\Pipeline\\Pipeline.php(219): Illuminate\\Foundation\\Http\\Middleware\\ConvertEmptyStringsToNull->handle(Object(Illuminate\\Http\\Request), Object(Closure))
#16 C:\\Users\\Miguel\\Desktop\\Applikcation Octobre\\Projet gestion de stock\\backend\\vendor\\laravel\\framework\\src\\Illuminate\\Foundation\\Http\\Middleware\\TransformsRequest.php(21): Illuminate\\Pipeline\\Pipeline->Illuminate\\Pipeline\\{closure}(Object(Illuminate\\Http\\Request))
#17 C:\\Users\\Miguel\\Desktop\\Applikcation Octobre\\Projet gestion de stock\\backend\\vendor\\laravel\\framework\\src\\Illuminate\\Foundation\\Http\\Middleware\\TrimStrings.php(51): Illuminate\\Foundation\\Http\\Middleware\\TransformsRequest->handle(Object(Illuminate\\Http\\Request), Object(Closure))
#18 C:\\Users\\Miguel\\Desktop\\Applikcation Octobre\\Projet gestion de stock\\backend\\vendor\\laravel\\framework\\src\\Illuminate\\Pipeline\\Pipeline.php(219): Illuminate\\Foundation\\Http\\Middleware\\TrimStrings->handle(Object(Illuminate\\Http\\Request), Object(Closure))
#19 C:\\Users\\Miguel\\Desktop\\Applikcation Octobre\\Projet gestion de stock\\backend\\vendor\\laravel\\framework\\src\\Illuminate\\Http\\Middleware\\ValidatePostSize.php(27): Illuminate\\Pipeline\\Pipeline->Illuminate\\Pipeline\\{closure}(Object(Illuminate\\Http\\Request))
#20 C:\\Users\\Miguel\\Desktop\\Applikcation Octobre\\Projet gestion de stock\\backend\\vendor\\laravel\\framework\\src\\Illuminate\\Pipeline\\Pipeline.php(219): Illuminate\\Http\\Middleware\\ValidatePostSize->handle(Object(Illuminate\\Http\\Request), Object(Closure))
#21 C:\\Users\\Miguel\\Desktop\\Applikcation Octobre\\Projet gestion de stock\\backend\\vendor\\laravel\\framework\\src\\Illuminate\\Http\\Middleware\\HandleCors.php(61): Illuminate\\Pipeline\\Pipeline->Illuminate\\Pipeline\\{closure}(Object(Illuminate\\Http\\Request))
#22 C:\\Users\\Miguel\\Desktop\\Applikcation Octobre\\Projet gestion de stock\\backend\\vendor\\laravel\\framework\\src\\Illuminate\\Pipeline\\Pipeline.php(219): Illuminate\\Http\\Middleware\\HandleCors->handle(Object(Illuminate\\Http\\Request), Object(Closure))
#23 C:\\Users\\Miguel\\Desktop\\Applikcation Octobre\\Projet gestion de stock\\backend\\vendor\\laravel\\framework\\src\\Illuminate\\Http\\Middleware\\TrustProxies.php(58): Illuminate\\Pipeline\\Pipeline->Illuminate\\Pipeline\\{closure}(Object(Illuminate\\Http\\Request))
#24 C:\\Users\\Miguel\\Desktop\\Applikcation Octobre\\Projet gestion de stock\\backend\\vendor\\laravel\\framework\\src\\Illuminate\\Pipeline\\Pipeline.php(219): Illuminate\\Http\\Middleware\\TrustProxies->handle(Object(Illuminate\\Http\\Request), Object(Closure))
#25 C:\\Users\\Miguel\\Desktop\\Applikcation Octobre\\Projet gestion de stock\\backend\\vendor\\laravel\\framework\\src\\Illuminate\\Pipeline\\Pipeline.php(137): Illuminate\\Pipeline\\Pipeline->Illuminate\\Pipeline\\{closure}(Object(Illuminate\\Http\\Request))
#26 C:\\Users\\Miguel\\Desktop\\Applikcation Octobre\\Projet gestion de stock\\backend\\vendor\\laravel\\framework\\src\\Illuminate\\Foundation\\Http\\Kernel.php(175): Illuminate\\Pipeline\\Pipeline->then(Object(Closure))
#27 C:\\Users\\Miguel\\Desktop\\Applikcation Octobre\\Projet gestion de stock\\backend\\vendor\\laravel\\framework\\src\\Illuminate\\Foundation\\Http\\Kernel.php(144): Illuminate\\Foundation\\Http\\Kernel->sendRequestThroughRouter(Object(Illuminate\\Http\\Request))
#28 C:\\Users\\Miguel\\Desktop\\Applikcation Octobre\\Projet gestion de stock\\backend\\public\\index.php(51): Illuminate\\Foundation\\Http\\Kernel->handle(Object(Illuminate\\Http\\Request))
#29 C:\\Users\\Miguel\\Desktop\\Applikcation Octobre\\Projet gestion de stock\\backend\\vendor\\laravel\\framework\\src\\Illuminate\\Foundation\\resources\\server.php(23): require_once('C:\\\\Users\\\\Miguel...')
#30 {main}
"} 
[2025-11-11 15:51:17] local.ERROR: Target class [cors] does not exist. {"exception":"[object] (Illuminate\\Contracts\\Container\\BindingResolutionException(code: 0): Target class [cors] does not exist. at C:\\Users\\Miguel\\Desktop\\Applikcation Octobre\\Projet gestion de stock\\backend\\vendor\\laravel\\framework\\src\\Illuminate\\Container\\Container.php:1163)
[stacktrace]
#0 C:\\Users\\Miguel\\Desktop\\Applikcation Octobre\\Projet gestion de stock\\backend\\vendor\\laravel\\framework\\src\\Illuminate\\Container\\Container.php(972): Illuminate\\Container\\Container->build('cors')
#1 C:\\Users\\Miguel\\Desktop\\Applikcation Octobre\\Projet gestion de stock\\backend\\vendor\\laravel\\framework\\src\\Illuminate\\Foundation\\Application.php(1078): Illuminate\\Container\\Container->resolve('cors', Array, true)
#2 C:\\Users\\Miguel\\Desktop\\Applikcation Octobre\\Projet gestion de stock\\backend\\vendor\\laravel\\framework\\src\\Illuminate\\Container\\Container.php(903): Illuminate\\Foundation\\Application->resolve('cors', Array)
#3 C:\\Users\\Miguel\\Desktop\\Applikcation Octobre\\Projet gestion de stock\\backend\\vendor\\laravel\\framework\\src\\Illuminate\\Foundation\\Application.php(1058): Illuminate\\Container\\Container->make('cors', Array)
#4 C:\\Users\\Miguel\\Desktop\\Applikcation Octobre\\Projet gestion de stock\\backend\\vendor\\laravel\\framework\\src\\Illuminate\\Foundation\\Http\\Kernel.php(257): Illuminate\\Foundation\\Application->make('cors')
#5 C:\\Users\\Miguel\\Desktop\\Applikcation Octobre\\Projet gestion de stock\\backend\\vendor\\laravel\\framework\\src\\Illuminate\\Foundation\\Http\\Kernel.php(215): Illuminate\\Foundation\\Http\\Kernel->terminateMiddleware(Object(Illuminate\\Http\\Request), Object(Illuminate\\Http\\Response))
#6 C:\\Users\\Miguel\\Desktop\\Applikcation Octobre\\Projet gestion de stock\\backend\\public\\index.php(55): Illuminate\\Foundation\\Http\\Kernel->terminate(Object(Illuminate\\Http\\Request), Object(Illuminate\\Http\\Response))
#7 C:\\Users\\Miguel\\Desktop\\Applikcation Octobre\\Projet gestion de stock\\backend\\vendor\\laravel\\framework\\src\\Illuminate\\Foundation\\resources\\server.php(23): require_once('C:\\\\Users\\\\Miguel...')
#8 {main}

[previous exception] [object] (ReflectionException(code: -1): Class \"cors\" does not exist at C:\\Users\\Miguel\\Desktop\\Applikcation Octobre\\Projet gestion de stock\\backend\\vendor\\laravel\\framework\\src\\Illuminate\\Container\\Container.php:1161)
[stacktrace]
#0 C:\\Users\\Miguel\\Desktop\\Applikcation Octobre\\Projet gestion de stock\\backend\\vendor\\laravel\\framework\\src\\Illuminate\\Container\\Container.php(1161): ReflectionClass->__construct('cors')
#1 C:\\Users\\Miguel\\Desktop\\Applikcation Octobre\\Projet gestion de stock\\backend\\vendor\\laravel\\framework\\src\\Illuminate\\Container\\Container.php(972): Illuminate\\Container\\Container->build('cors')
#2 C:\\Users\\Miguel\\Desktop\\Applikcation Octobre\\Projet gestion de stock\\backend\\vendor\\laravel\\framework\\src\\Illuminate\\Foundation\\Application.php(1078): Illuminate\\Container\\Container->resolve('cors', Array, true)
#3 C:\\Users\\Miguel\\Desktop\\Applikcation Octobre\\Projet gestion de stock\\backend\\vendor\\laravel\\framework\\src\\Illuminate\\Container\\Container.php(903): Illuminate\\Foundation\\Application->resolve('cors', Array)
#4 C:\\Users\\Miguel\\Desktop\\Applikcation Octobre\\Projet gestion de stock\\backend\\vendor\\laravel\\framework\\src\\Illuminate\\Foundation\\Application.php(1058): Illuminate\\Container\\Container->make('cors', Array)
#5 C:\\Users\\Miguel\\Desktop\\Applikcation Octobre\\Projet gestion de stock\\backend\\vendor\\laravel\\framework\\src\\Illuminate\\Foundation\\Http\\Kernel.php(257): Illuminate\\Foundation\\Application->make('cors')
#6 C:\\Users\\Miguel\\Desktop\\Applikcation Octobre\\Projet gestion de stock\\backend\\vendor\\laravel\\framework\\src\\Illuminate\\Foundation\\Http\\Kernel.php(215): Illuminate\\Foundation\\Http\\Kernel->terminateMiddleware(Object(Illuminate\\Http\\Request), Object(Illuminate\\Http\\Response))
#7 C:\\Users\\Miguel\\Desktop\\Applikcation Octobre\\Projet gestion de stock\\backend\\public\\index.php(55): Illuminate\\Foundation\\Http\\Kernel->terminate(Object(Illuminate\\Http\\Request), Object(Illuminate\\Http\\Response))
#8 C:\\Users\\Miguel\\Desktop\\Applikcation Octobre\\Projet gestion de stock\\backend\\vendor\\laravel\\framework\\src\\Illuminate\\Foundation\\resources\\server.php(23): require_once('C:\\\\Users\\\\Miguel...')
#9 {main}
"} 
[2025-11-11 15:51:24] local.ERROR: Target class [cors] does not exist. {"exception":"[object] (Illuminate\\Contracts\\Container\\BindingResolutionException(code: 0): Target class [cors] does not exist. at C:\\Users\\Miguel\\Desktop\\Applikcation Octobre\\Projet gestion de stock\\backend\\vendor\\laravel\\framework\\src\\Illuminate\\Container\\Container.php:1163)
[stacktrace]
#0 C:\\Users\\Miguel\\Desktop\\Applikcation Octobre\\Projet gestion de stock\\backend\\vendor\\laravel\\framework\\src\\Illuminate\\Container\\Container.php(972): Illuminate\\Container\\Container->build('cors')
#1 C:\\Users\\Miguel\\Desktop\\Applikcation Octobre\\Projet gestion de stock\\backend\\vendor\\laravel\\framework\\src\\Illuminate\\Foundation\\Application.php(1078): Illuminate\\Container\\Container->resolve('cors', Array, true)
#2 C:\\Users\\Miguel\\Desktop\\Applikcation Octobre\\Projet gestion de stock\\backend\\vendor\\laravel\\framework\\src\\Illuminate\\Container\\Container.php(903): Illuminate\\Foundation\\Application->resolve('cors', Array)
#3 C:\\Users\\Miguel\\Desktop\\Applikcation Octobre\\Projet gestion de stock\\backend\\vendor\\laravel\\framework\\src\\Illuminate\\Foundation\\Application.php(1058): Illuminate\\Container\\Container->make('cors', Array)
#4 C:\\Users\\Miguel\\Desktop\\Applikcation Octobre\\Projet gestion de stock\\backend\\vendor\\laravel\\framework\\src\\Illuminate\\Pipeline\\Pipeline.php(208): Illuminate\\Foundation\\Application->make('cors')
#5 C:\\Users\\Miguel\\Desktop\\Applikcation Octobre\\Projet gestion de stock\\backend\\vendor\\laravel\\framework\\src\\Illuminate\\Pipeline\\Pipeline.php(137): Illuminate\\Pipeline\\Pipeline->Illuminate\\Pipeline\\{closure}(Object(Illuminate\\Http\\Request))
#6 C:\\Users\\Miguel\\Desktop\\Applikcation Octobre\\Projet gestion de stock\\backend\\vendor\\laravel\\framework\\src\\Illuminate\\Routing\\Router.php(821): Illuminate\\Pipeline\\Pipeline->then(Object(Closure))
#7 C:\\Users\\Miguel\\Desktop\\Applikcation Octobre\\Projet gestion de stock\\backend\\vendor\\laravel\\framework\\src\\Illuminate\\Routing\\Router.php(800): Illuminate\\Routing\\Router->runRouteWithinStack(Object(Illuminate\\Routing\\Route), Object(Illuminate\\Http\\Request))
#8 C:\\Users\\Miguel\\Desktop\\Applikcation Octobre\\Projet gestion de stock\\backend\\vendor\\laravel\\framework\\src\\Illuminate\\Routing\\Router.php(764): Illuminate\\Routing\\Router->runRoute(Object(Illuminate\\Http\\Request), Object(Illuminate\\Routing\\Route))
#9 C:\\Users\\Miguel\\Desktop\\Applikcation Octobre\\Projet gestion de stock\\backend\\vendor\\laravel\\framework\\src\\Illuminate\\Routing\\Router.php(753): Illuminate\\Routing\\Router->dispatchToRoute(Object(Illuminate\\Http\\Request))
#10 C:\\Users\\Miguel\\Desktop\\Applikcation Octobre\\Projet gestion de stock\\backend\\vendor\\laravel\\framework\\src\\Illuminate\\Foundation\\Http\\Kernel.php(200): Illuminate\\Routing\\Router->dispatch(Object(Illuminate\\Http\\Request))
#11 C:\\Users\\Miguel\\Desktop\\Applikcation Octobre\\Projet gestion de stock\\backend\\vendor\\laravel\\framework\\src\\Illuminate\\Pipeline\\Pipeline.php(180): Illuminate\\Foundation\\Http\\Kernel->Illuminate\\Foundation\\Http\\{closure}(Object(Illuminate\\Http\\Request))
#12 C:\\Users\\Miguel\\Desktop\\Applikcation Octobre\\Projet gestion de stock\\backend\\vendor\\laravel\\framework\\src\\Illuminate\\Foundation\\Http\\Middleware\\TransformsRequest.php(21): Illuminate\\Pipeline\\Pipeline->Illuminate\\Pipeline\\{closure}(Object(Illuminate\\Http\\Request))
#13 C:\\Users\\Miguel\\Desktop\\Applikcation Octobre\\Projet gestion de stock\\backend\\vendor\\laravel\\framework\\src\\Illuminate\\Foundation\\Http\\Middleware\\ConvertEmptyStringsToNull.php(31): Illuminate\\Foundation\\Http\\Middleware\\TransformsRequest->handle(Object(Illuminate\\Http\\Request), Object(Closure))
#14 C:\\Users\\Miguel\\Desktop\\Applikcation Octobre\\Projet gestion de stock\\backend\\vendor\\laravel\\framework\\src\\Illuminate\\Pipeline\\Pipeline.php(219): Illuminate\\Foundation\\Http\\Middleware\\ConvertEmptyStringsToNull->handle(Object(Illuminate\\Http\\Request), Object(Closure))
#15 C:\\Users\\Miguel\\Desktop\\Applikcation Octobre\\Projet gestion de stock\\backend\\vendor\\laravel\\framework\\src\\Illuminate\\Foundation\\Http\\Middleware\\TransformsRequest.php(21): Illuminate\\Pipeline\\Pipeline->Illuminate\\Pipeline\\{closure}(Object(Illuminate\\Http\\Request))
#16 C:\\Users\\Miguel\\Desktop\\Applikcation Octobre\\Projet gestion de stock\\backend\\vendor\\laravel\\framework\\src\\Illuminate\\Foundation\\Http\\Middleware\\TrimStrings.php(51): Illuminate\\Foundation\\Http\\Middleware\\TransformsRequest->handle(Object(Illuminate\\Http\\Request), Object(Closure))
#17 C:\\Users\\Miguel\\Desktop\\Applikcation Octobre\\Projet gestion de stock\\backend\\vendor\\laravel\\framework\\src\\Illuminate\\Pipeline\\Pipeline.php(219): Illuminate\\Foundation\\Http\\Middleware\\TrimStrings->handle(Object(Illuminate\\Http\\Request), Object(Closure))
#18 C:\\Users\\Miguel\\Desktop\\Applikcation Octobre\\Projet gestion de stock\\backend\\vendor\\laravel\\framework\\src\\Illuminate\\Http\\Middleware\\ValidatePostSize.php(27): Illuminate\\Pipeline\\Pipeline->Illuminate\\Pipeline\\{closure}(Object(Illuminate\\Http\\Request))
#19 C:\\Users\\Miguel\\Desktop\\Applikcation Octobre\\Projet gestion de stock\\backend\\vendor\\laravel\\framework\\src\\Illuminate\\Pipeline\\Pipeline.php(219): Illuminate\\Http\\Middleware\\ValidatePostSize->handle(Object(Illuminate\\Http\\Request), Object(Closure))
#20 C:\\Users\\Miguel\\Desktop\\Applikcation Octobre\\Projet gestion de stock\\backend\\vendor\\laravel\\framework\\src\\Illuminate\\Http\\Middleware\\HandleCors.php(61): Illuminate\\Pipeline\\Pipeline->Illuminate\\Pipeline\\{closure}(Object(Illuminate\\Http\\Request))
#21 C:\\Users\\Miguel\\Desktop\\Applikcation Octobre\\Projet gestion de stock\\backend\\vendor\\laravel\\framework\\src\\Illuminate\\Pipeline\\Pipeline.php(219): Illuminate\\Http\\Middleware\\HandleCors->handle(Object(Illuminate\\Http\\Request), Object(Closure))
#22 C:\\Users\\Miguel\\Desktop\\Applikcation Octobre\\Projet gestion de stock\\backend\\vendor\\laravel\\framework\\src\\Illuminate\\Http\\Middleware\\TrustProxies.php(58): Illuminate\\Pipeline\\Pipeline->Illuminate\\Pipeline\\{closure}(Object(Illuminate\\Http\\Request))
#23 C:\\Users\\Miguel\\Desktop\\Applikcation Octobre\\Projet gestion de stock\\backend\\vendor\\laravel\\framework\\src\\Illuminate\\Pipeline\\Pipeline.php(219): Illuminate\\Http\\Middleware\\TrustProxies->handle(Object(Illuminate\\Http\\Request), Object(Closure))
#24 C:\\Users\\Miguel\\Desktop\\Applikcation Octobre\\Projet gestion de stock\\backend\\vendor\\laravel\\framework\\src\\Illuminate\\Pipeline\\Pipeline.php(137): Illuminate\\Pipeline\\Pipeline->Illuminate\\Pipeline\\{closure}(Object(Illuminate\\Http\\Request))
#25 C:\\Users\\Miguel\\Desktop\\Applikcation Octobre\\Projet gestion de stock\\backend\\vendor\\laravel\\framework\\src\\Illuminate\\Foundation\\Http\\Kernel.php(175): Illuminate\\Pipeline\\Pipeline->then(Object(Closure))
#26 C:\\Users\\Miguel\\Desktop\\Applikcation Octobre\\Projet gestion de stock\\backend\\vendor\\laravel\\framework\\src\\Illuminate\\Foundation\\Http\\Kernel.php(144): Illuminate\\Foundation\\Http\\Kernel->sendRequestThroughRouter(Object(Illuminate\\Http\\Request))
#27 C:\\Users\\Miguel\\Desktop\\Applikcation Octobre\\Projet gestion de stock\\backend\\public\\index.php(51): Illuminate\\Foundation\\Http\\Kernel->handle(Object(Illuminate\\Http\\Request))
#28 C:\\Users\\Miguel\\Desktop\\Applikcation Octobre\\Projet gestion de stock\\backend\\vendor\\laravel\\framework\\src\\Illuminate\\Foundation\\resources\\server.php(23): require_once('C:\\\\Users\\\\Miguel...')
#29 {main}

[previous exception] [object] (ReflectionException(code: -1): Class \"cors\" does not exist at C:\\Users\\Miguel\\Desktop\\Applikcation Octobre\\Projet gestion de stock\\backend\\vendor\\laravel\\framework\\src\\Illuminate\\Container\\Container.php:1161)
[stacktrace]
#0 C:\\Users\\Miguel\\Desktop\\Applikcation Octobre\\Projet gestion de stock\\backend\\vendor\\laravel\\framework\\src\\Illuminate\\Container\\Container.php(1161): ReflectionClass->__construct('cors')
#1 C:\\Users\\Miguel\\Desktop\\Applikcation Octobre\\Projet gestion de stock\\backend\\vendor\\laravel\\framework\\src\\Illuminate\\Container\\Container.php(972): Illuminate\\Container\\Container->build('cors')
#2 C:\\Users\\Miguel\\Desktop\\Applikcation Octobre\\Projet gestion de stock\\backend\\vendor\\laravel\\framework\\src\\Illuminate\\Foundation\\Application.php(1078): Illuminate\\Container\\Container->resolve('cors', Array, true)
#3 C:\\Users\\Miguel\\Desktop\\Applikcation Octobre\\Projet gestion de stock\\backend\\vendor\\laravel\\framework\\src\\Illuminate\\Container\\Container.php(903): Illuminate\\Foundation\\Application->resolve('cors', Array)
#4 C:\\Users\\Miguel\\Desktop\\Applikcation Octobre\\Projet gestion de stock\\backend\\vendor\\laravel\\framework\\src\\Illuminate\\Foundation\\Application.php(1058): Illuminate\\Container\\Container->make('cors', Array)
#5 C:\\Users\\Miguel\\Desktop\\Applikcation Octobre\\Projet gestion de stock\\backend\\vendor\\laravel\\framework\\src\\Illuminate\\Pipeline\\Pipeline.php(208): Illuminate\\Foundation\\Application->make('cors')
#6 C:\\Users\\Miguel\\Desktop\\Applikcation Octobre\\Projet gestion de stock\\backend\\vendor\\laravel\\framework\\src\\Illuminate\\Pipeline\\Pipeline.php(137): Illuminate\\Pipeline\\Pipeline->Illuminate\\Pipeline\\{closure}(Object(Illuminate\\Http\\Request))
#7 C:\\Users\\Miguel\\Desktop\\Applikcation Octobre\\Projet gestion de stock\\backend\\vendor\\laravel\\framework\\src\\Illuminate\\Routing\\Router.php(821): Illuminate\\Pipeline\\Pipeline->then(Object(Closure))
#8 C:\\Users\\Miguel\\Desktop\\Applikcation Octobre\\Projet gestion de stock\\backend\\vendor\\laravel\\framework\\src\\Illuminate\\Routing\\Router.php(800): Illuminate\\Routing\\Router->runRouteWithinStack(Object(Illuminate\\Routing\\Route), Object(Illuminate\\Http\\Request))
#9 C:\\Users\\Miguel\\Desktop\\Applikcation Octobre\\Projet gestion de stock\\backend\\vendor\\laravel\\framework\\src\\Illuminate\\Routing\\Router.php(764): Illuminate\\Routing\\Router->runRoute(Object(Illuminate\\Http\\Request), Object(Illuminate\\Routing\\Route))
#10 C:\\Users\\Miguel\\Desktop\\Applikcation Octobre\\Projet gestion de stock\\backend\\vendor\\laravel\\framework\\src\\Illuminate\\Routing\\Router.php(753): Illuminate\\Routing\\Router->dispatchToRoute(Object(Illuminate\\Http\\Request))
#11 C:\\Users\\Miguel\\Desktop\\Applikcation Octobre\\Projet gestion de stock\\backend\\vendor\\laravel\\framework\\src\\Illuminate\\Foundation\\Http\\Kernel.php(200): Illuminate\\Routing\\Router->dispatch(Object(Illuminate\\Http\\Request))
#12 C:\\Users\\Miguel\\Desktop\\Applikcation Octobre\\Projet gestion de stock\\backend\\vendor\\laravel\\framework\\src\\Illuminate\\Pipeline\\Pipeline.php(180): Illuminate\\Foundation\\Http\\Kernel->Illuminate\\Foundation\\Http\\{closure}(Object(Illuminate\\Http\\Request))
#13 C:\\Users\\Miguel\\Desktop\\Applikcation Octobre\\Projet gestion de stock\\backend\\vendor\\laravel\\framework\\src\\Illuminate\\Foundation\\Http\\Middleware\\TransformsRequest.php(21): Illuminate\\Pipeline\\Pipeline->Illuminate\\Pipeline\\{closure}(Object(Illuminate\\Http\\Request))
#14 C:\\Users\\Miguel\\Desktop\\Applikcation Octobre\\Projet gestion de stock\\backend\\vendor\\laravel\\framework\\src\\Illuminate\\Foundation\\Http\\Middleware\\ConvertEmptyStringsToNull.php(31): Illuminate\\Foundation\\Http\\Middleware\\TransformsRequest->handle(Object(Illuminate\\Http\\Request), Object(Closure))
#15 C:\\Users\\Miguel\\Desktop\\Applikcation Octobre\\Projet gestion de stock\\backend\\vendor\\laravel\\framework\\src\\Illuminate\\Pipeline\\Pipeline.php(219): Illuminate\\Foundation\\Http\\Middleware\\ConvertEmptyStringsToNull->handle(Object(Illuminate\\Http\\Request), Object(Closure))
#16 C:\\Users\\Miguel\\Desktop\\Applikcation Octobre\\Projet gestion de stock\\backend\\vendor\\laravel\\framework\\src\\Illuminate\\Foundation\\Http\\Middleware\\TransformsRequest.php(21): Illuminate\\Pipeline\\Pipeline->Illuminate\\Pipeline\\{closure}(Object(Illuminate\\Http\\Request))
#17 C:\\Users\\Miguel\\Desktop\\Applikcation Octobre\\Projet gestion de stock\\backend\\vendor\\laravel\\framework\\src\\Illuminate\\Foundation\\Http\\Middleware\\TrimStrings.php(51): Illuminate\\Foundation\\Http\\Middleware\\TransformsRequest->handle(Object(Illuminate\\Http\\Request), Object(Closure))
#18 C:\\Users\\Miguel\\Desktop\\Applikcation Octobre\\Projet gestion de stock\\backend\\vendor\\laravel\\framework\\src\\Illuminate\\Pipeline\\Pipeline.php(219): Illuminate\\Foundation\\Http\\Middleware\\TrimStrings->handle(Object(Illuminate\\Http\\Request), Object(Closure))
#19 C:\\Users\\Miguel\\Desktop\\Applikcation Octobre\\Projet gestion de stock\\backend\\vendor\\laravel\\framework\\src\\Illuminate\\Http\\Middleware\\ValidatePostSize.php(27): Illuminate\\Pipeline\\Pipeline->Illuminate\\Pipeline\\{closure}(Object(Illuminate\\Http\\Request))
#20 C:\\Users\\Miguel\\Desktop\\Applikcation Octobre\\Projet gestion de stock\\backend\\vendor\\laravel\\framework\\src\\Illuminate\\Pipeline\\Pipeline.php(219): Illuminate\\Http\\Middleware\\ValidatePostSize->handle(Object(Illuminate\\Http\\Request), Object(Closure))
#21 C:\\Users\\Miguel\\Desktop\\Applikcation Octobre\\Projet gestion de stock\\backend\\vendor\\laravel\\framework\\src\\Illuminate\\Http\\Middleware\\HandleCors.php(61): Illuminate\\Pipeline\\Pipeline->Illuminate\\Pipeline\\{closure}(Object(Illuminate\\Http\\Request))
#22 C:\\Users\\Miguel\\Desktop\\Applikcation Octobre\\Projet gestion de stock\\backend\\vendor\\laravel\\framework\\src\\Illuminate\\Pipeline\\Pipeline.php(219): Illuminate\\Http\\Middleware\\HandleCors->handle(Object(Illuminate\\Http\\Request), Object(Closure))
#23 C:\\Users\\Miguel\\Desktop\\Applikcation Octobre\\Projet gestion de stock\\backend\\vendor\\laravel\\framework\\src\\Illuminate\\Http\\Middleware\\TrustProxies.php(58): Illuminate\\Pipeline\\Pipeline->Illuminate\\Pipeline\\{closure}(Object(Illuminate\\Http\\Request))
#24 C:\\Users\\Miguel\\Desktop\\Applikcation Octobre\\Projet gestion de stock\\backend\\vendor\\laravel\\framework\\src\\Illuminate\\Pipeline\\Pipeline.php(219): Illuminate\\Http\\Middleware\\TrustProxies->handle(Object(Illuminate\\Http\\Request), Object(Closure))
#25 C:\\Users\\Miguel\\Desktop\\Applikcation Octobre\\Projet gestion de stock\\backend\\vendor\\laravel\\framework\\src\\Illuminate\\Pipeline\\Pipeline.php(137): Illuminate\\Pipeline\\Pipeline->Illuminate\\Pipeline\\{closure}(Object(Illuminate\\Http\\Request))
#26 C:\\Users\\Miguel\\Desktop\\Applikcation Octobre\\Projet gestion de stock\\backend\\vendor\\laravel\\framework\\src\\Illuminate\\Foundation\\Http\\Kernel.php(175): Illuminate\\Pipeline\\Pipeline->then(Object(Closure))
#27 C:\\Users\\Miguel\\Desktop\\Applikcation Octobre\\Projet gestion de stock\\backend\\vendor\\laravel\\framework\\src\\Illuminate\\Foundation\\Http\\Kernel.php(144): Illuminate\\Foundation\\Http\\Kernel->sendRequestThroughRouter(Object(Illuminate\\Http\\Request))
#28 C:\\Users\\Miguel\\Desktop\\Applikcation Octobre\\Projet gestion de stock\\backend\\public\\index.php(51): Illuminate\\Foundation\\Http\\Kernel->handle(Object(Illuminate\\Http\\Request))
#29 C:\\Users\\Miguel\\Desktop\\Applikcation Octobre\\Projet gestion de stock\\backend\\vendor\\laravel\\framework\\src\\Illuminate\\Foundation\\resources\\server.php(23): require_once('C:\\\\Users\\\\Miguel...')
#30 {main}
"} 
[2025-11-11 15:51:24] local.ERROR: Target class [cors] does not exist. {"exception":"[object] (Illuminate\\Contracts\\Container\\BindingResolutionException(code: 0): Target class [cors] does not exist. at C:\\Users\\Miguel\\Desktop\\Applikcation Octobre\\Projet gestion de stock\\backend\\vendor\\laravel\\framework\\src\\Illuminate\\Container\\Container.php:1163)
[stacktrace]
#0 C:\\Users\\Miguel\\Desktop\\Applikcation Octobre\\Projet gestion de stock\\backend\\vendor\\laravel\\framework\\src\\Illuminate\\Container\\Container.php(972): Illuminate\\Container\\Container->build('cors')
#1 C:\\Users\\Miguel\\Desktop\\Applikcation Octobre\\Projet gestion de stock\\backend\\vendor\\laravel\\framework\\src\\Illuminate\\Foundation\\Application.php(1078): Illuminate\\Container\\Container->resolve('cors', Array, true)
#2 C:\\Users\\Miguel\\Desktop\\Applikcation Octobre\\Projet gestion de stock\\backend\\vendor\\laravel\\framework\\src\\Illuminate\\Container\\Container.php(903): Illuminate\\Foundation\\Application->resolve('cors', Array)
#3 C:\\Users\\Miguel\\Desktop\\Applikcation Octobre\\Projet gestion de stock\\backend\\vendor\\laravel\\framework\\src\\Illuminate\\Foundation\\Application.php(1058): Illuminate\\Container\\Container->make('cors', Array)
#4 C:\\Users\\Miguel\\Desktop\\Applikcation Octobre\\Projet gestion de stock\\backend\\vendor\\laravel\\framework\\src\\Illuminate\\Foundation\\Http\\Kernel.php(257): Illuminate\\Foundation\\Application->make('cors')
#5 C:\\Users\\Miguel\\Desktop\\Applikcation Octobre\\Projet gestion de stock\\backend\\vendor\\laravel\\framework\\src\\Illuminate\\Foundation\\Http\\Kernel.php(215): Illuminate\\Foundation\\Http\\Kernel->terminateMiddleware(Object(Illuminate\\Http\\Request), Object(Illuminate\\Http\\Response))
#6 C:\\Users\\Miguel\\Desktop\\Applikcation Octobre\\Projet gestion de stock\\backend\\public\\index.php(55): Illuminate\\Foundation\\Http\\Kernel->terminate(Object(Illuminate\\Http\\Request), Object(Illuminate\\Http\\Response))
#7 C:\\Users\\Miguel\\Desktop\\Applikcation Octobre\\Projet gestion de stock\\backend\\vendor\\laravel\\framework\\src\\Illuminate\\Foundation\\resources\\server.php(23): require_once('C:\\\\Users\\\\Miguel...')
#8 {main}

[previous exception] [object] (ReflectionException(code: -1): Class \"cors\" does not exist at C:\\Users\\Miguel\\Desktop\\Applikcation Octobre\\Projet gestion de stock\\backend\\vendor\\laravel\\framework\\src\\Illuminate\\Container\\Container.php:1161)
[stacktrace]
#0 C:\\Users\\Miguel\\Desktop\\Applikcation Octobre\\Projet gestion de stock\\backend\\vendor\\laravel\\framework\\src\\Illuminate\\Container\\Container.php(1161): ReflectionClass->__construct('cors')
#1 C:\\Users\\Miguel\\Desktop\\Applikcation Octobre\\Projet gestion de stock\\backend\\vendor\\laravel\\framework\\src\\Illuminate\\Container\\Container.php(972): Illuminate\\Container\\Container->build('cors')
#2 C:\\Users\\Miguel\\Desktop\\Applikcation Octobre\\Projet gestion de stock\\backend\\vendor\\laravel\\framework\\src\\Illuminate\\Foundation\\Application.php(1078): Illuminate\\Container\\Container->resolve('cors', Array, true)
#3 C:\\Users\\Miguel\\Desktop\\Applikcation Octobre\\Projet gestion de stock\\backend\\vendor\\laravel\\framework\\src\\Illuminate\\Container\\Container.php(903): Illuminate\\Foundation\\Application->resolve('cors', Array)
#4 C:\\Users\\Miguel\\Desktop\\Applikcation Octobre\\Projet gestion de stock\\backend\\vendor\\laravel\\framework\\src\\Illuminate\\Foundation\\Application.php(1058): Illuminate\\Container\\Container->make('cors', Array)
#5 C:\\Users\\Miguel\\Desktop\\Applikcation Octobre\\Projet gestion de stock\\backend\\vendor\\laravel\\framework\\src\\Illuminate\\Foundation\\Http\\Kernel.php(257): Illuminate\\Foundation\\Application->make('cors')
#6 C:\\Users\\Miguel\\Desktop\\Applikcation Octobre\\Projet gestion de stock\\backend\\vendor\\laravel\\framework\\src\\Illuminate\\Foundation\\Http\\Kernel.php(215): Illuminate\\Foundation\\Http\\Kernel->terminateMiddleware(Object(Illuminate\\Http\\Request), Object(Illuminate\\Http\\Response))
#7 C:\\Users\\Miguel\\Desktop\\Applikcation Octobre\\Projet gestion de stock\\backend\\public\\index.php(55): Illuminate\\Foundation\\Http\\Kernel->terminate(Object(Illuminate\\Http\\Request), Object(Illuminate\\Http\\Response))
#8 C:\\Users\\Miguel\\Desktop\\Applikcation Octobre\\Projet gestion de stock\\backend\\vendor\\laravel\\framework\\src\\Illuminate\\Foundation\\resources\\server.php(23): require_once('C:\\\\Users\\\\Miguel...')
#9 {main}
"} 
[2025-11-11 15:51:58] local.ERROR: Target class [cors] does not exist. {"exception":"[object] (Illuminate\\Contracts\\Container\\BindingResolutionException(code: 0): Target class [cors] does not exist. at C:\\Users\\Miguel\\Desktop\\Applikcation Octobre\\Projet gestion de stock\\backend\\vendor\\laravel\\framework\\src\\Illuminate\\Container\\Container.php:1163)
[stacktrace]
#0 C:\\Users\\Miguel\\Desktop\\Applikcation Octobre\\Projet gestion de stock\\backend\\vendor\\laravel\\framework\\src\\Illuminate\\Container\\Container.php(972): Illuminate\\Container\\Container->build('cors')
#1 C:\\Users\\Miguel\\Desktop\\Applikcation Octobre\\Projet gestion de stock\\backend\\vendor\\laravel\\framework\\src\\Illuminate\\Foundation\\Application.php(1078): Illuminate\\Container\\Container->resolve('cors', Array, true)
#2 C:\\Users\\Miguel\\Desktop\\Applikcation Octobre\\Projet gestion de stock\\backend\\vendor\\laravel\\framework\\src\\Illuminate\\Container\\Container.php(903): Illuminate\\Foundation\\Application->resolve('cors', Array)
#3 C:\\Users\\Miguel\\Desktop\\Applikcation Octobre\\Projet gestion de stock\\backend\\vendor\\laravel\\framework\\src\\Illuminate\\Foundation\\Application.php(1058): Illuminate\\Container\\Container->make('cors', Array)
#4 C:\\Users\\Miguel\\Desktop\\Applikcation Octobre\\Projet gestion de stock\\backend\\vendor\\laravel\\framework\\src\\Illuminate\\Pipeline\\Pipeline.php(208): Illuminate\\Foundation\\Application->make('cors')
#5 C:\\Users\\Miguel\\Desktop\\Applikcation Octobre\\Projet gestion de stock\\backend\\vendor\\laravel\\framework\\src\\Illuminate\\Pipeline\\Pipeline.php(137): Illuminate\\Pipeline\\Pipeline->Illuminate\\Pipeline\\{closure}(Object(Illuminate\\Http\\Request))
#6 C:\\Users\\Miguel\\Desktop\\Applikcation Octobre\\Projet gestion de stock\\backend\\vendor\\laravel\\framework\\src\\Illuminate\\Routing\\Router.php(821): Illuminate\\Pipeline\\Pipeline->then(Object(Closure))
#7 C:\\Users\\Miguel\\Desktop\\Applikcation Octobre\\Projet gestion de stock\\backend\\vendor\\laravel\\framework\\src\\Illuminate\\Routing\\Router.php(800): Illuminate\\Routing\\Router->runRouteWithinStack(Object(Illuminate\\Routing\\Route), Object(Illuminate\\Http\\Request))
#8 C:\\Users\\Miguel\\Desktop\\Applikcation Octobre\\Projet gestion de stock\\backend\\vendor\\laravel\\framework\\src\\Illuminate\\Routing\\Router.php(764): Illuminate\\Routing\\Router->runRoute(Object(Illuminate\\Http\\Request), Object(Illuminate\\Routing\\Route))
#9 C:\\Users\\Miguel\\Desktop\\Applikcation Octobre\\Projet gestion de stock\\backend\\vendor\\laravel\\framework\\src\\Illuminate\\Routing\\Router.php(753): Illuminate\\Routing\\Router->dispatchToRoute(Object(Illuminate\\Http\\Request))
#10 C:\\Users\\Miguel\\Desktop\\Applikcation Octobre\\Projet gestion de stock\\backend\\vendor\\laravel\\framework\\src\\Illuminate\\Foundation\\Http\\Kernel.php(200): Illuminate\\Routing\\Router->dispatch(Object(Illuminate\\Http\\Request))
#11 C:\\Users\\Miguel\\Desktop\\Applikcation Octobre\\Projet gestion de stock\\backend\\vendor\\laravel\\framework\\src\\Illuminate\\Pipeline\\Pipeline.php(180): Illuminate\\Foundation\\Http\\Kernel->Illuminate\\Foundation\\Http\\{closure}(Object(Illuminate\\Http\\Request))
#12 C:\\Users\\Miguel\\Desktop\\Applikcation Octobre\\Projet gestion de stock\\backend\\vendor\\laravel\\framework\\src\\Illuminate\\Foundation\\Http\\Middleware\\TransformsRequest.php(21): Illuminate\\Pipeline\\Pipeline->Illuminate\\Pipeline\\{closure}(Object(Illuminate\\Http\\Request))
#13 C:\\Users\\Miguel\\Desktop\\Applikcation Octobre\\Projet gestion de stock\\backend\\vendor\\laravel\\framework\\src\\Illuminate\\Foundation\\Http\\Middleware\\ConvertEmptyStringsToNull.php(31): Illuminate\\Foundation\\Http\\Middleware\\TransformsRequest->handle(Object(Illuminate\\Http\\Request), Object(Closure))
#14 C:\\Users\\Miguel\\Desktop\\Applikcation Octobre\\Projet gestion de stock\\backend\\vendor\\laravel\\framework\\src\\Illuminate\\Pipeline\\Pipeline.php(219): Illuminate\\Foundation\\Http\\Middleware\\ConvertEmptyStringsToNull->handle(Object(Illuminate\\Http\\Request), Object(Closure))
#15 C:\\Users\\Miguel\\Desktop\\Applikcation Octobre\\Projet gestion de stock\\backend\\vendor\\laravel\\framework\\src\\Illuminate\\Foundation\\Http\\Middleware\\TransformsRequest.php(21): Illuminate\\Pipeline\\Pipeline->Illuminate\\Pipeline\\{closure}(Object(Illuminate\\Http\\Request))
#16 C:\\Users\\Miguel\\Desktop\\Applikcation Octobre\\Projet gestion de stock\\backend\\vendor\\laravel\\framework\\src\\Illuminate\\Foundation\\Http\\Middleware\\TrimStrings.php(51): Illuminate\\Foundation\\Http\\Middleware\\TransformsRequest->handle(Object(Illuminate\\Http\\Request), Object(Closure))
#17 C:\\Users\\Miguel\\Desktop\\Applikcation Octobre\\Projet gestion de stock\\backend\\vendor\\laravel\\framework\\src\\Illuminate\\Pipeline\\Pipeline.php(219): Illuminate\\Foundation\\Http\\Middleware\\TrimStrings->handle(Object(Illuminate\\Http\\Request), Object(Closure))
#18 C:\\Users\\Miguel\\Desktop\\Applikcation Octobre\\Projet gestion de stock\\backend\\vendor\\laravel\\framework\\src\\Illuminate\\Http\\Middleware\\ValidatePostSize.php(27): Illuminate\\Pipeline\\Pipeline->Illuminate\\Pipeline\\{closure}(Object(Illuminate\\Http\\Request))
#19 C:\\Users\\Miguel\\Desktop\\Applikcation Octobre\\Projet gestion de stock\\backend\\vendor\\laravel\\framework\\src\\Illuminate\\Pipeline\\Pipeline.php(219): Illuminate\\Http\\Middleware\\ValidatePostSize->handle(Object(Illuminate\\Http\\Request), Object(Closure))
#20 C:\\Users\\Miguel\\Desktop\\Applikcation Octobre\\Projet gestion de stock\\backend\\vendor\\laravel\\framework\\src\\Illuminate\\Http\\Middleware\\HandleCors.php(61): Illuminate\\Pipeline\\Pipeline->Illuminate\\Pipeline\\{closure}(Object(Illuminate\\Http\\Request))
#21 C:\\Users\\Miguel\\Desktop\\Applikcation Octobre\\Projet gestion de stock\\backend\\vendor\\laravel\\framework\\src\\Illuminate\\Pipeline\\Pipeline.php(219): Illuminate\\Http\\Middleware\\HandleCors->handle(Object(Illuminate\\Http\\Request), Object(Closure))
#22 C:\\Users\\Miguel\\Desktop\\Applikcation Octobre\\Projet gestion de stock\\backend\\vendor\\laravel\\framework\\src\\Illuminate\\Http\\Middleware\\TrustProxies.php(58): Illuminate\\Pipeline\\Pipeline->Illuminate\\Pipeline\\{closure}(Object(Illuminate\\Http\\Request))
#23 C:\\Users\\Miguel\\Desktop\\Applikcation Octobre\\Projet gestion de stock\\backend\\vendor\\laravel\\framework\\src\\Illuminate\\Pipeline\\Pipeline.php(219): Illuminate\\Http\\Middleware\\TrustProxies->handle(Object(Illuminate\\Http\\Request), Object(Closure))
#24 C:\\Users\\Miguel\\Desktop\\Applikcation Octobre\\Projet gestion de stock\\backend\\vendor\\laravel\\framework\\src\\Illuminate\\Pipeline\\Pipeline.php(137): Illuminate\\Pipeline\\Pipeline->Illuminate\\Pipeline\\{closure}(Object(Illuminate\\Http\\Request))
#25 C:\\Users\\Miguel\\Desktop\\Applikcation Octobre\\Projet gestion de stock\\backend\\vendor\\laravel\\framework\\src\\Illuminate\\Foundation\\Http\\Kernel.php(175): Illuminate\\Pipeline\\Pipeline->then(Object(Closure))
#26 C:\\Users\\Miguel\\Desktop\\Applikcation Octobre\\Projet gestion de stock\\backend\\vendor\\laravel\\framework\\src\\Illuminate\\Foundation\\Http\\Kernel.php(144): Illuminate\\Foundation\\Http\\Kernel->sendRequestThroughRouter(Object(Illuminate\\Http\\Request))
#27 C:\\Users\\Miguel\\Desktop\\Applikcation Octobre\\Projet gestion de stock\\backend\\public\\index.php(51): Illuminate\\Foundation\\Http\\Kernel->handle(Object(Illuminate\\Http\\Request))
#28 C:\\Users\\Miguel\\Desktop\\Applikcation Octobre\\Projet gestion de stock\\backend\\vendor\\laravel\\framework\\src\\Illuminate\\Foundation\\resources\\server.php(23): require_once('C:\\\\Users\\\\Miguel...')
#29 {main}

[previous exception] [object] (ReflectionException(code: -1): Class \"cors\" does not exist at C:\\Users\\Miguel\\Desktop\\Applikcation Octobre\\Projet gestion de stock\\backend\\vendor\\laravel\\framework\\src\\Illuminate\\Container\\Container.php:1161)
[stacktrace]
#0 C:\\Users\\Miguel\\Desktop\\Applikcation Octobre\\Projet gestion de stock\\backend\\vendor\\laravel\\framework\\src\\Illuminate\\Container\\Container.php(1161): ReflectionClass->__construct('cors')
#1 C:\\Users\\Miguel\\Desktop\\Applikcation Octobre\\Projet gestion de stock\\backend\\vendor\\laravel\\framework\\src\\Illuminate\\Container\\Container.php(972): Illuminate\\Container\\Container->build('cors')
#2 C:\\Users\\Miguel\\Desktop\\Applikcation Octobre\\Projet gestion de stock\\backend\\vendor\\laravel\\framework\\src\\Illuminate\\Foundation\\Application.php(1078): Illuminate\\Container\\Container->resolve('cors', Array, true)
#3 C:\\Users\\Miguel\\Desktop\\Applikcation Octobre\\Projet gestion de stock\\backend\\vendor\\laravel\\framework\\src\\Illuminate\\Container\\Container.php(903): Illuminate\\Foundation\\Application->resolve('cors', Array)
#4 C:\\Users\\Miguel\\Desktop\\Applikcation Octobre\\Projet gestion de stock\\backend\\vendor\\laravel\\framework\\src\\Illuminate\\Foundation\\Application.php(1058): Illuminate\\Container\\Container->make('cors', Array)
#5 C:\\Users\\Miguel\\Desktop\\Applikcation Octobre\\Projet gestion de stock\\backend\\vendor\\laravel\\framework\\src\\Illuminate\\Pipeline\\Pipeline.php(208): Illuminate\\Foundation\\Application->make('cors')
#6 C:\\Users\\Miguel\\Desktop\\Applikcation Octobre\\Projet gestion de stock\\backend\\vendor\\laravel\\framework\\src\\Illuminate\\Pipeline\\Pipeline.php(137): Illuminate\\Pipeline\\Pipeline->Illuminate\\Pipeline\\{closure}(Object(Illuminate\\Http\\Request))
#7 C:\\Users\\Miguel\\Desktop\\Applikcation Octobre\\Projet gestion de stock\\backend\\vendor\\laravel\\framework\\src\\Illuminate\\Routing\\Router.php(821): Illuminate\\Pipeline\\Pipeline->then(Object(Closure))
#8 C:\\Users\\Miguel\\Desktop\\Applikcation Octobre\\Projet gestion de stock\\backend\\vendor\\laravel\\framework\\src\\Illuminate\\Routing\\Router.php(800): Illuminate\\Routing\\Router->runRouteWithinStack(Object(Illuminate\\Routing\\Route), Object(Illuminate\\Http\\Request))
#9 C:\\Users\\Miguel\\Desktop\\Applikcation Octobre\\Projet gestion de stock\\backend\\vendor\\laravel\\framework\\src\\Illuminate\\Routing\\Router.php(764): Illuminate\\Routing\\Router->runRoute(Object(Illuminate\\Http\\Request), Object(Illuminate\\Routing\\Route))
#10 C:\\Users\\Miguel\\Desktop\\Applikcation Octobre\\Projet gestion de stock\\backend\\vendor\\laravel\\framework\\src\\Illuminate\\Routing\\Router.php(753): Illuminate\\Routing\\Router->dispatchToRoute(Object(Illuminate\\Http\\Request))
#11 C:\\Users\\Miguel\\Desktop\\Applikcation Octobre\\Projet gestion de stock\\backend\\vendor\\laravel\\framework\\src\\Illuminate\\Foundation\\Http\\Kernel.php(200): Illuminate\\Routing\\Router->dispatch(Object(Illuminate\\Http\\Request))
#12 C:\\Users\\Miguel\\Desktop\\Applikcation Octobre\\Projet gestion de stock\\backend\\vendor\\laravel\\framework\\src\\Illuminate\\Pipeline\\Pipeline.php(180): Illuminate\\Foundation\\Http\\Kernel->Illuminate\\Foundation\\Http\\{closure}(Object(Illuminate\\Http\\Request))
#13 C:\\Users\\Miguel\\Desktop\\Applikcation Octobre\\Projet gestion de stock\\backend\\vendor\\laravel\\framework\\src\\Illuminate\\Foundation\\Http\\Middleware\\TransformsRequest.php(21): Illuminate\\Pipeline\\Pipeline->Illuminate\\Pipeline\\{closure}(Object(Illuminate\\Http\\Request))
#14 C:\\Users\\Miguel\\Desktop\\Applikcation Octobre\\Projet gestion de stock\\backend\\vendor\\laravel\\framework\\src\\Illuminate\\Foundation\\Http\\Middleware\\ConvertEmptyStringsToNull.php(31): Illuminate\\Foundation\\Http\\Middleware\\TransformsRequest->handle(Object(Illuminate\\Http\\Request), Object(Closure))
#15 C:\\Users\\Miguel\\Desktop\\Applikcation Octobre\\Projet gestion de stock\\backend\\vendor\\laravel\\framework\\src\\Illuminate\\Pipeline\\Pipeline.php(219): Illuminate\\Foundation\\Http\\Middleware\\ConvertEmptyStringsToNull->handle(Object(Illuminate\\Http\\Request), Object(Closure))
#16 C:\\Users\\Miguel\\Desktop\\Applikcation Octobre\\Projet gestion de stock\\backend\\vendor\\laravel\\framework\\src\\Illuminate\\Foundation\\Http\\Middleware\\TransformsRequest.php(21): Illuminate\\Pipeline\\Pipeline->Illuminate\\Pipeline\\{closure}(Object(Illuminate\\Http\\Request))
#17 C:\\Users\\Miguel\\Desktop\\Applikcation Octobre\\Projet gestion de stock\\backend\\vendor\\laravel\\framework\\src\\Illuminate\\Foundation\\Http\\Middleware\\TrimStrings.php(51): Illuminate\\Foundation\\Http\\Middleware\\TransformsRequest->handle(Object(Illuminate\\Http\\Request), Object(Closure))
#18 C:\\Users\\Miguel\\Desktop\\Applikcation Octobre\\Projet gestion de stock\\backend\\vendor\\laravel\\framework\\src\\Illuminate\\Pipeline\\Pipeline.php(219): Illuminate\\Foundation\\Http\\Middleware\\TrimStrings->handle(Object(Illuminate\\Http\\Request), Object(Closure))
#19 C:\\Users\\Miguel\\Desktop\\Applikcation Octobre\\Projet gestion de stock\\backend\\vendor\\laravel\\framework\\src\\Illuminate\\Http\\Middleware\\ValidatePostSize.php(27): Illuminate\\Pipeline\\Pipeline->Illuminate\\Pipeline\\{closure}(Object(Illuminate\\Http\\Request))
#20 C:\\Users\\Miguel\\Desktop\\Applikcation Octobre\\Projet gestion de stock\\backend\\vendor\\laravel\\framework\\src\\Illuminate\\Pipeline\\Pipeline.php(219): Illuminate\\Http\\Middleware\\ValidatePostSize->handle(Object(Illuminate\\Http\\Request), Object(Closure))
#21 C:\\Users\\Miguel\\Desktop\\Applikcation Octobre\\Projet gestion de stock\\backend\\vendor\\laravel\\framework\\src\\Illuminate\\Http\\Middleware\\HandleCors.php(61): Illuminate\\Pipeline\\Pipeline->Illuminate\\Pipeline\\{closure}(Object(Illuminate\\Http\\Request))
#22 C:\\Users\\Miguel\\Desktop\\Applikcation Octobre\\Projet gestion de stock\\backend\\vendor\\laravel\\framework\\src\\Illuminate\\Pipeline\\Pipeline.php(219): Illuminate\\Http\\Middleware\\HandleCors->handle(Object(Illuminate\\Http\\Request), Object(Closure))
#23 C:\\Users\\Miguel\\Desktop\\Applikcation Octobre\\Projet gestion de stock\\backend\\vendor\\laravel\\framework\\src\\Illuminate\\Http\\Middleware\\TrustProxies.php(58): Illuminate\\Pipeline\\Pipeline->Illuminate\\Pipeline\\{closure}(Object(Illuminate\\Http\\Request))
#24 C:\\Users\\Miguel\\Desktop\\Applikcation Octobre\\Projet gestion de stock\\backend\\vendor\\laravel\\framework\\src\\Illuminate\\Pipeline\\Pipeline.php(219): Illuminate\\Http\\Middleware\\TrustProxies->handle(Object(Illuminate\\Http\\Request), Object(Closure))
#25 C:\\Users\\Miguel\\Desktop\\Applikcation Octobre\\Projet gestion de stock\\backend\\vendor\\laravel\\framework\\src\\Illuminate\\Pipeline\\Pipeline.php(137): Illuminate\\Pipeline\\Pipeline->Illuminate\\Pipeline\\{closure}(Object(Illuminate\\Http\\Request))
#26 C:\\Users\\Miguel\\Desktop\\Applikcation Octobre\\Projet gestion de stock\\backend\\vendor\\laravel\\framework\\src\\Illuminate\\Foundation\\Http\\Kernel.php(175): Illuminate\\Pipeline\\Pipeline->then(Object(Closure))
#27 C:\\Users\\Miguel\\Desktop\\Applikcation Octobre\\Projet gestion de stock\\backend\\vendor\\laravel\\framework\\src\\Illuminate\\Foundation\\Http\\Kernel.php(144): Illuminate\\Foundation\\Http\\Kernel->sendRequestThroughRouter(Object(Illuminate\\Http\\Request))
#28 C:\\Users\\Miguel\\Desktop\\Applikcation Octobre\\Projet gestion de stock\\backend\\public\\index.php(51): Illuminate\\Foundation\\Http\\Kernel->handle(Object(Illuminate\\Http\\Request))
#29 C:\\Users\\Miguel\\Desktop\\Applikcation Octobre\\Projet gestion de stock\\backend\\vendor\\laravel\\framework\\src\\Illuminate\\Foundation\\resources\\server.php(23): require_once('C:\\\\Users\\\\Miguel...')
#30 {main}
"} 
[2025-11-11 15:51:58] local.ERROR: Target class [cors] does not exist. {"exception":"[object] (Illuminate\\Contracts\\Container\\BindingResolutionException(code: 0): Target class [cors] does not exist. at C:\\Users\\Miguel\\Desktop\\Applikcation Octobre\\Projet gestion de stock\\backend\\vendor\\laravel\\framework\\src\\Illuminate\\Container\\Container.php:1163)
[stacktrace]
#0 C:\\Users\\Miguel\\Desktop\\Applikcation Octobre\\Projet gestion de stock\\backend\\vendor\\laravel\\framework\\src\\Illuminate\\Container\\Container.php(972): Illuminate\\Container\\Container->build('cors')
#1 C:\\Users\\Miguel\\Desktop\\Applikcation Octobre\\Projet gestion de stock\\backend\\vendor\\laravel\\framework\\src\\Illuminate\\Foundation\\Application.php(1078): Illuminate\\Container\\Container->resolve('cors', Array, true)
#2 C:\\Users\\Miguel\\Desktop\\Applikcation Octobre\\Projet gestion de stock\\backend\\vendor\\laravel\\framework\\src\\Illuminate\\Container\\Container.php(903): Illuminate\\Foundation\\Application->resolve('cors', Array)
#3 C:\\Users\\Miguel\\Desktop\\Applikcation Octobre\\Projet gestion de stock\\backend\\vendor\\laravel\\framework\\src\\Illuminate\\Foundation\\Application.php(1058): Illuminate\\Container\\Container->make('cors', Array)
#4 C:\\Users\\Miguel\\Desktop\\Applikcation Octobre\\Projet gestion de stock\\backend\\vendor\\laravel\\framework\\src\\Illuminate\\Foundation\\Http\\Kernel.php(257): Illuminate\\Foundation\\Application->make('cors')
#5 C:\\Users\\Miguel\\Desktop\\Applikcation Octobre\\Projet gestion de stock\\backend\\vendor\\laravel\\framework\\src\\Illuminate\\Foundation\\Http\\Kernel.php(215): Illuminate\\Foundation\\Http\\Kernel->terminateMiddleware(Object(Illuminate\\Http\\Request), Object(Illuminate\\Http\\JsonResponse))
#6 C:\\Users\\Miguel\\Desktop\\Applikcation Octobre\\Projet gestion de stock\\backend\\public\\index.php(55): Illuminate\\Foundation\\Http\\Kernel->terminate(Object(Illuminate\\Http\\Request), Object(Illuminate\\Http\\JsonResponse))
#7 C:\\Users\\Miguel\\Desktop\\Applikcation Octobre\\Projet gestion de stock\\backend\\vendor\\laravel\\framework\\src\\Illuminate\\Foundation\\resources\\server.php(23): require_once('C:\\\\Users\\\\Miguel...')
#8 {main}

[previous exception] [object] (ReflectionException(code: -1): Class \"cors\" does not exist at C:\\Users\\Miguel\\Desktop\\Applikcation Octobre\\Projet gestion de stock\\backend\\vendor\\laravel\\framework\\src\\Illuminate\\Container\\Container.php:1161)
[stacktrace]
#0 C:\\Users\\Miguel\\Desktop\\Applikcation Octobre\\Projet gestion de stock\\backend\\vendor\\laravel\\framework\\src\\Illuminate\\Container\\Container.php(1161): ReflectionClass->__construct('cors')
#1 C:\\Users\\Miguel\\Desktop\\Applikcation Octobre\\Projet gestion de stock\\backend\\vendor\\laravel\\framework\\src\\Illuminate\\Container\\Container.php(972): Illuminate\\Container\\Container->build('cors')
#2 C:\\Users\\Miguel\\Desktop\\Applikcation Octobre\\Projet gestion de stock\\backend\\vendor\\laravel\\framework\\src\\Illuminate\\Foundation\\Application.php(1078): Illuminate\\Container\\Container->resolve('cors', Array, true)
#3 C:\\Users\\Miguel\\Desktop\\Applikcation Octobre\\Projet gestion de stock\\backend\\vendor\\laravel\\framework\\src\\Illuminate\\Container\\Container.php(903): Illuminate\\Foundation\\Application->resolve('cors', Array)
#4 C:\\Users\\Miguel\\Desktop\\Applikcation Octobre\\Projet gestion de stock\\backend\\vendor\\laravel\\framework\\src\\Illuminate\\Foundation\\Application.php(1058): Illuminate\\Container\\Container->make('cors', Array)
#5 C:\\Users\\Miguel\\Desktop\\Applikcation Octobre\\Projet gestion de stock\\backend\\vendor\\laravel\\framework\\src\\Illuminate\\Foundation\\Http\\Kernel.php(257): Illuminate\\Foundation\\Application->make('cors')
#6 C:\\Users\\Miguel\\Desktop\\Applikcation Octobre\\Projet gestion de stock\\backend\\vendor\\laravel\\framework\\src\\Illuminate\\Foundation\\Http\\Kernel.php(215): Illuminate\\Foundation\\Http\\Kernel->terminateMiddleware(Object(Illuminate\\Http\\Request), Object(Illuminate\\Http\\JsonResponse))
#7 C:\\Users\\Miguel\\Desktop\\Applikcation Octobre\\Projet gestion de stock\\backend\\public\\index.php(55): Illuminate\\Foundation\\Http\\Kernel->terminate(Object(Illuminate\\Http\\Request), Object(Illuminate\\Http\\JsonResponse))
#8 C:\\Users\\Miguel\\Desktop\\Applikcation Octobre\\Projet gestion de stock\\backend\\vendor\\laravel\\framework\\src\\Illuminate\\Foundation\\resources\\server.php(23): require_once('C:\\\\Users\\\\Miguel...')
#9 {main}
"} 
[2025-11-11 15:53:15] local.ERROR: Target class [cors] does not exist. {"exception":"[object] (Illuminate\\Contracts\\Container\\BindingResolutionException(code: 0): Target class [cors] does not exist. at C:\\Users\\Miguel\\Desktop\\Applikcation Octobre\\Projet gestion de stock\\backend\\vendor\\laravel\\framework\\src\\Illuminate\\Container\\Container.php:1163)
[stacktrace]
#0 C:\\Users\\Miguel\\Desktop\\Applikcation Octobre\\Projet gestion de stock\\backend\\vendor\\laravel\\framework\\src\\Illuminate\\Container\\Container.php(972): Illuminate\\Container\\Container->build('cors')
#1 C:\\Users\\Miguel\\Desktop\\Applikcation Octobre\\Projet gestion de stock\\backend\\vendor\\laravel\\framework\\src\\Illuminate\\Foundation\\Application.php(1078): Illuminate\\Container\\Container->resolve('cors', Array, true)
#2 C:\\Users\\Miguel\\Desktop\\Applikcation Octobre\\Projet gestion de stock\\backend\\vendor\\laravel\\framework\\src\\Illuminate\\Container\\Container.php(903): Illuminate\\Foundation\\Application->resolve('cors', Array)
#3 C:\\Users\\Miguel\\Desktop\\Applikcation Octobre\\Projet gestion de stock\\backend\\vendor\\laravel\\framework\\src\\Illuminate\\Foundation\\Application.php(1058): Illuminate\\Container\\Container->make('cors', Array)
#4 C:\\Users\\Miguel\\Desktop\\Applikcation Octobre\\Projet gestion de stock\\backend\\vendor\\laravel\\framework\\src\\Illuminate\\Pipeline\\Pipeline.php(208): Illuminate\\Foundation\\Application->make('cors')
#5 C:\\Users\\Miguel\\Desktop\\Applikcation Octobre\\Projet gestion de stock\\backend\\vendor\\laravel\\framework\\src\\Illuminate\\Pipeline\\Pipeline.php(137): Illuminate\\Pipeline\\Pipeline->Illuminate\\Pipeline\\{closure}(Object(Illuminate\\Http\\Request))
#6 C:\\Users\\Miguel\\Desktop\\Applikcation Octobre\\Projet gestion de stock\\backend\\vendor\\laravel\\framework\\src\\Illuminate\\Routing\\Router.php(821): Illuminate\\Pipeline\\Pipeline->then(Object(Closure))
#7 C:\\Users\\Miguel\\Desktop\\Applikcation Octobre\\Projet gestion de stock\\backend\\vendor\\laravel\\framework\\src\\Illuminate\\Routing\\Router.php(800): Illuminate\\Routing\\Router->runRouteWithinStack(Object(Illuminate\\Routing\\Route), Object(Illuminate\\Http\\Request))
#8 C:\\Users\\Miguel\\Desktop\\Applikcation Octobre\\Projet gestion de stock\\backend\\vendor\\laravel\\framework\\src\\Illuminate\\Routing\\Router.php(764): Illuminate\\Routing\\Router->runRoute(Object(Illuminate\\Http\\Request), Object(Illuminate\\Routing\\Route))
#9 C:\\Users\\Miguel\\Desktop\\Applikcation Octobre\\Projet gestion de stock\\backend\\vendor\\laravel\\framework\\src\\Illuminate\\Routing\\Router.php(753): Illuminate\\Routing\\Router->dispatchToRoute(Object(Illuminate\\Http\\Request))
#10 C:\\Users\\Miguel\\Desktop\\Applikcation Octobre\\Projet gestion de stock\\backend\\vendor\\laravel\\framework\\src\\Illuminate\\Foundation\\Http\\Kernel.php(200): Illuminate\\Routing\\Router->dispatch(Object(Illuminate\\Http\\Request))
#11 C:\\Users\\Miguel\\Desktop\\Applikcation Octobre\\Projet gestion de stock\\backend\\vendor\\laravel\\framework\\src\\Illuminate\\Pipeline\\Pipeline.php(180): Illuminate\\Foundation\\Http\\Kernel->Illuminate\\Foundation\\Http\\{closure}(Object(Illuminate\\Http\\Request))
#12 C:\\Users\\Miguel\\Desktop\\Applikcation Octobre\\Projet gestion de stock\\backend\\vendor\\laravel\\framework\\src\\Illuminate\\Foundation\\Http\\Middleware\\TransformsRequest.php(21): Illuminate\\Pipeline\\Pipeline->Illuminate\\Pipeline\\{closure}(Object(Illuminate\\Http\\Request))
#13 C:\\Users\\Miguel\\Desktop\\Applikcation Octobre\\Projet gestion de stock\\backend\\vendor\\laravel\\framework\\src\\Illuminate\\Foundation\\Http\\Middleware\\ConvertEmptyStringsToNull.php(31): Illuminate\\Foundation\\Http\\Middleware\\TransformsRequest->handle(Object(Illuminate\\Http\\Request), Object(Closure))
#14 C:\\Users\\Miguel\\Desktop\\Applikcation Octobre\\Projet gestion de stock\\backend\\vendor\\laravel\\framework\\src\\Illuminate\\Pipeline\\Pipeline.php(219): Illuminate\\Foundation\\Http\\Middleware\\ConvertEmptyStringsToNull->handle(Object(Illuminate\\Http\\Request), Object(Closure))
#15 C:\\Users\\Miguel\\Desktop\\Applikcation Octobre\\Projet gestion de stock\\backend\\vendor\\laravel\\framework\\src\\Illuminate\\Foundation\\Http\\Middleware\\TransformsRequest.php(21): Illuminate\\Pipeline\\Pipeline->Illuminate\\Pipeline\\{closure}(Object(Illuminate\\Http\\Request))
#16 C:\\Users\\Miguel\\Desktop\\Applikcation Octobre\\Projet gestion de stock\\backend\\vendor\\laravel\\framework\\src\\Illuminate\\Foundation\\Http\\Middleware\\TrimStrings.php(51): Illuminate\\Foundation\\Http\\Middleware\\TransformsRequest->handle(Object(Illuminate\\Http\\Request), Object(Closure))
#17 C:\\Users\\Miguel\\Desktop\\Applikcation Octobre\\Projet gestion de stock\\backend\\vendor\\laravel\\framework\\src\\Illuminate\\Pipeline\\Pipeline.php(219): Illuminate\\Foundation\\Http\\Middleware\\TrimStrings->handle(Object(Illuminate\\Http\\Request), Object(Closure))
#18 C:\\Users\\Miguel\\Desktop\\Applikcation Octobre\\Projet gestion de stock\\backend\\vendor\\laravel\\framework\\src\\Illuminate\\Http\\Middleware\\ValidatePostSize.php(27): Illuminate\\Pipeline\\Pipeline->Illuminate\\Pipeline\\{closure}(Object(Illuminate\\Http\\Request))
#19 C:\\Users\\Miguel\\Desktop\\Applikcation Octobre\\Projet gestion de stock\\backend\\vendor\\laravel\\framework\\src\\Illuminate\\Pipeline\\Pipeline.php(219): Illuminate\\Http\\Middleware\\ValidatePostSize->handle(Object(Illuminate\\Http\\Request), Object(Closure))
#20 C:\\Users\\Miguel\\Desktop\\Applikcation Octobre\\Projet gestion de stock\\backend\\vendor\\laravel\\framework\\src\\Illuminate\\Http\\Middleware\\HandleCors.php(61): Illuminate\\Pipeline\\Pipeline->Illuminate\\Pipeline\\{closure}(Object(Illuminate\\Http\\Request))
#21 C:\\Users\\Miguel\\Desktop\\Applikcation Octobre\\Projet gestion de stock\\backend\\vendor\\laravel\\framework\\src\\Illuminate\\Pipeline\\Pipeline.php(219): Illuminate\\Http\\Middleware\\HandleCors->handle(Object(Illuminate\\Http\\Request), Object(Closure))
#22 C:\\Users\\Miguel\\Desktop\\Applikcation Octobre\\Projet gestion de stock\\backend\\vendor\\laravel\\framework\\src\\Illuminate\\Http\\Middleware\\TrustProxies.php(58): Illuminate\\Pipeline\\Pipeline->Illuminate\\Pipeline\\{closure}(Object(Illuminate\\Http\\Request))
#23 C:\\Users\\Miguel\\Desktop\\Applikcation Octobre\\Projet gestion de stock\\backend\\vendor\\laravel\\framework\\src\\Illuminate\\Pipeline\\Pipeline.php(219): Illuminate\\Http\\Middleware\\TrustProxies->handle(Object(Illuminate\\Http\\Request), Object(Closure))
#24 C:\\Users\\Miguel\\Desktop\\Applikcation Octobre\\Projet gestion de stock\\backend\\vendor\\laravel\\framework\\src\\Illuminate\\Pipeline\\Pipeline.php(137): Illuminate\\Pipeline\\Pipeline->Illuminate\\Pipeline\\{closure}(Object(Illuminate\\Http\\Request))
#25 C:\\Users\\Miguel\\Desktop\\Applikcation Octobre\\Projet gestion de stock\\backend\\vendor\\laravel\\framework\\src\\Illuminate\\Foundation\\Http\\Kernel.php(175): Illuminate\\Pipeline\\Pipeline->then(Object(Closure))
#26 C:\\Users\\Miguel\\Desktop\\Applikcation Octobre\\Projet gestion de stock\\backend\\vendor\\laravel\\framework\\src\\Illuminate\\Foundation\\Http\\Kernel.php(144): Illuminate\\Foundation\\Http\\Kernel->sendRequestThroughRouter(Object(Illuminate\\Http\\Request))
#27 C:\\Users\\Miguel\\Desktop\\Applikcation Octobre\\Projet gestion de stock\\backend\\public\\index.php(51): Illuminate\\Foundation\\Http\\Kernel->handle(Object(Illuminate\\Http\\Request))
#28 C:\\Users\\Miguel\\Desktop\\Applikcation Octobre\\Projet gestion de stock\\backend\\vendor\\laravel\\framework\\src\\Illuminate\\Foundation\\resources\\server.php(23): require_once('C:\\\\Users\\\\Miguel...')
#29 {main}

[previous exception] [object] (ReflectionException(code: -1): Class \"cors\" does not exist at C:\\Users\\Miguel\\Desktop\\Applikcation Octobre\\Projet gestion de stock\\backend\\vendor\\laravel\\framework\\src\\Illuminate\\Container\\Container.php:1161)
[stacktrace]
#0 C:\\Users\\Miguel\\Desktop\\Applikcation Octobre\\Projet gestion de stock\\backend\\vendor\\laravel\\framework\\src\\Illuminate\\Container\\Container.php(1161): ReflectionClass->__construct('cors')
#1 C:\\Users\\Miguel\\Desktop\\Applikcation Octobre\\Projet gestion de stock\\backend\\vendor\\laravel\\framework\\src\\Illuminate\\Container\\Container.php(972): Illuminate\\Container\\Container->build('cors')
#2 C:\\Users\\Miguel\\Desktop\\Applikcation Octobre\\Projet gestion de stock\\backend\\vendor\\laravel\\framework\\src\\Illuminate\\Foundation\\Application.php(1078): Illuminate\\Container\\Container->resolve('cors', Array, true)
#3 C:\\Users\\Miguel\\Desktop\\Applikcation Octobre\\Projet gestion de stock\\backend\\vendor\\laravel\\framework\\src\\Illuminate\\Container\\Container.php(903): Illuminate\\Foundation\\Application->resolve('cors', Array)
#4 C:\\Users\\Miguel\\Desktop\\Applikcation Octobre\\Projet gestion de stock\\backend\\vendor\\laravel\\framework\\src\\Illuminate\\Foundation\\Application.php(1058): Illuminate\\Container\\Container->make('cors', Array)
#5 C:\\Users\\Miguel\\Desktop\\Applikcation Octobre\\Projet gestion de stock\\backend\\vendor\\laravel\\framework\\src\\Illuminate\\Pipeline\\Pipeline.php(208): Illuminate\\Foundation\\Application->make('cors')
#6 C:\\Users\\Miguel\\Desktop\\Applikcation Octobre\\Projet gestion de stock\\backend\\vendor\\laravel\\framework\\src\\Illuminate\\Pipeline\\Pipeline.php(137): Illuminate\\Pipeline\\Pipeline->Illuminate\\Pipeline\\{closure}(Object(Illuminate\\Http\\Request))
#7 C:\\Users\\Miguel\\Desktop\\Applikcation Octobre\\Projet gestion de stock\\backend\\vendor\\laravel\\framework\\src\\Illuminate\\Routing\\Router.php(821): Illuminate\\Pipeline\\Pipeline->then(Object(Closure))
#8 C:\\Users\\Miguel\\Desktop\\Applikcation Octobre\\Projet gestion de stock\\backend\\vendor\\laravel\\framework\\src\\Illuminate\\Routing\\Router.php(800): Illuminate\\Routing\\Router->runRouteWithinStack(Object(Illuminate\\Routing\\Route), Object(Illuminate\\Http\\Request))
#9 C:\\Users\\Miguel\\Desktop\\Applikcation Octobre\\Projet gestion de stock\\backend\\vendor\\laravel\\framework\\src\\Illuminate\\Routing\\Router.php(764): Illuminate\\Routing\\Router->runRoute(Object(Illuminate\\Http\\Request), Object(Illuminate\\Routing\\Route))
#10 C:\\Users\\Miguel\\Desktop\\Applikcation Octobre\\Projet gestion de stock\\backend\\vendor\\laravel\\framework\\src\\Illuminate\\Routing\\Router.php(753): Illuminate\\Routing\\Router->dispatchToRoute(Object(Illuminate\\Http\\Request))
#11 C:\\Users\\Miguel\\Desktop\\Applikcation Octobre\\Projet gestion de stock\\backend\\vendor\\laravel\\framework\\src\\Illuminate\\Foundation\\Http\\Kernel.php(200): Illuminate\\Routing\\Router->dispatch(Object(Illuminate\\Http\\Request))
#12 C:\\Users\\Miguel\\Desktop\\Applikcation Octobre\\Projet gestion de stock\\backend\\vendor\\laravel\\framework\\src\\Illuminate\\Pipeline\\Pipeline.php(180): Illuminate\\Foundation\\Http\\Kernel->Illuminate\\Foundation\\Http\\{closure}(Object(Illuminate\\Http\\Request))
#13 C:\\Users\\Miguel\\Desktop\\Applikcation Octobre\\Projet gestion de stock\\backend\\vendor\\laravel\\framework\\src\\Illuminate\\Foundation\\Http\\Middleware\\TransformsRequest.php(21): Illuminate\\Pipeline\\Pipeline->Illuminate\\Pipeline\\{closure}(Object(Illuminate\\Http\\Request))
#14 C:\\Users\\Miguel\\Desktop\\Applikcation Octobre\\Projet gestion de stock\\backend\\vendor\\laravel\\framework\\src\\Illuminate\\Foundation\\Http\\Middleware\\ConvertEmptyStringsToNull.php(31): Illuminate\\Foundation\\Http\\Middleware\\TransformsRequest->handle(Object(Illuminate\\Http\\Request), Object(Closure))
#15 C:\\Users\\Miguel\\Desktop\\Applikcation Octobre\\Projet gestion de stock\\backend\\vendor\\laravel\\framework\\src\\Illuminate\\Pipeline\\Pipeline.php(219): Illuminate\\Foundation\\Http\\Middleware\\ConvertEmptyStringsToNull->handle(Object(Illuminate\\Http\\Request), Object(Closure))
#16 C:\\Users\\Miguel\\Desktop\\Applikcation Octobre\\Projet gestion de stock\\backend\\vendor\\laravel\\framework\\src\\Illuminate\\Foundation\\Http\\Middleware\\TransformsRequest.php(21): Illuminate\\Pipeline\\Pipeline->Illuminate\\Pipeline\\{closure}(Object(Illuminate\\Http\\Request))
#17 C:\\Users\\Miguel\\Desktop\\Applikcation Octobre\\Projet gestion de stock\\backend\\vendor\\laravel\\framework\\src\\Illuminate\\Foundation\\Http\\Middleware\\TrimStrings.php(51): Illuminate\\Foundation\\Http\\Middleware\\TransformsRequest->handle(Object(Illuminate\\Http\\Request), Object(Closure))
#18 C:\\Users\\Miguel\\Desktop\\Applikcation Octobre\\Projet gestion de stock\\backend\\vendor\\laravel\\framework\\src\\Illuminate\\Pipeline\\Pipeline.php(219): Illuminate\\Foundation\\Http\\Middleware\\TrimStrings->handle(Object(Illuminate\\Http\\Request), Object(Closure))
#19 C:\\Users\\Miguel\\Desktop\\Applikcation Octobre\\Projet gestion de stock\\backend\\vendor\\laravel\\framework\\src\\Illuminate\\Http\\Middleware\\ValidatePostSize.php(27): Illuminate\\Pipeline\\Pipeline->Illuminate\\Pipeline\\{closure}(Object(Illuminate\\Http\\Request))
#20 C:\\Users\\Miguel\\Desktop\\Applikcation Octobre\\Projet gestion de stock\\backend\\vendor\\laravel\\framework\\src\\Illuminate\\Pipeline\\Pipeline.php(219): Illuminate\\Http\\Middleware\\ValidatePostSize->handle(Object(Illuminate\\Http\\Request), Object(Closure))
#21 C:\\Users\\Miguel\\Desktop\\Applikcation Octobre\\Projet gestion de stock\\backend\\vendor\\laravel\\framework\\src\\Illuminate\\Http\\Middleware\\HandleCors.php(61): Illuminate\\Pipeline\\Pipeline->Illuminate\\Pipeline\\{closure}(Object(Illuminate\\Http\\Request))
#22 C:\\Users\\Miguel\\Desktop\\Applikcation Octobre\\Projet gestion de stock\\backend\\vendor\\laravel\\framework\\src\\Illuminate\\Pipeline\\Pipeline.php(219): Illuminate\\Http\\Middleware\\HandleCors->handle(Object(Illuminate\\Http\\Request), Object(Closure))
#23 C:\\Users\\Miguel\\Desktop\\Applikcation Octobre\\Projet gestion de stock\\backend\\vendor\\laravel\\framework\\src\\Illuminate\\Http\\Middleware\\TrustProxies.php(58): Illuminate\\Pipeline\\Pipeline->Illuminate\\Pipeline\\{closure}(Object(Illuminate\\Http\\Request))
#24 C:\\Users\\Miguel\\Desktop\\Applikcation Octobre\\Projet gestion de stock\\backend\\vendor\\laravel\\framework\\src\\Illuminate\\Pipeline\\Pipeline.php(219): Illuminate\\Http\\Middleware\\TrustProxies->handle(Object(Illuminate\\Http\\Request), Object(Closure))
#25 C:\\Users\\Miguel\\Desktop\\Applikcation Octobre\\Projet gestion de stock\\backend\\vendor\\laravel\\framework\\src\\Illuminate\\Pipeline\\Pipeline.php(137): Illuminate\\Pipeline\\Pipeline->Illuminate\\Pipeline\\{closure}(Object(Illuminate\\Http\\Request))
#26 C:\\Users\\Miguel\\Desktop\\Applikcation Octobre\\Projet gestion de stock\\backend\\vendor\\laravel\\framework\\src\\Illuminate\\Foundation\\Http\\Kernel.php(175): Illuminate\\Pipeline\\Pipeline->then(Object(Closure))
#27 C:\\Users\\Miguel\\Desktop\\Applikcation Octobre\\Projet gestion de stock\\backend\\vendor\\laravel\\framework\\src\\Illuminate\\Foundation\\Http\\Kernel.php(144): Illuminate\\Foundation\\Http\\Kernel->sendRequestThroughRouter(Object(Illuminate\\Http\\Request))
#28 C:\\Users\\Miguel\\Desktop\\Applikcation Octobre\\Projet gestion de stock\\backend\\public\\index.php(51): Illuminate\\Foundation\\Http\\Kernel->handle(Object(Illuminate\\Http\\Request))
#29 C:\\Users\\Miguel\\Desktop\\Applikcation Octobre\\Projet gestion de stock\\backend\\vendor\\laravel\\framework\\src\\Illuminate\\Foundation\\resources\\server.php(23): require_once('C:\\\\Users\\\\Miguel...')
#30 {main}
"} 
[2025-11-11 15:53:15] local.ERROR: Target class [cors] does not exist. {"exception":"[object] (Illuminate\\Contracts\\Container\\BindingResolutionException(code: 0): Target class [cors] does not exist. at C:\\Users\\Miguel\\Desktop\\Applikcation Octobre\\Projet gestion de stock\\backend\\vendor\\laravel\\framework\\src\\Illuminate\\Container\\Container.php:1163)
[stacktrace]
#0 C:\\Users\\Miguel\\Desktop\\Applikcation Octobre\\Projet gestion de stock\\backend\\vendor\\laravel\\framework\\src\\Illuminate\\Container\\Container.php(972): Illuminate\\Container\\Container->build('cors')
#1 C:\\Users\\Miguel\\Desktop\\Applikcation Octobre\\Projet gestion de stock\\backend\\vendor\\laravel\\framework\\src\\Illuminate\\Foundation\\Application.php(1078): Illuminate\\Container\\Container->resolve('cors', Array, true)
#2 C:\\Users\\Miguel\\Desktop\\Applikcation Octobre\\Projet gestion de stock\\backend\\vendor\\laravel\\framework\\src\\Illuminate\\Container\\Container.php(903): Illuminate\\Foundation\\Application->resolve('cors', Array)
#3 C:\\Users\\Miguel\\Desktop\\Applikcation Octobre\\Projet gestion de stock\\backend\\vendor\\laravel\\framework\\src\\Illuminate\\Foundation\\Application.php(1058): Illuminate\\Container\\Container->make('cors', Array)
#4 C:\\Users\\Miguel\\Desktop\\Applikcation Octobre\\Projet gestion de stock\\backend\\vendor\\laravel\\framework\\src\\Illuminate\\Foundation\\Http\\Kernel.php(257): Illuminate\\Foundation\\Application->make('cors')
#5 C:\\Users\\Miguel\\Desktop\\Applikcation Octobre\\Projet gestion de stock\\backend\\vendor\\laravel\\framework\\src\\Illuminate\\Foundation\\Http\\Kernel.php(215): Illuminate\\Foundation\\Http\\Kernel->terminateMiddleware(Object(Illuminate\\Http\\Request), Object(Illuminate\\Http\\JsonResponse))
#6 C:\\Users\\Miguel\\Desktop\\Applikcation Octobre\\Projet gestion de stock\\backend\\public\\index.php(55): Illuminate\\Foundation\\Http\\Kernel->terminate(Object(Illuminate\\Http\\Request), Object(Illuminate\\Http\\JsonResponse))
#7 C:\\Users\\Miguel\\Desktop\\Applikcation Octobre\\Projet gestion de stock\\backend\\vendor\\laravel\\framework\\src\\Illuminate\\Foundation\\resources\\server.php(23): require_once('C:\\\\Users\\\\Miguel...')
#8 {main}

[previous exception] [object] (ReflectionException(code: -1): Class \"cors\" does not exist at C:\\Users\\Miguel\\Desktop\\Applikcation Octobre\\Projet gestion de stock\\backend\\vendor\\laravel\\framework\\src\\Illuminate\\Container\\Container.php:1161)
[stacktrace]
#0 C:\\Users\\Miguel\\Desktop\\Applikcation Octobre\\Projet gestion de stock\\backend\\vendor\\laravel\\framework\\src\\Illuminate\\Container\\Container.php(1161): ReflectionClass->__construct('cors')
#1 C:\\Users\\Miguel\\Desktop\\Applikcation Octobre\\Projet gestion de stock\\backend\\vendor\\laravel\\framework\\src\\Illuminate\\Container\\Container.php(972): Illuminate\\Container\\Container->build('cors')
#2 C:\\Users\\Miguel\\Desktop\\Applikcation Octobre\\Projet gestion de stock\\backend\\vendor\\laravel\\framework\\src\\Illuminate\\Foundation\\Application.php(1078): Illuminate\\Container\\Container->resolve('cors', Array, true)
#3 C:\\Users\\Miguel\\Desktop\\Applikcation Octobre\\Projet gestion de stock\\backend\\vendor\\laravel\\framework\\src\\Illuminate\\Container\\Container.php(903): Illuminate\\Foundation\\Application->resolve('cors', Array)
#4 C:\\Users\\Miguel\\Desktop\\Applikcation Octobre\\Projet gestion de stock\\backend\\vendor\\laravel\\framework\\src\\Illuminate\\Foundation\\Application.php(1058): Illuminate\\Container\\Container->make('cors', Array)
#5 C:\\Users\\Miguel\\Desktop\\Applikcation Octobre\\Projet gestion de stock\\backend\\vendor\\laravel\\framework\\src\\Illuminate\\Foundation\\Http\\Kernel.php(257): Illuminate\\Foundation\\Application->make('cors')
#6 C:\\Users\\Miguel\\Desktop\\Applikcation Octobre\\Projet gestion de stock\\backend\\vendor\\laravel\\framework\\src\\Illuminate\\Foundation\\Http\\Kernel.php(215): Illuminate\\Foundation\\Http\\Kernel->terminateMiddleware(Object(Illuminate\\Http\\Request), Object(Illuminate\\Http\\JsonResponse))
#7 C:\\Users\\Miguel\\Desktop\\Applikcation Octobre\\Projet gestion de stock\\backend\\public\\index.php(55): Illuminate\\Foundation\\Http\\Kernel->terminate(Object(Illuminate\\Http\\Request), Object(Illuminate\\Http\\JsonResponse))
#8 C:\\Users\\Miguel\\Desktop\\Applikcation Octobre\\Projet gestion de stock\\backend\\vendor\\laravel\\framework\\src\\Illuminate\\Foundation\\resources\\server.php(23): require_once('C:\\\\Users\\\\Miguel...')
#9 {main}
"} 
[2025-11-11 15:58:20] local.ERROR: Target class [cors] does not exist. {"exception":"[object] (Illuminate\\Contracts\\Container\\BindingResolutionException(code: 0): Target class [cors] does not exist. at C:\\Users\\Miguel\\Desktop\\Applikcation Octobre\\Projet gestion de stock\\backend\\vendor\\laravel\\framework\\src\\Illuminate\\Container\\Container.php:1163)
[stacktrace]
#0 C:\\Users\\Miguel\\Desktop\\Applikcation Octobre\\Projet gestion de stock\\backend\\vendor\\laravel\\framework\\src\\Illuminate\\Container\\Container.php(972): Illuminate\\Container\\Container->build('cors')
#1 C:\\Users\\Miguel\\Desktop\\Applikcation Octobre\\Projet gestion de stock\\backend\\vendor\\laravel\\framework\\src\\Illuminate\\Foundation\\Application.php(1078): Illuminate\\Container\\Container->resolve('cors', Array, true)
#2 C:\\Users\\Miguel\\Desktop\\Applikcation Octobre\\Projet gestion de stock\\backend\\vendor\\laravel\\framework\\src\\Illuminate\\Container\\Container.php(903): Illuminate\\Foundation\\Application->resolve('cors', Array)
#3 C:\\Users\\Miguel\\Desktop\\Applikcation Octobre\\Projet gestion de stock\\backend\\vendor\\laravel\\framework\\src\\Illuminate\\Foundation\\Application.php(1058): Illuminate\\Container\\Container->make('cors', Array)
#4 C:\\Users\\Miguel\\Desktop\\Applikcation Octobre\\Projet gestion de stock\\backend\\vendor\\laravel\\framework\\src\\Illuminate\\Pipeline\\Pipeline.php(208): Illuminate\\Foundation\\Application->make('cors')
#5 C:\\Users\\Miguel\\Desktop\\Applikcation Octobre\\Projet gestion de stock\\backend\\vendor\\laravel\\framework\\src\\Illuminate\\Pipeline\\Pipeline.php(137): Illuminate\\Pipeline\\Pipeline->Illuminate\\Pipeline\\{closure}(Object(Illuminate\\Http\\Request))
#6 C:\\Users\\Miguel\\Desktop\\Applikcation Octobre\\Projet gestion de stock\\backend\\vendor\\laravel\\framework\\src\\Illuminate\\Routing\\Router.php(821): Illuminate\\Pipeline\\Pipeline->then(Object(Closure))
#7 C:\\Users\\Miguel\\Desktop\\Applikcation Octobre\\Projet gestion de stock\\backend\\vendor\\laravel\\framework\\src\\Illuminate\\Routing\\Router.php(800): Illuminate\\Routing\\Router->runRouteWithinStack(Object(Illuminate\\Routing\\Route), Object(Illuminate\\Http\\Request))
#8 C:\\Users\\Miguel\\Desktop\\Applikcation Octobre\\Projet gestion de stock\\backend\\vendor\\laravel\\framework\\src\\Illuminate\\Routing\\Router.php(764): Illuminate\\Routing\\Router->runRoute(Object(Illuminate\\Http\\Request), Object(Illuminate\\Routing\\Route))
#9 C:\\Users\\Miguel\\Desktop\\Applikcation Octobre\\Projet gestion de stock\\backend\\vendor\\laravel\\framework\\src\\Illuminate\\Routing\\Router.php(753): Illuminate\\Routing\\Router->dispatchToRoute(Object(Illuminate\\Http\\Request))
#10 C:\\Users\\Miguel\\Desktop\\Applikcation Octobre\\Projet gestion de stock\\backend\\vendor\\laravel\\framework\\src\\Illuminate\\Foundation\\Http\\Kernel.php(200): Illuminate\\Routing\\Router->dispatch(Object(Illuminate\\Http\\Request))
#11 C:\\Users\\Miguel\\Desktop\\Applikcation Octobre\\Projet gestion de stock\\backend\\vendor\\laravel\\framework\\src\\Illuminate\\Pipeline\\Pipeline.php(180): Illuminate\\Foundation\\Http\\Kernel->Illuminate\\Foundation\\Http\\{closure}(Object(Illuminate\\Http\\Request))
#12 C:\\Users\\Miguel\\Desktop\\Applikcation Octobre\\Projet gestion de stock\\backend\\vendor\\laravel\\framework\\src\\Illuminate\\Foundation\\Http\\Middleware\\TransformsRequest.php(21): Illuminate\\Pipeline\\Pipeline->Illuminate\\Pipeline\\{closure}(Object(Illuminate\\Http\\Request))
#13 C:\\Users\\Miguel\\Desktop\\Applikcation Octobre\\Projet gestion de stock\\backend\\vendor\\laravel\\framework\\src\\Illuminate\\Foundation\\Http\\Middleware\\ConvertEmptyStringsToNull.php(31): Illuminate\\Foundation\\Http\\Middleware\\TransformsRequest->handle(Object(Illuminate\\Http\\Request), Object(Closure))
#14 C:\\Users\\Miguel\\Desktop\\Applikcation Octobre\\Projet gestion de stock\\backend\\vendor\\laravel\\framework\\src\\Illuminate\\Pipeline\\Pipeline.php(219): Illuminate\\Foundation\\Http\\Middleware\\ConvertEmptyStringsToNull->handle(Object(Illuminate\\Http\\Request), Object(Closure))
#15 C:\\Users\\Miguel\\Desktop\\Applikcation Octobre\\Projet gestion de stock\\backend\\vendor\\laravel\\framework\\src\\Illuminate\\Foundation\\Http\\Middleware\\TransformsRequest.php(21): Illuminate\\Pipeline\\Pipeline->Illuminate\\Pipeline\\{closure}(Object(Illuminate\\Http\\Request))
#16 C:\\Users\\Miguel\\Desktop\\Applikcation Octobre\\Projet gestion de stock\\backend\\vendor\\laravel\\framework\\src\\Illuminate\\Foundation\\Http\\Middleware\\TrimStrings.php(51): Illuminate\\Foundation\\Http\\Middleware\\TransformsRequest->handle(Object(Illuminate\\Http\\Request), Object(Closure))
#17 C:\\Users\\Miguel\\Desktop\\Applikcation Octobre\\Projet gestion de stock\\backend\\vendor\\laravel\\framework\\src\\Illuminate\\Pipeline\\Pipeline.php(219): Illuminate\\Foundation\\Http\\Middleware\\TrimStrings->handle(Object(Illuminate\\Http\\Request), Object(Closure))
#18 C:\\Users\\Miguel\\Desktop\\Applikcation Octobre\\Projet gestion de stock\\backend\\vendor\\laravel\\framework\\src\\Illuminate\\Http\\Middleware\\ValidatePostSize.php(27): Illuminate\\Pipeline\\Pipeline->Illuminate\\Pipeline\\{closure}(Object(Illuminate\\Http\\Request))
#19 C:\\Users\\Miguel\\Desktop\\Applikcation Octobre\\Projet gestion de stock\\backend\\vendor\\laravel\\framework\\src\\Illuminate\\Pipeline\\Pipeline.php(219): Illuminate\\Http\\Middleware\\ValidatePostSize->handle(Object(Illuminate\\Http\\Request), Object(Closure))
#20 C:\\Users\\Miguel\\Desktop\\Applikcation Octobre\\Projet gestion de stock\\backend\\vendor\\laravel\\framework\\src\\Illuminate\\Http\\Middleware\\HandleCors.php(61): Illuminate\\Pipeline\\Pipeline->Illuminate\\Pipeline\\{closure}(Object(Illuminate\\Http\\Request))
#21 C:\\Users\\Miguel\\Desktop\\Applikcation Octobre\\Projet gestion de stock\\backend\\vendor\\laravel\\framework\\src\\Illuminate\\Pipeline\\Pipeline.php(219): Illuminate\\Http\\Middleware\\HandleCors->handle(Object(Illuminate\\Http\\Request), Object(Closure))
#22 C:\\Users\\Miguel\\Desktop\\Applikcation Octobre\\Projet gestion de stock\\backend\\vendor\\laravel\\framework\\src\\Illuminate\\Http\\Middleware\\TrustProxies.php(58): Illuminate\\Pipeline\\Pipeline->Illuminate\\Pipeline\\{closure}(Object(Illuminate\\Http\\Request))
#23 C:\\Users\\Miguel\\Desktop\\Applikcation Octobre\\Projet gestion de stock\\backend\\vendor\\laravel\\framework\\src\\Illuminate\\Pipeline\\Pipeline.php(219): Illuminate\\Http\\Middleware\\TrustProxies->handle(Object(Illuminate\\Http\\Request), Object(Closure))
#24 C:\\Users\\Miguel\\Desktop\\Applikcation Octobre\\Projet gestion de stock\\backend\\vendor\\laravel\\framework\\src\\Illuminate\\Pipeline\\Pipeline.php(137): Illuminate\\Pipeline\\Pipeline->Illuminate\\Pipeline\\{closure}(Object(Illuminate\\Http\\Request))
#25 C:\\Users\\Miguel\\Desktop\\Applikcation Octobre\\Projet gestion de stock\\backend\\vendor\\laravel\\framework\\src\\Illuminate\\Foundation\\Http\\Kernel.php(175): Illuminate\\Pipeline\\Pipeline->then(Object(Closure))
#26 C:\\Users\\Miguel\\Desktop\\Applikcation Octobre\\Projet gestion de stock\\backend\\vendor\\laravel\\framework\\src\\Illuminate\\Foundation\\Http\\Kernel.php(144): Illuminate\\Foundation\\Http\\Kernel->sendRequestThroughRouter(Object(Illuminate\\Http\\Request))
#27 C:\\Users\\Miguel\\Desktop\\Applikcation Octobre\\Projet gestion de stock\\backend\\public\\index.php(76): Illuminate\\Foundation\\Http\\Kernel->handle(Object(Illuminate\\Http\\Request))
#28 C:\\Users\\Miguel\\Desktop\\Applikcation Octobre\\Projet gestion de stock\\backend\\vendor\\laravel\\framework\\src\\Illuminate\\Foundation\\resources\\server.php(23): require_once('C:\\\\Users\\\\Miguel...')
#29 {main}

[previous exception] [object] (ReflectionException(code: -1): Class \"cors\" does not exist at C:\\Users\\Miguel\\Desktop\\Applikcation Octobre\\Projet gestion de stock\\backend\\vendor\\laravel\\framework\\src\\Illuminate\\Container\\Container.php:1161)
[stacktrace]
#0 C:\\Users\\Miguel\\Desktop\\Applikcation Octobre\\Projet gestion de stock\\backend\\vendor\\laravel\\framework\\src\\Illuminate\\Container\\Container.php(1161): ReflectionClass->__construct('cors')
#1 C:\\Users\\Miguel\\Desktop\\Applikcation Octobre\\Projet gestion de stock\\backend\\vendor\\laravel\\framework\\src\\Illuminate\\Container\\Container.php(972): Illuminate\\Container\\Container->build('cors')
#2 C:\\Users\\Miguel\\Desktop\\Applikcation Octobre\\Projet gestion de stock\\backend\\vendor\\laravel\\framework\\src\\Illuminate\\Foundation\\Application.php(1078): Illuminate\\Container\\Container->resolve('cors', Array, true)
#3 C:\\Users\\Miguel\\Desktop\\Applikcation Octobre\\Projet gestion de stock\\backend\\vendor\\laravel\\framework\\src\\Illuminate\\Container\\Container.php(903): Illuminate\\Foundation\\Application->resolve('cors', Array)
#4 C:\\Users\\Miguel\\Desktop\\Applikcation Octobre\\Projet gestion de stock\\backend\\vendor\\laravel\\framework\\src\\Illuminate\\Foundation\\Application.php(1058): Illuminate\\Container\\Container->make('cors', Array)
#5 C:\\Users\\Miguel\\Desktop\\Applikcation Octobre\\Projet gestion de stock\\backend\\vendor\\laravel\\framework\\src\\Illuminate\\Pipeline\\Pipeline.php(208): Illuminate\\Foundation\\Application->make('cors')
#6 C:\\Users\\Miguel\\Desktop\\Applikcation Octobre\\Projet gestion de stock\\backend\\vendor\\laravel\\framework\\src\\Illuminate\\Pipeline\\Pipeline.php(137): Illuminate\\Pipeline\\Pipeline->Illuminate\\Pipeline\\{closure}(Object(Illuminate\\Http\\Request))
#7 C:\\Users\\Miguel\\Desktop\\Applikcation Octobre\\Projet gestion de stock\\backend\\vendor\\laravel\\framework\\src\\Illuminate\\Routing\\Router.php(821): Illuminate\\Pipeline\\Pipeline->then(Object(Closure))
#8 C:\\Users\\Miguel\\Desktop\\Applikcation Octobre\\Projet gestion de stock\\backend\\vendor\\laravel\\framework\\src\\Illuminate\\Routing\\Router.php(800): Illuminate\\Routing\\Router->runRouteWithinStack(Object(Illuminate\\Routing\\Route), Object(Illuminate\\Http\\Request))
#9 C:\\Users\\Miguel\\Desktop\\Applikcation Octobre\\Projet gestion de stock\\backend\\vendor\\laravel\\framework\\src\\Illuminate\\Routing\\Router.php(764): Illuminate\\Routing\\Router->runRoute(Object(Illuminate\\Http\\Request), Object(Illuminate\\Routing\\Route))
#10 C:\\Users\\Miguel\\Desktop\\Applikcation Octobre\\Projet gestion de stock\\backend\\vendor\\laravel\\framework\\src\\Illuminate\\Routing\\Router.php(753): Illuminate\\Routing\\Router->dispatchToRoute(Object(Illuminate\\Http\\Request))
#11 C:\\Users\\Miguel\\Desktop\\Applikcation Octobre\\Projet gestion de stock\\backend\\vendor\\laravel\\framework\\src\\Illuminate\\Foundation\\Http\\Kernel.php(200): Illuminate\\Routing\\Router->dispatch(Object(Illuminate\\Http\\Request))
#12 C:\\Users\\Miguel\\Desktop\\Applikcation Octobre\\Projet gestion de stock\\backend\\vendor\\laravel\\framework\\src\\Illuminate\\Pipeline\\Pipeline.php(180): Illuminate\\Foundation\\Http\\Kernel->Illuminate\\Foundation\\Http\\{closure}(Object(Illuminate\\Http\\Request))
#13 C:\\Users\\Miguel\\Desktop\\Applikcation Octobre\\Projet gestion de stock\\backend\\vendor\\laravel\\framework\\src\\Illuminate\\Foundation\\Http\\Middleware\\TransformsRequest.php(21): Illuminate\\Pipeline\\Pipeline->Illuminate\\Pipeline\\{closure}(Object(Illuminate\\Http\\Request))
#14 C:\\Users\\Miguel\\Desktop\\Applikcation Octobre\\Projet gestion de stock\\backend\\vendor\\laravel\\framework\\src\\Illuminate\\Foundation\\Http\\Middleware\\ConvertEmptyStringsToNull.php(31): Illuminate\\Foundation\\Http\\Middleware\\TransformsRequest->handle(Object(Illuminate\\Http\\Request), Object(Closure))
#15 C:\\Users\\Miguel\\Desktop\\Applikcation Octobre\\Projet gestion de stock\\backend\\vendor\\laravel\\framework\\src\\Illuminate\\Pipeline\\Pipeline.php(219): Illuminate\\Foundation\\Http\\Middleware\\ConvertEmptyStringsToNull->handle(Object(Illuminate\\Http\\Request), Object(Closure))
#16 C:\\Users\\Miguel\\Desktop\\Applikcation Octobre\\Projet gestion de stock\\backend\\vendor\\laravel\\framework\\src\\Illuminate\\Foundation\\Http\\Middleware\\TransformsRequest.php(21): Illuminate\\Pipeline\\Pipeline->Illuminate\\Pipeline\\{closure}(Object(Illuminate\\Http\\Request))
#17 C:\\Users\\Miguel\\Desktop\\Applikcation Octobre\\Projet gestion de stock\\backend\\vendor\\laravel\\framework\\src\\Illuminate\\Foundation\\Http\\Middleware\\TrimStrings.php(51): Illuminate\\Foundation\\Http\\Middleware\\TransformsRequest->handle(Object(Illuminate\\Http\\Request), Object(Closure))
#18 C:\\Users\\Miguel\\Desktop\\Applikcation Octobre\\Projet gestion de stock\\backend\\vendor\\laravel\\framework\\src\\Illuminate\\Pipeline\\Pipeline.php(219): Illuminate\\Foundation\\Http\\Middleware\\TrimStrings->handle(Object(Illuminate\\Http\\Request), Object(Closure))
#19 C:\\Users\\Miguel\\Desktop\\Applikcation Octobre\\Projet gestion de stock\\backend\\vendor\\laravel\\framework\\src\\Illuminate\\Http\\Middleware\\ValidatePostSize.php(27): Illuminate\\Pipeline\\Pipeline->Illuminate\\Pipeline\\{closure}(Object(Illuminate\\Http\\Request))
#20 C:\\Users\\Miguel\\Desktop\\Applikcation Octobre\\Projet gestion de stock\\backend\\vendor\\laravel\\framework\\src\\Illuminate\\Pipeline\\Pipeline.php(219): Illuminate\\Http\\Middleware\\ValidatePostSize->handle(Object(Illuminate\\Http\\Request), Object(Closure))
#21 C:\\Users\\Miguel\\Desktop\\Applikcation Octobre\\Projet gestion de stock\\backend\\vendor\\laravel\\framework\\src\\Illuminate\\Http\\Middleware\\HandleCors.php(61): Illuminate\\Pipeline\\Pipeline->Illuminate\\Pipeline\\{closure}(Object(Illuminate\\Http\\Request))
#22 C:\\Users\\Miguel\\Desktop\\Applikcation Octobre\\Projet gestion de stock\\backend\\vendor\\laravel\\framework\\src\\Illuminate\\Pipeline\\Pipeline.php(219): Illuminate\\Http\\Middleware\\HandleCors->handle(Object(Illuminate\\Http\\Request), Object(Closure))
#23 C:\\Users\\Miguel\\Desktop\\Applikcation Octobre\\Projet gestion de stock\\backend\\vendor\\laravel\\framework\\src\\Illuminate\\Http\\Middleware\\TrustProxies.php(58): Illuminate\\Pipeline\\Pipeline->Illuminate\\Pipeline\\{closure}(Object(Illuminate\\Http\\Request))
#24 C:\\Users\\Miguel\\Desktop\\Applikcation Octobre\\Projet gestion de stock\\backend\\vendor\\laravel\\framework\\src\\Illuminate\\Pipeline\\Pipeline.php(219): Illuminate\\Http\\Middleware\\TrustProxies->handle(Object(Illuminate\\Http\\Request), Object(Closure))
#25 C:\\Users\\Miguel\\Desktop\\Applikcation Octobre\\Projet gestion de stock\\backend\\vendor\\laravel\\framework\\src\\Illuminate\\Pipeline\\Pipeline.php(137): Illuminate\\Pipeline\\Pipeline->Illuminate\\Pipeline\\{closure}(Object(Illuminate\\Http\\Request))
#26 C:\\Users\\Miguel\\Desktop\\Applikcation Octobre\\Projet gestion de stock\\backend\\vendor\\laravel\\framework\\src\\Illuminate\\Foundation\\Http\\Kernel.php(175): Illuminate\\Pipeline\\Pipeline->then(Object(Closure))
#27 C:\\Users\\Miguel\\Desktop\\Applikcation Octobre\\Projet gestion de stock\\backend\\vendor\\laravel\\framework\\src\\Illuminate\\Foundation\\Http\\Kernel.php(144): Illuminate\\Foundation\\Http\\Kernel->sendRequestThroughRouter(Object(Illuminate\\Http\\Request))
#28 C:\\Users\\Miguel\\Desktop\\Applikcation Octobre\\Projet gestion de stock\\backend\\public\\index.php(76): Illuminate\\Foundation\\Http\\Kernel->handle(Object(Illuminate\\Http\\Request))
#29 C:\\Users\\Miguel\\Desktop\\Applikcation Octobre\\Projet gestion de stock\\backend\\vendor\\laravel\\framework\\src\\Illuminate\\Foundation\\resources\\server.php(23): require_once('C:\\\\Users\\\\Miguel...')
#30 {main}
"} 
[2025-11-11 15:58:51] local.ERROR: Target class [cors] does not exist. {"exception":"[object] (Illuminate\\Contracts\\Container\\BindingResolutionException(code: 0): Target class [cors] does not exist. at C:\\Users\\Miguel\\Desktop\\Applikcation Octobre\\Projet gestion de stock\\backend\\vendor\\laravel\\framework\\src\\Illuminate\\Container\\Container.php:1163)
[stacktrace]
#0 C:\\Users\\Miguel\\Desktop\\Applikcation Octobre\\Projet gestion de stock\\backend\\vendor\\laravel\\framework\\src\\Illuminate\\Container\\Container.php(972): Illuminate\\Container\\Container->build('cors')
#1 C:\\Users\\Miguel\\Desktop\\Applikcation Octobre\\Projet gestion de stock\\backend\\vendor\\laravel\\framework\\src\\Illuminate\\Foundation\\Application.php(1078): Illuminate\\Container\\Container->resolve('cors', Array, true)
#2 C:\\Users\\Miguel\\Desktop\\Applikcation Octobre\\Projet gestion de stock\\backend\\vendor\\laravel\\framework\\src\\Illuminate\\Container\\Container.php(903): Illuminate\\Foundation\\Application->resolve('cors', Array)
#3 C:\\Users\\Miguel\\Desktop\\Applikcation Octobre\\Projet gestion de stock\\backend\\vendor\\laravel\\framework\\src\\Illuminate\\Foundation\\Application.php(1058): Illuminate\\Container\\Container->make('cors', Array)
#4 C:\\Users\\Miguel\\Desktop\\Applikcation Octobre\\Projet gestion de stock\\backend\\vendor\\laravel\\framework\\src\\Illuminate\\Pipeline\\Pipeline.php(208): Illuminate\\Foundation\\Application->make('cors')
#5 C:\\Users\\Miguel\\Desktop\\Applikcation Octobre\\Projet gestion de stock\\backend\\vendor\\laravel\\framework\\src\\Illuminate\\Pipeline\\Pipeline.php(137): Illuminate\\Pipeline\\Pipeline->Illuminate\\Pipeline\\{closure}(Object(Illuminate\\Http\\Request))
#6 C:\\Users\\Miguel\\Desktop\\Applikcation Octobre\\Projet gestion de stock\\backend\\vendor\\laravel\\framework\\src\\Illuminate\\Routing\\Router.php(821): Illuminate\\Pipeline\\Pipeline->then(Object(Closure))
#7 C:\\Users\\Miguel\\Desktop\\Applikcation Octobre\\Projet gestion de stock\\backend\\vendor\\laravel\\framework\\src\\Illuminate\\Routing\\Router.php(800): Illuminate\\Routing\\Router->runRouteWithinStack(Object(Illuminate\\Routing\\Route), Object(Illuminate\\Http\\Request))
#8 C:\\Users\\Miguel\\Desktop\\Applikcation Octobre\\Projet gestion de stock\\backend\\vendor\\laravel\\framework\\src\\Illuminate\\Routing\\Router.php(764): Illuminate\\Routing\\Router->runRoute(Object(Illuminate\\Http\\Request), Object(Illuminate\\Routing\\Route))
#9 C:\\Users\\Miguel\\Desktop\\Applikcation Octobre\\Projet gestion de stock\\backend\\vendor\\laravel\\framework\\src\\Illuminate\\Routing\\Router.php(753): Illuminate\\Routing\\Router->dispatchToRoute(Object(Illuminate\\Http\\Request))
#10 C:\\Users\\Miguel\\Desktop\\Applikcation Octobre\\Projet gestion de stock\\backend\\vendor\\laravel\\framework\\src\\Illuminate\\Foundation\\Http\\Kernel.php(200): Illuminate\\Routing\\Router->dispatch(Object(Illuminate\\Http\\Request))
#11 C:\\Users\\Miguel\\Desktop\\Applikcation Octobre\\Projet gestion de stock\\backend\\vendor\\laravel\\framework\\src\\Illuminate\\Pipeline\\Pipeline.php(180): Illuminate\\Foundation\\Http\\Kernel->Illuminate\\Foundation\\Http\\{closure}(Object(Illuminate\\Http\\Request))
#12 C:\\Users\\Miguel\\Desktop\\Applikcation Octobre\\Projet gestion de stock\\backend\\vendor\\laravel\\framework\\src\\Illuminate\\Foundation\\Http\\Middleware\\TransformsRequest.php(21): Illuminate\\Pipeline\\Pipeline->Illuminate\\Pipeline\\{closure}(Object(Illuminate\\Http\\Request))
#13 C:\\Users\\Miguel\\Desktop\\Applikcation Octobre\\Projet gestion de stock\\backend\\vendor\\laravel\\framework\\src\\Illuminate\\Foundation\\Http\\Middleware\\ConvertEmptyStringsToNull.php(31): Illuminate\\Foundation\\Http\\Middleware\\TransformsRequest->handle(Object(Illuminate\\Http\\Request), Object(Closure))
#14 C:\\Users\\Miguel\\Desktop\\Applikcation Octobre\\Projet gestion de stock\\backend\\vendor\\laravel\\framework\\src\\Illuminate\\Pipeline\\Pipeline.php(219): Illuminate\\Foundation\\Http\\Middleware\\ConvertEmptyStringsToNull->handle(Object(Illuminate\\Http\\Request), Object(Closure))
#15 C:\\Users\\Miguel\\Desktop\\Applikcation Octobre\\Projet gestion de stock\\backend\\vendor\\laravel\\framework\\src\\Illuminate\\Foundation\\Http\\Middleware\\TransformsRequest.php(21): Illuminate\\Pipeline\\Pipeline->Illuminate\\Pipeline\\{closure}(Object(Illuminate\\Http\\Request))
#16 C:\\Users\\Miguel\\Desktop\\Applikcation Octobre\\Projet gestion de stock\\backend\\vendor\\laravel\\framework\\src\\Illuminate\\Foundation\\Http\\Middleware\\TrimStrings.php(51): Illuminate\\Foundation\\Http\\Middleware\\TransformsRequest->handle(Object(Illuminate\\Http\\Request), Object(Closure))
#17 C:\\Users\\Miguel\\Desktop\\Applikcation Octobre\\Projet gestion de stock\\backend\\vendor\\laravel\\framework\\src\\Illuminate\\Pipeline\\Pipeline.php(219): Illuminate\\Foundation\\Http\\Middleware\\TrimStrings->handle(Object(Illuminate\\Http\\Request), Object(Closure))
#18 C:\\Users\\Miguel\\Desktop\\Applikcation Octobre\\Projet gestion de stock\\backend\\vendor\\laravel\\framework\\src\\Illuminate\\Http\\Middleware\\ValidatePostSize.php(27): Illuminate\\Pipeline\\Pipeline->Illuminate\\Pipeline\\{closure}(Object(Illuminate\\Http\\Request))
#19 C:\\Users\\Miguel\\Desktop\\Applikcation Octobre\\Projet gestion de stock\\backend\\vendor\\laravel\\framework\\src\\Illuminate\\Pipeline\\Pipeline.php(219): Illuminate\\Http\\Middleware\\ValidatePostSize->handle(Object(Illuminate\\Http\\Request), Object(Closure))
#20 C:\\Users\\Miguel\\Desktop\\Applikcation Octobre\\Projet gestion de stock\\backend\\vendor\\laravel\\framework\\src\\Illuminate\\Http\\Middleware\\HandleCors.php(61): Illuminate\\Pipeline\\Pipeline->Illuminate\\Pipeline\\{closure}(Object(Illuminate\\Http\\Request))
#21 C:\\Users\\Miguel\\Desktop\\Applikcation Octobre\\Projet gestion de stock\\backend\\vendor\\laravel\\framework\\src\\Illuminate\\Pipeline\\Pipeline.php(219): Illuminate\\Http\\Middleware\\HandleCors->handle(Object(Illuminate\\Http\\Request), Object(Closure))
#22 C:\\Users\\Miguel\\Desktop\\Applikcation Octobre\\Projet gestion de stock\\backend\\vendor\\laravel\\framework\\src\\Illuminate\\Http\\Middleware\\TrustProxies.php(58): Illuminate\\Pipeline\\Pipeline->Illuminate\\Pipeline\\{closure}(Object(Illuminate\\Http\\Request))
#23 C:\\Users\\Miguel\\Desktop\\Applikcation Octobre\\Projet gestion de stock\\backend\\vendor\\laravel\\framework\\src\\Illuminate\\Pipeline\\Pipeline.php(219): Illuminate\\Http\\Middleware\\TrustProxies->handle(Object(Illuminate\\Http\\Request), Object(Closure))
#24 C:\\Users\\Miguel\\Desktop\\Applikcation Octobre\\Projet gestion de stock\\backend\\vendor\\laravel\\framework\\src\\Illuminate\\Pipeline\\Pipeline.php(137): Illuminate\\Pipeline\\Pipeline->Illuminate\\Pipeline\\{closure}(Object(Illuminate\\Http\\Request))
#25 C:\\Users\\Miguel\\Desktop\\Applikcation Octobre\\Projet gestion de stock\\backend\\vendor\\laravel\\framework\\src\\Illuminate\\Foundation\\Http\\Kernel.php(175): Illuminate\\Pipeline\\Pipeline->then(Object(Closure))
#26 C:\\Users\\Miguel\\Desktop\\Applikcation Octobre\\Projet gestion de stock\\backend\\vendor\\laravel\\framework\\src\\Illuminate\\Foundation\\Http\\Kernel.php(144): Illuminate\\Foundation\\Http\\Kernel->sendRequestThroughRouter(Object(Illuminate\\Http\\Request))
#27 C:\\Users\\Miguel\\Desktop\\Applikcation Octobre\\Projet gestion de stock\\backend\\public\\index.php(76): Illuminate\\Foundation\\Http\\Kernel->handle(Object(Illuminate\\Http\\Request))
#28 C:\\Users\\Miguel\\Desktop\\Applikcation Octobre\\Projet gestion de stock\\backend\\vendor\\laravel\\framework\\src\\Illuminate\\Foundation\\resources\\server.php(23): require_once('C:\\\\Users\\\\Miguel...')
#29 {main}

[previous exception] [object] (ReflectionException(code: -1): Class \"cors\" does not exist at C:\\Users\\Miguel\\Desktop\\Applikcation Octobre\\Projet gestion de stock\\backend\\vendor\\laravel\\framework\\src\\Illuminate\\Container\\Container.php:1161)
[stacktrace]
#0 C:\\Users\\Miguel\\Desktop\\Applikcation Octobre\\Projet gestion de stock\\backend\\vendor\\laravel\\framework\\src\\Illuminate\\Container\\Container.php(1161): ReflectionClass->__construct('cors')
#1 C:\\Users\\Miguel\\Desktop\\Applikcation Octobre\\Projet gestion de stock\\backend\\vendor\\laravel\\framework\\src\\Illuminate\\Container\\Container.php(972): Illuminate\\Container\\Container->build('cors')
#2 C:\\Users\\Miguel\\Desktop\\Applikcation Octobre\\Projet gestion de stock\\backend\\vendor\\laravel\\framework\\src\\Illuminate\\Foundation\\Application.php(1078): Illuminate\\Container\\Container->resolve('cors', Array, true)
#3 C:\\Users\\Miguel\\Desktop\\Applikcation Octobre\\Projet gestion de stock\\backend\\vendor\\laravel\\framework\\src\\Illuminate\\Container\\Container.php(903): Illuminate\\Foundation\\Application->resolve('cors', Array)
#4 C:\\Users\\Miguel\\Desktop\\Applikcation Octobre\\Projet gestion de stock\\backend\\vendor\\laravel\\framework\\src\\Illuminate\\Foundation\\Application.php(1058): Illuminate\\Container\\Container->make('cors', Array)
#5 C:\\Users\\Miguel\\Desktop\\Applikcation Octobre\\Projet gestion de stock\\backend\\vendor\\laravel\\framework\\src\\Illuminate\\Pipeline\\Pipeline.php(208): Illuminate\\Foundation\\Application->make('cors')
#6 C:\\Users\\Miguel\\Desktop\\Applikcation Octobre\\Projet gestion de stock\\backend\\vendor\\laravel\\framework\\src\\Illuminate\\Pipeline\\Pipeline.php(137): Illuminate\\Pipeline\\Pipeline->Illuminate\\Pipeline\\{closure}(Object(Illuminate\\Http\\Request))
#7 C:\\Users\\Miguel\\Desktop\\Applikcation Octobre\\Projet gestion de stock\\backend\\vendor\\laravel\\framework\\src\\Illuminate\\Routing\\Router.php(821): Illuminate\\Pipeline\\Pipeline->then(Object(Closure))
#8 C:\\Users\\Miguel\\Desktop\\Applikcation Octobre\\Projet gestion de stock\\backend\\vendor\\laravel\\framework\\src\\Illuminate\\Routing\\Router.php(800): Illuminate\\Routing\\Router->runRouteWithinStack(Object(Illuminate\\Routing\\Route), Object(Illuminate\\Http\\Request))
#9 C:\\Users\\Miguel\\Desktop\\Applikcation Octobre\\Projet gestion de stock\\backend\\vendor\\laravel\\framework\\src\\Illuminate\\Routing\\Router.php(764): Illuminate\\Routing\\Router->runRoute(Object(Illuminate\\Http\\Request), Object(Illuminate\\Routing\\Route))
#10 C:\\Users\\Miguel\\Desktop\\Applikcation Octobre\\Projet gestion de stock\\backend\\vendor\\laravel\\framework\\src\\Illuminate\\Routing\\Router.php(753): Illuminate\\Routing\\Router->dispatchToRoute(Object(Illuminate\\Http\\Request))
#11 C:\\Users\\Miguel\\Desktop\\Applikcation Octobre\\Projet gestion de stock\\backend\\vendor\\laravel\\framework\\src\\Illuminate\\Foundation\\Http\\Kernel.php(200): Illuminate\\Routing\\Router->dispatch(Object(Illuminate\\Http\\Request))
#12 C:\\Users\\Miguel\\Desktop\\Applikcation Octobre\\Projet gestion de stock\\backend\\vendor\\laravel\\framework\\src\\Illuminate\\Pipeline\\Pipeline.php(180): Illuminate\\Foundation\\Http\\Kernel->Illuminate\\Foundation\\Http\\{closure}(Object(Illuminate\\Http\\Request))
#13 C:\\Users\\Miguel\\Desktop\\Applikcation Octobre\\Projet gestion de stock\\backend\\vendor\\laravel\\framework\\src\\Illuminate\\Foundation\\Http\\Middleware\\TransformsRequest.php(21): Illuminate\\Pipeline\\Pipeline->Illuminate\\Pipeline\\{closure}(Object(Illuminate\\Http\\Request))
#14 C:\\Users\\Miguel\\Desktop\\Applikcation Octobre\\Projet gestion de stock\\backend\\vendor\\laravel\\framework\\src\\Illuminate\\Foundation\\Http\\Middleware\\ConvertEmptyStringsToNull.php(31): Illuminate\\Foundation\\Http\\Middleware\\TransformsRequest->handle(Object(Illuminate\\Http\\Request), Object(Closure))
#15 C:\\Users\\Miguel\\Desktop\\Applikcation Octobre\\Projet gestion de stock\\backend\\vendor\\laravel\\framework\\src\\Illuminate\\Pipeline\\Pipeline.php(219): Illuminate\\Foundation\\Http\\Middleware\\ConvertEmptyStringsToNull->handle(Object(Illuminate\\Http\\Request), Object(Closure))
#16 C:\\Users\\Miguel\\Desktop\\Applikcation Octobre\\Projet gestion de stock\\backend\\vendor\\laravel\\framework\\src\\Illuminate\\Foundation\\Http\\Middleware\\TransformsRequest.php(21): Illuminate\\Pipeline\\Pipeline->Illuminate\\Pipeline\\{closure}(Object(Illuminate\\Http\\Request))
#17 C:\\Users\\Miguel\\Desktop\\Applikcation Octobre\\Projet gestion de stock\\backend\\vendor\\laravel\\framework\\src\\Illuminate\\Foundation\\Http\\Middleware\\TrimStrings.php(51): Illuminate\\Foundation\\Http\\Middleware\\TransformsRequest->handle(Object(Illuminate\\Http\\Request), Object(Closure))
#18 C:\\Users\\Miguel\\Desktop\\Applikcation Octobre\\Projet gestion de stock\\backend\\vendor\\laravel\\framework\\src\\Illuminate\\Pipeline\\Pipeline.php(219): Illuminate\\Foundation\\Http\\Middleware\\TrimStrings->handle(Object(Illuminate\\Http\\Request), Object(Closure))
#19 C:\\Users\\Miguel\\Desktop\\Applikcation Octobre\\Projet gestion de stock\\backend\\vendor\\laravel\\framework\\src\\Illuminate\\Http\\Middleware\\ValidatePostSize.php(27): Illuminate\\Pipeline\\Pipeline->Illuminate\\Pipeline\\{closure}(Object(Illuminate\\Http\\Request))
#20 C:\\Users\\Miguel\\Desktop\\Applikcation Octobre\\Projet gestion de stock\\backend\\vendor\\laravel\\framework\\src\\Illuminate\\Pipeline\\Pipeline.php(219): Illuminate\\Http\\Middleware\\ValidatePostSize->handle(Object(Illuminate\\Http\\Request), Object(Closure))
#21 C:\\Users\\Miguel\\Desktop\\Applikcation Octobre\\Projet gestion de stock\\backend\\vendor\\laravel\\framework\\src\\Illuminate\\Http\\Middleware\\HandleCors.php(61): Illuminate\\Pipeline\\Pipeline->Illuminate\\Pipeline\\{closure}(Object(Illuminate\\Http\\Request))
#22 C:\\Users\\Miguel\\Desktop\\Applikcation Octobre\\Projet gestion de stock\\backend\\vendor\\laravel\\framework\\src\\Illuminate\\Pipeline\\Pipeline.php(219): Illuminate\\Http\\Middleware\\HandleCors->handle(Object(Illuminate\\Http\\Request), Object(Closure))
#23 C:\\Users\\Miguel\\Desktop\\Applikcation Octobre\\Projet gestion de stock\\backend\\vendor\\laravel\\framework\\src\\Illuminate\\Http\\Middleware\\TrustProxies.php(58): Illuminate\\Pipeline\\Pipeline->Illuminate\\Pipeline\\{closure}(Object(Illuminate\\Http\\Request))
#24 C:\\Users\\Miguel\\Desktop\\Applikcation Octobre\\Projet gestion de stock\\backend\\vendor\\laravel\\framework\\src\\Illuminate\\Pipeline\\Pipeline.php(219): Illuminate\\Http\\Middleware\\TrustProxies->handle(Object(Illuminate\\Http\\Request), Object(Closure))
#25 C:\\Users\\Miguel\\Desktop\\Applikcation Octobre\\Projet gestion de stock\\backend\\vendor\\laravel\\framework\\src\\Illuminate\\Pipeline\\Pipeline.php(137): Illuminate\\Pipeline\\Pipeline->Illuminate\\Pipeline\\{closure}(Object(Illuminate\\Http\\Request))
#26 C:\\Users\\Miguel\\Desktop\\Applikcation Octobre\\Projet gestion de stock\\backend\\vendor\\laravel\\framework\\src\\Illuminate\\Foundation\\Http\\Kernel.php(175): Illuminate\\Pipeline\\Pipeline->then(Object(Closure))
#27 C:\\Users\\Miguel\\Desktop\\Applikcation Octobre\\Projet gestion de stock\\backend\\vendor\\laravel\\framework\\src\\Illuminate\\Foundation\\Http\\Kernel.php(144): Illuminate\\Foundation\\Http\\Kernel->sendRequestThroughRouter(Object(Illuminate\\Http\\Request))
#28 C:\\Users\\Miguel\\Desktop\\Applikcation Octobre\\Projet gestion de stock\\backend\\public\\index.php(76): Illuminate\\Foundation\\Http\\Kernel->handle(Object(Illuminate\\Http\\Request))
#29 C:\\Users\\Miguel\\Desktop\\Applikcation Octobre\\Projet gestion de stock\\backend\\vendor\\laravel\\framework\\src\\Illuminate\\Foundation\\resources\\server.php(23): require_once('C:\\\\Users\\\\Miguel...')
#30 {main}
"} 
[2025-11-11 15:59:20] local.ERROR: Target class [cors] does not exist. {"exception":"[object] (Illuminate\\Contracts\\Container\\BindingResolutionException(code: 0): Target class [cors] does not exist. at C:\\Users\\Miguel\\Desktop\\Applikcation Octobre\\Projet gestion de stock\\backend\\vendor\\laravel\\framework\\src\\Illuminate\\Container\\Container.php:1163)
[stacktrace]
#0 C:\\Users\\Miguel\\Desktop\\Applikcation Octobre\\Projet gestion de stock\\backend\\vendor\\laravel\\framework\\src\\Illuminate\\Container\\Container.php(972): Illuminate\\Container\\Container->build('cors')
#1 C:\\Users\\Miguel\\Desktop\\Applikcation Octobre\\Projet gestion de stock\\backend\\vendor\\laravel\\framework\\src\\Illuminate\\Foundation\\Application.php(1078): Illuminate\\Container\\Container->resolve('cors', Array, true)
#2 C:\\Users\\Miguel\\Desktop\\Applikcation Octobre\\Projet gestion de stock\\backend\\vendor\\laravel\\framework\\src\\Illuminate\\Container\\Container.php(903): Illuminate\\Foundation\\Application->resolve('cors', Array)
#3 C:\\Users\\Miguel\\Desktop\\Applikcation Octobre\\Projet gestion de stock\\backend\\vendor\\laravel\\framework\\src\\Illuminate\\Foundation\\Application.php(1058): Illuminate\\Container\\Container->make('cors', Array)
#4 C:\\Users\\Miguel\\Desktop\\Applikcation Octobre\\Projet gestion de stock\\backend\\vendor\\laravel\\framework\\src\\Illuminate\\Pipeline\\Pipeline.php(208): Illuminate\\Foundation\\Application->make('cors')
#5 C:\\Users\\Miguel\\Desktop\\Applikcation Octobre\\Projet gestion de stock\\backend\\vendor\\laravel\\framework\\src\\Illuminate\\Pipeline\\Pipeline.php(137): Illuminate\\Pipeline\\Pipeline->Illuminate\\Pipeline\\{closure}(Object(Illuminate\\Http\\Request))
#6 C:\\Users\\Miguel\\Desktop\\Applikcation Octobre\\Projet gestion de stock\\backend\\vendor\\laravel\\framework\\src\\Illuminate\\Routing\\Router.php(821): Illuminate\\Pipeline\\Pipeline->then(Object(Closure))
#7 C:\\Users\\Miguel\\Desktop\\Applikcation Octobre\\Projet gestion de stock\\backend\\vendor\\laravel\\framework\\src\\Illuminate\\Routing\\Router.php(800): Illuminate\\Routing\\Router->runRouteWithinStack(Object(Illuminate\\Routing\\Route), Object(Illuminate\\Http\\Request))
#8 C:\\Users\\Miguel\\Desktop\\Applikcation Octobre\\Projet gestion de stock\\backend\\vendor\\laravel\\framework\\src\\Illuminate\\Routing\\Router.php(764): Illuminate\\Routing\\Router->runRoute(Object(Illuminate\\Http\\Request), Object(Illuminate\\Routing\\Route))
#9 C:\\Users\\Miguel\\Desktop\\Applikcation Octobre\\Projet gestion de stock\\backend\\vendor\\laravel\\framework\\src\\Illuminate\\Routing\\Router.php(753): Illuminate\\Routing\\Router->dispatchToRoute(Object(Illuminate\\Http\\Request))
#10 C:\\Users\\Miguel\\Desktop\\Applikcation Octobre\\Projet gestion de stock\\backend\\vendor\\laravel\\framework\\src\\Illuminate\\Foundation\\Http\\Kernel.php(200): Illuminate\\Routing\\Router->dispatch(Object(Illuminate\\Http\\Request))
#11 C:\\Users\\Miguel\\Desktop\\Applikcation Octobre\\Projet gestion de stock\\backend\\vendor\\laravel\\framework\\src\\Illuminate\\Pipeline\\Pipeline.php(180): Illuminate\\Foundation\\Http\\Kernel->Illuminate\\Foundation\\Http\\{closure}(Object(Illuminate\\Http\\Request))
#12 C:\\Users\\Miguel\\Desktop\\Applikcation Octobre\\Projet gestion de stock\\backend\\vendor\\laravel\\framework\\src\\Illuminate\\Foundation\\Http\\Middleware\\TransformsRequest.php(21): Illuminate\\Pipeline\\Pipeline->Illuminate\\Pipeline\\{closure}(Object(Illuminate\\Http\\Request))
#13 C:\\Users\\Miguel\\Desktop\\Applikcation Octobre\\Projet gestion de stock\\backend\\vendor\\laravel\\framework\\src\\Illuminate\\Foundation\\Http\\Middleware\\ConvertEmptyStringsToNull.php(31): Illuminate\\Foundation\\Http\\Middleware\\TransformsRequest->handle(Object(Illuminate\\Http\\Request), Object(Closure))
#14 C:\\Users\\Miguel\\Desktop\\Applikcation Octobre\\Projet gestion de stock\\backend\\vendor\\laravel\\framework\\src\\Illuminate\\Pipeline\\Pipeline.php(219): Illuminate\\Foundation\\Http\\Middleware\\ConvertEmptyStringsToNull->handle(Object(Illuminate\\Http\\Request), Object(Closure))
#15 C:\\Users\\Miguel\\Desktop\\Applikcation Octobre\\Projet gestion de stock\\backend\\vendor\\laravel\\framework\\src\\Illuminate\\Foundation\\Http\\Middleware\\TransformsRequest.php(21): Illuminate\\Pipeline\\Pipeline->Illuminate\\Pipeline\\{closure}(Object(Illuminate\\Http\\Request))
#16 C:\\Users\\Miguel\\Desktop\\Applikcation Octobre\\Projet gestion de stock\\backend\\vendor\\laravel\\framework\\src\\Illuminate\\Foundation\\Http\\Middleware\\TrimStrings.php(51): Illuminate\\Foundation\\Http\\Middleware\\TransformsRequest->handle(Object(Illuminate\\Http\\Request), Object(Closure))
#17 C:\\Users\\Miguel\\Desktop\\Applikcation Octobre\\Projet gestion de stock\\backend\\vendor\\laravel\\framework\\src\\Illuminate\\Pipeline\\Pipeline.php(219): Illuminate\\Foundation\\Http\\Middleware\\TrimStrings->handle(Object(Illuminate\\Http\\Request), Object(Closure))
#18 C:\\Users\\Miguel\\Desktop\\Applikcation Octobre\\Projet gestion de stock\\backend\\vendor\\laravel\\framework\\src\\Illuminate\\Http\\Middleware\\ValidatePostSize.php(27): Illuminate\\Pipeline\\Pipeline->Illuminate\\Pipeline\\{closure}(Object(Illuminate\\Http\\Request))
#19 C:\\Users\\Miguel\\Desktop\\Applikcation Octobre\\Projet gestion de stock\\backend\\vendor\\laravel\\framework\\src\\Illuminate\\Pipeline\\Pipeline.php(219): Illuminate\\Http\\Middleware\\ValidatePostSize->handle(Object(Illuminate\\Http\\Request), Object(Closure))
#20 C:\\Users\\Miguel\\Desktop\\Applikcation Octobre\\Projet gestion de stock\\backend\\vendor\\laravel\\framework\\src\\Illuminate\\Http\\Middleware\\HandleCors.php(61): Illuminate\\Pipeline\\Pipeline->Illuminate\\Pipeline\\{closure}(Object(Illuminate\\Http\\Request))
#21 C:\\Users\\Miguel\\Desktop\\Applikcation Octobre\\Projet gestion de stock\\backend\\vendor\\laravel\\framework\\src\\Illuminate\\Pipeline\\Pipeline.php(219): Illuminate\\Http\\Middleware\\HandleCors->handle(Object(Illuminate\\Http\\Request), Object(Closure))
#22 C:\\Users\\Miguel\\Desktop\\Applikcation Octobre\\Projet gestion de stock\\backend\\vendor\\laravel\\framework\\src\\Illuminate\\Http\\Middleware\\TrustProxies.php(58): Illuminate\\Pipeline\\Pipeline->Illuminate\\Pipeline\\{closure}(Object(Illuminate\\Http\\Request))
#23 C:\\Users\\Miguel\\Desktop\\Applikcation Octobre\\Projet gestion de stock\\backend\\vendor\\laravel\\framework\\src\\Illuminate\\Pipeline\\Pipeline.php(219): Illuminate\\Http\\Middleware\\TrustProxies->handle(Object(Illuminate\\Http\\Request), Object(Closure))
#24 C:\\Users\\Miguel\\Desktop\\Applikcation Octobre\\Projet gestion de stock\\backend\\vendor\\laravel\\framework\\src\\Illuminate\\Pipeline\\Pipeline.php(137): Illuminate\\Pipeline\\Pipeline->Illuminate\\Pipeline\\{closure}(Object(Illuminate\\Http\\Request))
#25 C:\\Users\\Miguel\\Desktop\\Applikcation Octobre\\Projet gestion de stock\\backend\\vendor\\laravel\\framework\\src\\Illuminate\\Foundation\\Http\\Kernel.php(175): Illuminate\\Pipeline\\Pipeline->then(Object(Closure))
#26 C:\\Users\\Miguel\\Desktop\\Applikcation Octobre\\Projet gestion de stock\\backend\\vendor\\laravel\\framework\\src\\Illuminate\\Foundation\\Http\\Kernel.php(144): Illuminate\\Foundation\\Http\\Kernel->sendRequestThroughRouter(Object(Illuminate\\Http\\Request))
#27 C:\\Users\\Miguel\\Desktop\\Applikcation Octobre\\Projet gestion de stock\\backend\\public\\index.php(76): Illuminate\\Foundation\\Http\\Kernel->handle(Object(Illuminate\\Http\\Request))
#28 C:\\Users\\Miguel\\Desktop\\Applikcation Octobre\\Projet gestion de stock\\backend\\vendor\\laravel\\framework\\src\\Illuminate\\Foundation\\resources\\server.php(23): require_once('C:\\\\Users\\\\Miguel...')
#29 {main}

[previous exception] [object] (ReflectionException(code: -1): Class \"cors\" does not exist at C:\\Users\\Miguel\\Desktop\\Applikcation Octobre\\Projet gestion de stock\\backend\\vendor\\laravel\\framework\\src\\Illuminate\\Container\\Container.php:1161)
[stacktrace]
#0 C:\\Users\\Miguel\\Desktop\\Applikcation Octobre\\Projet gestion de stock\\backend\\vendor\\laravel\\framework\\src\\Illuminate\\Container\\Container.php(1161): ReflectionClass->__construct('cors')
#1 C:\\Users\\Miguel\\Desktop\\Applikcation Octobre\\Projet gestion de stock\\backend\\vendor\\laravel\\framework\\src\\Illuminate\\Container\\Container.php(972): Illuminate\\Container\\Container->build('cors')
#2 C:\\Users\\Miguel\\Desktop\\Applikcation Octobre\\Projet gestion de stock\\backend\\vendor\\laravel\\framework\\src\\Illuminate\\Foundation\\Application.php(1078): Illuminate\\Container\\Container->resolve('cors', Array, true)
#3 C:\\Users\\Miguel\\Desktop\\Applikcation Octobre\\Projet gestion de stock\\backend\\vendor\\laravel\\framework\\src\\Illuminate\\Container\\Container.php(903): Illuminate\\Foundation\\Application->resolve('cors', Array)
#4 C:\\Users\\Miguel\\Desktop\\Applikcation Octobre\\Projet gestion de stock\\backend\\vendor\\laravel\\framework\\src\\Illuminate\\Foundation\\Application.php(1058): Illuminate\\Container\\Container->make('cors', Array)
#5 C:\\Users\\Miguel\\Desktop\\Applikcation Octobre\\Projet gestion de stock\\backend\\vendor\\laravel\\framework\\src\\Illuminate\\Pipeline\\Pipeline.php(208): Illuminate\\Foundation\\Application->make('cors')
#6 C:\\Users\\Miguel\\Desktop\\Applikcation Octobre\\Projet gestion de stock\\backend\\vendor\\laravel\\framework\\src\\Illuminate\\Pipeline\\Pipeline.php(137): Illuminate\\Pipeline\\Pipeline->Illuminate\\Pipeline\\{closure}(Object(Illuminate\\Http\\Request))
#7 C:\\Users\\Miguel\\Desktop\\Applikcation Octobre\\Projet gestion de stock\\backend\\vendor\\laravel\\framework\\src\\Illuminate\\Routing\\Router.php(821): Illuminate\\Pipeline\\Pipeline->then(Object(Closure))
#8 C:\\Users\\Miguel\\Desktop\\Applikcation Octobre\\Projet gestion de stock\\backend\\vendor\\laravel\\framework\\src\\Illuminate\\Routing\\Router.php(800): Illuminate\\Routing\\Router->runRouteWithinStack(Object(Illuminate\\Routing\\Route), Object(Illuminate\\Http\\Request))
#9 C:\\Users\\Miguel\\Desktop\\Applikcation Octobre\\Projet gestion de stock\\backend\\vendor\\laravel\\framework\\src\\Illuminate\\Routing\\Router.php(764): Illuminate\\Routing\\Router->runRoute(Object(Illuminate\\Http\\Request), Object(Illuminate\\Routing\\Route))
#10 C:\\Users\\Miguel\\Desktop\\Applikcation Octobre\\Projet gestion de stock\\backend\\vendor\\laravel\\framework\\src\\Illuminate\\Routing\\Router.php(753): Illuminate\\Routing\\Router->dispatchToRoute(Object(Illuminate\\Http\\Request))
#11 C:\\Users\\Miguel\\Desktop\\Applikcation Octobre\\Projet gestion de stock\\backend\\vendor\\laravel\\framework\\src\\Illuminate\\Foundation\\Http\\Kernel.php(200): Illuminate\\Routing\\Router->dispatch(Object(Illuminate\\Http\\Request))
#12 C:\\Users\\Miguel\\Desktop\\Applikcation Octobre\\Projet gestion de stock\\backend\\vendor\\laravel\\framework\\src\\Illuminate\\Pipeline\\Pipeline.php(180): Illuminate\\Foundation\\Http\\Kernel->Illuminate\\Foundation\\Http\\{closure}(Object(Illuminate\\Http\\Request))
#13 C:\\Users\\Miguel\\Desktop\\Applikcation Octobre\\Projet gestion de stock\\backend\\vendor\\laravel\\framework\\src\\Illuminate\\Foundation\\Http\\Middleware\\TransformsRequest.php(21): Illuminate\\Pipeline\\Pipeline->Illuminate\\Pipeline\\{closure}(Object(Illuminate\\Http\\Request))
#14 C:\\Users\\Miguel\\Desktop\\Applikcation Octobre\\Projet gestion de stock\\backend\\vendor\\laravel\\framework\\src\\Illuminate\\Foundation\\Http\\Middleware\\ConvertEmptyStringsToNull.php(31): Illuminate\\Foundation\\Http\\Middleware\\TransformsRequest->handle(Object(Illuminate\\Http\\Request), Object(Closure))
#15 C:\\Users\\Miguel\\Desktop\\Applikcation Octobre\\Projet gestion de stock\\backend\\vendor\\laravel\\framework\\src\\Illuminate\\Pipeline\\Pipeline.php(219): Illuminate\\Foundation\\Http\\Middleware\\ConvertEmptyStringsToNull->handle(Object(Illuminate\\Http\\Request), Object(Closure))
#16 C:\\Users\\Miguel\\Desktop\\Applikcation Octobre\\Projet gestion de stock\\backend\\vendor\\laravel\\framework\\src\\Illuminate\\Foundation\\Http\\Middleware\\TransformsRequest.php(21): Illuminate\\Pipeline\\Pipeline->Illuminate\\Pipeline\\{closure}(Object(Illuminate\\Http\\Request))
#17 C:\\Users\\Miguel\\Desktop\\Applikcation Octobre\\Projet gestion de stock\\backend\\vendor\\laravel\\framework\\src\\Illuminate\\Foundation\\Http\\Middleware\\TrimStrings.php(51): Illuminate\\Foundation\\Http\\Middleware\\TransformsRequest->handle(Object(Illuminate\\Http\\Request), Object(Closure))
#18 C:\\Users\\Miguel\\Desktop\\Applikcation Octobre\\Projet gestion de stock\\backend\\vendor\\laravel\\framework\\src\\Illuminate\\Pipeline\\Pipeline.php(219): Illuminate\\Foundation\\Http\\Middleware\\TrimStrings->handle(Object(Illuminate\\Http\\Request), Object(Closure))
#19 C:\\Users\\Miguel\\Desktop\\Applikcation Octobre\\Projet gestion de stock\\backend\\vendor\\laravel\\framework\\src\\Illuminate\\Http\\Middleware\\ValidatePostSize.php(27): Illuminate\\Pipeline\\Pipeline->Illuminate\\Pipeline\\{closure}(Object(Illuminate\\Http\\Request))
#20 C:\\Users\\Miguel\\Desktop\\Applikcation Octobre\\Projet gestion de stock\\backend\\vendor\\laravel\\framework\\src\\Illuminate\\Pipeline\\Pipeline.php(219): Illuminate\\Http\\Middleware\\ValidatePostSize->handle(Object(Illuminate\\Http\\Request), Object(Closure))
#21 C:\\Users\\Miguel\\Desktop\\Applikcation Octobre\\Projet gestion de stock\\backend\\vendor\\laravel\\framework\\src\\Illuminate\\Http\\Middleware\\HandleCors.php(61): Illuminate\\Pipeline\\Pipeline->Illuminate\\Pipeline\\{closure}(Object(Illuminate\\Http\\Request))
#22 C:\\Users\\Miguel\\Desktop\\Applikcation Octobre\\Projet gestion de stock\\backend\\vendor\\laravel\\framework\\src\\Illuminate\\Pipeline\\Pipeline.php(219): Illuminate\\Http\\Middleware\\HandleCors->handle(Object(Illuminate\\Http\\Request), Object(Closure))
#23 C:\\Users\\Miguel\\Desktop\\Applikcation Octobre\\Projet gestion de stock\\backend\\vendor\\laravel\\framework\\src\\Illuminate\\Http\\Middleware\\TrustProxies.php(58): Illuminate\\Pipeline\\Pipeline->Illuminate\\Pipeline\\{closure}(Object(Illuminate\\Http\\Request))
#24 C:\\Users\\Miguel\\Desktop\\Applikcation Octobre\\Projet gestion de stock\\backend\\vendor\\laravel\\framework\\src\\Illuminate\\Pipeline\\Pipeline.php(219): Illuminate\\Http\\Middleware\\TrustProxies->handle(Object(Illuminate\\Http\\Request), Object(Closure))
#25 C:\\Users\\Miguel\\Desktop\\Applikcation Octobre\\Projet gestion de stock\\backend\\vendor\\laravel\\framework\\src\\Illuminate\\Pipeline\\Pipeline.php(137): Illuminate\\Pipeline\\Pipeline->Illuminate\\Pipeline\\{closure}(Object(Illuminate\\Http\\Request))
#26 C:\\Users\\Miguel\\Desktop\\Applikcation Octobre\\Projet gestion de stock\\backend\\vendor\\laravel\\framework\\src\\Illuminate\\Foundation\\Http\\Kernel.php(175): Illuminate\\Pipeline\\Pipeline->then(Object(Closure))
#27 C:\\Users\\Miguel\\Desktop\\Applikcation Octobre\\Projet gestion de stock\\backend\\vendor\\laravel\\framework\\src\\Illuminate\\Foundation\\Http\\Kernel.php(144): Illuminate\\Foundation\\Http\\Kernel->sendRequestThroughRouter(Object(Illuminate\\Http\\Request))
#28 C:\\Users\\Miguel\\Desktop\\Applikcation Octobre\\Projet gestion de stock\\backend\\public\\index.php(76): Illuminate\\Foundation\\Http\\Kernel->handle(Object(Illuminate\\Http\\Request))
#29 C:\\Users\\Miguel\\Desktop\\Applikcation Octobre\\Projet gestion de stock\\backend\\vendor\\laravel\\framework\\src\\Illuminate\\Foundation\\resources\\server.php(23): require_once('C:\\\\Users\\\\Miguel...')
#30 {main}
"} 
[2025-11-11 15:59:35] local.ERROR: Target class [cors] does not exist. {"exception":"[object] (Illuminate\\Contracts\\Container\\BindingResolutionException(code: 0): Target class [cors] does not exist. at C:\\Users\\Miguel\\Desktop\\Applikcation Octobre\\Projet gestion de stock\\backend\\vendor\\laravel\\framework\\src\\Illuminate\\Container\\Container.php:1163)
[stacktrace]
#0 C:\\Users\\Miguel\\Desktop\\Applikcation Octobre\\Projet gestion de stock\\backend\\vendor\\laravel\\framework\\src\\Illuminate\\Container\\Container.php(972): Illuminate\\Container\\Container->build('cors')
#1 C:\\Users\\Miguel\\Desktop\\Applikcation Octobre\\Projet gestion de stock\\backend\\vendor\\laravel\\framework\\src\\Illuminate\\Foundation\\Application.php(1078): Illuminate\\Container\\Container->resolve('cors', Array, true)
#2 C:\\Users\\Miguel\\Desktop\\Applikcation Octobre\\Projet gestion de stock\\backend\\vendor\\laravel\\framework\\src\\Illuminate\\Container\\Container.php(903): Illuminate\\Foundation\\Application->resolve('cors', Array)
#3 C:\\Users\\Miguel\\Desktop\\Applikcation Octobre\\Projet gestion de stock\\backend\\vendor\\laravel\\framework\\src\\Illuminate\\Foundation\\Application.php(1058): Illuminate\\Container\\Container->make('cors', Array)
#4 C:\\Users\\Miguel\\Desktop\\Applikcation Octobre\\Projet gestion de stock\\backend\\vendor\\laravel\\framework\\src\\Illuminate\\Pipeline\\Pipeline.php(208): Illuminate\\Foundation\\Application->make('cors')
#5 C:\\Users\\Miguel\\Desktop\\Applikcation Octobre\\Projet gestion de stock\\backend\\vendor\\laravel\\framework\\src\\Illuminate\\Pipeline\\Pipeline.php(137): Illuminate\\Pipeline\\Pipeline->Illuminate\\Pipeline\\{closure}(Object(Illuminate\\Http\\Request))
#6 C:\\Users\\Miguel\\Desktop\\Applikcation Octobre\\Projet gestion de stock\\backend\\vendor\\laravel\\framework\\src\\Illuminate\\Routing\\Router.php(821): Illuminate\\Pipeline\\Pipeline->then(Object(Closure))
#7 C:\\Users\\Miguel\\Desktop\\Applikcation Octobre\\Projet gestion de stock\\backend\\vendor\\laravel\\framework\\src\\Illuminate\\Routing\\Router.php(800): Illuminate\\Routing\\Router->runRouteWithinStack(Object(Illuminate\\Routing\\Route), Object(Illuminate\\Http\\Request))
#8 C:\\Users\\Miguel\\Desktop\\Applikcation Octobre\\Projet gestion de stock\\backend\\vendor\\laravel\\framework\\src\\Illuminate\\Routing\\Router.php(764): Illuminate\\Routing\\Router->runRoute(Object(Illuminate\\Http\\Request), Object(Illuminate\\Routing\\Route))
#9 C:\\Users\\Miguel\\Desktop\\Applikcation Octobre\\Projet gestion de stock\\backend\\vendor\\laravel\\framework\\src\\Illuminate\\Routing\\Router.php(753): Illuminate\\Routing\\Router->dispatchToRoute(Object(Illuminate\\Http\\Request))
#10 C:\\Users\\Miguel\\Desktop\\Applikcation Octobre\\Projet gestion de stock\\backend\\vendor\\laravel\\framework\\src\\Illuminate\\Foundation\\Http\\Kernel.php(200): Illuminate\\Routing\\Router->dispatch(Object(Illuminate\\Http\\Request))
#11 C:\\Users\\Miguel\\Desktop\\Applikcation Octobre\\Projet gestion de stock\\backend\\vendor\\laravel\\framework\\src\\Illuminate\\Pipeline\\Pipeline.php(180): Illuminate\\Foundation\\Http\\Kernel->Illuminate\\Foundation\\Http\\{closure}(Object(Illuminate\\Http\\Request))
#12 C:\\Users\\Miguel\\Desktop\\Applikcation Octobre\\Projet gestion de stock\\backend\\vendor\\laravel\\framework\\src\\Illuminate\\Foundation\\Http\\Middleware\\TransformsRequest.php(21): Illuminate\\Pipeline\\Pipeline->Illuminate\\Pipeline\\{closure}(Object(Illuminate\\Http\\Request))
#13 C:\\Users\\Miguel\\Desktop\\Applikcation Octobre\\Projet gestion de stock\\backend\\vendor\\laravel\\framework\\src\\Illuminate\\Foundation\\Http\\Middleware\\ConvertEmptyStringsToNull.php(31): Illuminate\\Foundation\\Http\\Middleware\\TransformsRequest->handle(Object(Illuminate\\Http\\Request), Object(Closure))
#14 C:\\Users\\Miguel\\Desktop\\Applikcation Octobre\\Projet gestion de stock\\backend\\vendor\\laravel\\framework\\src\\Illuminate\\Pipeline\\Pipeline.php(219): Illuminate\\Foundation\\Http\\Middleware\\ConvertEmptyStringsToNull->handle(Object(Illuminate\\Http\\Request), Object(Closure))
#15 C:\\Users\\Miguel\\Desktop\\Applikcation Octobre\\Projet gestion de stock\\backend\\vendor\\laravel\\framework\\src\\Illuminate\\Foundation\\Http\\Middleware\\TransformsRequest.php(21): Illuminate\\Pipeline\\Pipeline->Illuminate\\Pipeline\\{closure}(Object(Illuminate\\Http\\Request))
#16 C:\\Users\\Miguel\\Desktop\\Applikcation Octobre\\Projet gestion de stock\\backend\\vendor\\laravel\\framework\\src\\Illuminate\\Foundation\\Http\\Middleware\\TrimStrings.php(51): Illuminate\\Foundation\\Http\\Middleware\\TransformsRequest->handle(Object(Illuminate\\Http\\Request), Object(Closure))
#17 C:\\Users\\Miguel\\Desktop\\Applikcation Octobre\\Projet gestion de stock\\backend\\vendor\\laravel\\framework\\src\\Illuminate\\Pipeline\\Pipeline.php(219): Illuminate\\Foundation\\Http\\Middleware\\TrimStrings->handle(Object(Illuminate\\Http\\Request), Object(Closure))
#18 C:\\Users\\Miguel\\Desktop\\Applikcation Octobre\\Projet gestion de stock\\backend\\vendor\\laravel\\framework\\src\\Illuminate\\Http\\Middleware\\ValidatePostSize.php(27): Illuminate\\Pipeline\\Pipeline->Illuminate\\Pipeline\\{closure}(Object(Illuminate\\Http\\Request))
#19 C:\\Users\\Miguel\\Desktop\\Applikcation Octobre\\Projet gestion de stock\\backend\\vendor\\laravel\\framework\\src\\Illuminate\\Pipeline\\Pipeline.php(219): Illuminate\\Http\\Middleware\\ValidatePostSize->handle(Object(Illuminate\\Http\\Request), Object(Closure))
#20 C:\\Users\\Miguel\\Desktop\\Applikcation Octobre\\Projet gestion de stock\\backend\\vendor\\laravel\\framework\\src\\Illuminate\\Http\\Middleware\\HandleCors.php(61): Illuminate\\Pipeline\\Pipeline->Illuminate\\Pipeline\\{closure}(Object(Illuminate\\Http\\Request))
#21 C:\\Users\\Miguel\\Desktop\\Applikcation Octobre\\Projet gestion de stock\\backend\\vendor\\laravel\\framework\\src\\Illuminate\\Pipeline\\Pipeline.php(219): Illuminate\\Http\\Middleware\\HandleCors->handle(Object(Illuminate\\Http\\Request), Object(Closure))
#22 C:\\Users\\Miguel\\Desktop\\Applikcation Octobre\\Projet gestion de stock\\backend\\vendor\\laravel\\framework\\src\\Illuminate\\Http\\Middleware\\TrustProxies.php(58): Illuminate\\Pipeline\\Pipeline->Illuminate\\Pipeline\\{closure}(Object(Illuminate\\Http\\Request))
#23 C:\\Users\\Miguel\\Desktop\\Applikcation Octobre\\Projet gestion de stock\\backend\\vendor\\laravel\\framework\\src\\Illuminate\\Pipeline\\Pipeline.php(219): Illuminate\\Http\\Middleware\\TrustProxies->handle(Object(Illuminate\\Http\\Request), Object(Closure))
#24 C:\\Users\\Miguel\\Desktop\\Applikcation Octobre\\Projet gestion de stock\\backend\\vendor\\laravel\\framework\\src\\Illuminate\\Pipeline\\Pipeline.php(137): Illuminate\\Pipeline\\Pipeline->Illuminate\\Pipeline\\{closure}(Object(Illuminate\\Http\\Request))
#25 C:\\Users\\Miguel\\Desktop\\Applikcation Octobre\\Projet gestion de stock\\backend\\vendor\\laravel\\framework\\src\\Illuminate\\Foundation\\Http\\Kernel.php(175): Illuminate\\Pipeline\\Pipeline->then(Object(Closure))
#26 C:\\Users\\Miguel\\Desktop\\Applikcation Octobre\\Projet gestion de stock\\backend\\vendor\\laravel\\framework\\src\\Illuminate\\Foundation\\Http\\Kernel.php(144): Illuminate\\Foundation\\Http\\Kernel->sendRequestThroughRouter(Object(Illuminate\\Http\\Request))
#27 C:\\Users\\Miguel\\Desktop\\Applikcation Octobre\\Projet gestion de stock\\backend\\public\\index.php(76): Illuminate\\Foundation\\Http\\Kernel->handle(Object(Illuminate\\Http\\Request))
#28 C:\\Users\\Miguel\\Desktop\\Applikcation Octobre\\Projet gestion de stock\\backend\\vendor\\laravel\\framework\\src\\Illuminate\\Foundation\\resources\\server.php(23): require_once('C:\\\\Users\\\\Miguel...')
#29 {main}

[previous exception] [object] (ReflectionException(code: -1): Class \"cors\" does not exist at C:\\Users\\Miguel\\Desktop\\Applikcation Octobre\\Projet gestion de stock\\backend\\vendor\\laravel\\framework\\src\\Illuminate\\Container\\Container.php:1161)
[stacktrace]
#0 C:\\Users\\Miguel\\Desktop\\Applikcation Octobre\\Projet gestion de stock\\backend\\vendor\\laravel\\framework\\src\\Illuminate\\Container\\Container.php(1161): ReflectionClass->__construct('cors')
#1 C:\\Users\\Miguel\\Desktop\\Applikcation Octobre\\Projet gestion de stock\\backend\\vendor\\laravel\\framework\\src\\Illuminate\\Container\\Container.php(972): Illuminate\\Container\\Container->build('cors')
#2 C:\\Users\\Miguel\\Desktop\\Applikcation Octobre\\Projet gestion de stock\\backend\\vendor\\laravel\\framework\\src\\Illuminate\\Foundation\\Application.php(1078): Illuminate\\Container\\Container->resolve('cors', Array, true)
#3 C:\\Users\\Miguel\\Desktop\\Applikcation Octobre\\Projet gestion de stock\\backend\\vendor\\laravel\\framework\\src\\Illuminate\\Container\\Container.php(903): Illuminate\\Foundation\\Application->resolve('cors', Array)
#4 C:\\Users\\Miguel\\Desktop\\Applikcation Octobre\\Projet gestion de stock\\backend\\vendor\\laravel\\framework\\src\\Illuminate\\Foundation\\Application.php(1058): Illuminate\\Container\\Container->make('cors', Array)
#5 C:\\Users\\Miguel\\Desktop\\Applikcation Octobre\\Projet gestion de stock\\backend\\vendor\\laravel\\framework\\src\\Illuminate\\Pipeline\\Pipeline.php(208): Illuminate\\Foundation\\Application->make('cors')
#6 C:\\Users\\Miguel\\Desktop\\Applikcation Octobre\\Projet gestion de stock\\backend\\vendor\\laravel\\framework\\src\\Illuminate\\Pipeline\\Pipeline.php(137): Illuminate\\Pipeline\\Pipeline->Illuminate\\Pipeline\\{closure}(Object(Illuminate\\Http\\Request))
#7 C:\\Users\\Miguel\\Desktop\\Applikcation Octobre\\Projet gestion de stock\\backend\\vendor\\laravel\\framework\\src\\Illuminate\\Routing\\Router.php(821): Illuminate\\Pipeline\\Pipeline->then(Object(Closure))
#8 C:\\Users\\Miguel\\Desktop\\Applikcation Octobre\\Projet gestion de stock\\backend\\vendor\\laravel\\framework\\src\\Illuminate\\Routing\\Router.php(800): Illuminate\\Routing\\Router->runRouteWithinStack(Object(Illuminate\\Routing\\Route), Object(Illuminate\\Http\\Request))
#9 C:\\Users\\Miguel\\Desktop\\Applikcation Octobre\\Projet gestion de stock\\backend\\vendor\\laravel\\framework\\src\\Illuminate\\Routing\\Router.php(764): Illuminate\\Routing\\Router->runRoute(Object(Illuminate\\Http\\Request), Object(Illuminate\\Routing\\Route))
#10 C:\\Users\\Miguel\\Desktop\\Applikcation Octobre\\Projet gestion de stock\\backend\\vendor\\laravel\\framework\\src\\Illuminate\\Routing\\Router.php(753): Illuminate\\Routing\\Router->dispatchToRoute(Object(Illuminate\\Http\\Request))
#11 C:\\Users\\Miguel\\Desktop\\Applikcation Octobre\\Projet gestion de stock\\backend\\vendor\\laravel\\framework\\src\\Illuminate\\Foundation\\Http\\Kernel.php(200): Illuminate\\Routing\\Router->dispatch(Object(Illuminate\\Http\\Request))
#12 C:\\Users\\Miguel\\Desktop\\Applikcation Octobre\\Projet gestion de stock\\backend\\vendor\\laravel\\framework\\src\\Illuminate\\Pipeline\\Pipeline.php(180): Illuminate\\Foundation\\Http\\Kernel->Illuminate\\Foundation\\Http\\{closure}(Object(Illuminate\\Http\\Request))
#13 C:\\Users\\Miguel\\Desktop\\Applikcation Octobre\\Projet gestion de stock\\backend\\vendor\\laravel\\framework\\src\\Illuminate\\Foundation\\Http\\Middleware\\TransformsRequest.php(21): Illuminate\\Pipeline\\Pipeline->Illuminate\\Pipeline\\{closure}(Object(Illuminate\\Http\\Request))
#14 C:\\Users\\Miguel\\Desktop\\Applikcation Octobre\\Projet gestion de stock\\backend\\vendor\\laravel\\framework\\src\\Illuminate\\Foundation\\Http\\Middleware\\ConvertEmptyStringsToNull.php(31): Illuminate\\Foundation\\Http\\Middleware\\TransformsRequest->handle(Object(Illuminate\\Http\\Request), Object(Closure))
#15 C:\\Users\\Miguel\\Desktop\\Applikcation Octobre\\Projet gestion de stock\\backend\\vendor\\laravel\\framework\\src\\Illuminate\\Pipeline\\Pipeline.php(219): Illuminate\\Foundation\\Http\\Middleware\\ConvertEmptyStringsToNull->handle(Object(Illuminate\\Http\\Request), Object(Closure))
#16 C:\\Users\\Miguel\\Desktop\\Applikcation Octobre\\Projet gestion de stock\\backend\\vendor\\laravel\\framework\\src\\Illuminate\\Foundation\\Http\\Middleware\\TransformsRequest.php(21): Illuminate\\Pipeline\\Pipeline->Illuminate\\Pipeline\\{closure}(Object(Illuminate\\Http\\Request))
#17 C:\\Users\\Miguel\\Desktop\\Applikcation Octobre\\Projet gestion de stock\\backend\\vendor\\laravel\\framework\\src\\Illuminate\\Foundation\\Http\\Middleware\\TrimStrings.php(51): Illuminate\\Foundation\\Http\\Middleware\\TransformsRequest->handle(Object(Illuminate\\Http\\Request), Object(Closure))
#18 C:\\Users\\Miguel\\Desktop\\Applikcation Octobre\\Projet gestion de stock\\backend\\vendor\\laravel\\framework\\src\\Illuminate\\Pipeline\\Pipeline.php(219): Illuminate\\Foundation\\Http\\Middleware\\TrimStrings->handle(Object(Illuminate\\Http\\Request), Object(Closure))
#19 C:\\Users\\Miguel\\Desktop\\Applikcation Octobre\\Projet gestion de stock\\backend\\vendor\\laravel\\framework\\src\\Illuminate\\Http\\Middleware\\ValidatePostSize.php(27): Illuminate\\Pipeline\\Pipeline->Illuminate\\Pipeline\\{closure}(Object(Illuminate\\Http\\Request))
#20 C:\\Users\\Miguel\\Desktop\\Applikcation Octobre\\Projet gestion de stock\\backend\\vendor\\laravel\\framework\\src\\Illuminate\\Pipeline\\Pipeline.php(219): Illuminate\\Http\\Middleware\\ValidatePostSize->handle(Object(Illuminate\\Http\\Request), Object(Closure))
#21 C:\\Users\\Miguel\\Desktop\\Applikcation Octobre\\Projet gestion de stock\\backend\\vendor\\laravel\\framework\\src\\Illuminate\\Http\\Middleware\\HandleCors.php(61): Illuminate\\Pipeline\\Pipeline->Illuminate\\Pipeline\\{closure}(Object(Illuminate\\Http\\Request))
#22 C:\\Users\\Miguel\\Desktop\\Applikcation Octobre\\Projet gestion de stock\\backend\\vendor\\laravel\\framework\\src\\Illuminate\\Pipeline\\Pipeline.php(219): Illuminate\\Http\\Middleware\\HandleCors->handle(Object(Illuminate\\Http\\Request), Object(Closure))
#23 C:\\Users\\Miguel\\Desktop\\Applikcation Octobre\\Projet gestion de stock\\backend\\vendor\\laravel\\framework\\src\\Illuminate\\Http\\Middleware\\TrustProxies.php(58): Illuminate\\Pipeline\\Pipeline->Illuminate\\Pipeline\\{closure}(Object(Illuminate\\Http\\Request))
#24 C:\\Users\\Miguel\\Desktop\\Applikcation Octobre\\Projet gestion de stock\\backend\\vendor\\laravel\\framework\\src\\Illuminate\\Pipeline\\Pipeline.php(219): Illuminate\\Http\\Middleware\\TrustProxies->handle(Object(Illuminate\\Http\\Request), Object(Closure))
#25 C:\\Users\\Miguel\\Desktop\\Applikcation Octobre\\Projet gestion de stock\\backend\\vendor\\laravel\\framework\\src\\Illuminate\\Pipeline\\Pipeline.php(137): Illuminate\\Pipeline\\Pipeline->Illuminate\\Pipeline\\{closure}(Object(Illuminate\\Http\\Request))
#26 C:\\Users\\Miguel\\Desktop\\Applikcation Octobre\\Projet gestion de stock\\backend\\vendor\\laravel\\framework\\src\\Illuminate\\Foundation\\Http\\Kernel.php(175): Illuminate\\Pipeline\\Pipeline->then(Object(Closure))
#27 C:\\Users\\Miguel\\Desktop\\Applikcation Octobre\\Projet gestion de stock\\backend\\vendor\\laravel\\framework\\src\\Illuminate\\Foundation\\Http\\Kernel.php(144): Illuminate\\Foundation\\Http\\Kernel->sendRequestThroughRouter(Object(Illuminate\\Http\\Request))
#28 C:\\Users\\Miguel\\Desktop\\Applikcation Octobre\\Projet gestion de stock\\backend\\public\\index.php(76): Illuminate\\Foundation\\Http\\Kernel->handle(Object(Illuminate\\Http\\Request))
#29 C:\\Users\\Miguel\\Desktop\\Applikcation Octobre\\Projet gestion de stock\\backend\\vendor\\laravel\\framework\\src\\Illuminate\\Foundation\\resources\\server.php(23): require_once('C:\\\\Users\\\\Miguel...')
#30 {main}
"} 
[2025-11-11 16:00:35] local.ERROR: Target class [cors] does not exist. {"exception":"[object] (Illuminate\\Contracts\\Container\\BindingResolutionException(code: 0): Target class [cors] does not exist. at C:\\Users\\Miguel\\Desktop\\Applikcation Octobre\\Projet gestion de stock\\backend\\vendor\\laravel\\framework\\src\\Illuminate\\Container\\Container.php:1163)
[stacktrace]
#0 C:\\Users\\Miguel\\Desktop\\Applikcation Octobre\\Projet gestion de stock\\backend\\vendor\\laravel\\framework\\src\\Illuminate\\Container\\Container.php(972): Illuminate\\Container\\Container->build('cors')
#1 C:\\Users\\Miguel\\Desktop\\Applikcation Octobre\\Projet gestion de stock\\backend\\vendor\\laravel\\framework\\src\\Illuminate\\Foundation\\Application.php(1078): Illuminate\\Container\\Container->resolve('cors', Array, true)
#2 C:\\Users\\Miguel\\Desktop\\Applikcation Octobre\\Projet gestion de stock\\backend\\vendor\\laravel\\framework\\src\\Illuminate\\Container\\Container.php(903): Illuminate\\Foundation\\Application->resolve('cors', Array)
#3 C:\\Users\\Miguel\\Desktop\\Applikcation Octobre\\Projet gestion de stock\\backend\\vendor\\laravel\\framework\\src\\Illuminate\\Foundation\\Application.php(1058): Illuminate\\Container\\Container->make('cors', Array)
#4 C:\\Users\\Miguel\\Desktop\\Applikcation Octobre\\Projet gestion de stock\\backend\\vendor\\laravel\\framework\\src\\Illuminate\\Pipeline\\Pipeline.php(208): Illuminate\\Foundation\\Application->make('cors')
#5 C:\\Users\\Miguel\\Desktop\\Applikcation Octobre\\Projet gestion de stock\\backend\\vendor\\laravel\\framework\\src\\Illuminate\\Pipeline\\Pipeline.php(137): Illuminate\\Pipeline\\Pipeline->Illuminate\\Pipeline\\{closure}(Object(Illuminate\\Http\\Request))
#6 C:\\Users\\Miguel\\Desktop\\Applikcation Octobre\\Projet gestion de stock\\backend\\vendor\\laravel\\framework\\src\\Illuminate\\Routing\\Router.php(821): Illuminate\\Pipeline\\Pipeline->then(Object(Closure))
#7 C:\\Users\\Miguel\\Desktop\\Applikcation Octobre\\Projet gestion de stock\\backend\\vendor\\laravel\\framework\\src\\Illuminate\\Routing\\Router.php(800): Illuminate\\Routing\\Router->runRouteWithinStack(Object(Illuminate\\Routing\\Route), Object(Illuminate\\Http\\Request))
#8 C:\\Users\\Miguel\\Desktop\\Applikcation Octobre\\Projet gestion de stock\\backend\\vendor\\laravel\\framework\\src\\Illuminate\\Routing\\Router.php(764): Illuminate\\Routing\\Router->runRoute(Object(Illuminate\\Http\\Request), Object(Illuminate\\Routing\\Route))
#9 C:\\Users\\Miguel\\Desktop\\Applikcation Octobre\\Projet gestion de stock\\backend\\vendor\\laravel\\framework\\src\\Illuminate\\Routing\\Router.php(753): Illuminate\\Routing\\Router->dispatchToRoute(Object(Illuminate\\Http\\Request))
#10 C:\\Users\\Miguel\\Desktop\\Applikcation Octobre\\Projet gestion de stock\\backend\\vendor\\laravel\\framework\\src\\Illuminate\\Foundation\\Http\\Kernel.php(200): Illuminate\\Routing\\Router->dispatch(Object(Illuminate\\Http\\Request))
#11 C:\\Users\\Miguel\\Desktop\\Applikcation Octobre\\Projet gestion de stock\\backend\\vendor\\laravel\\framework\\src\\Illuminate\\Pipeline\\Pipeline.php(180): Illuminate\\Foundation\\Http\\Kernel->Illuminate\\Foundation\\Http\\{closure}(Object(Illuminate\\Http\\Request))
#12 C:\\Users\\Miguel\\Desktop\\Applikcation Octobre\\Projet gestion de stock\\backend\\vendor\\laravel\\framework\\src\\Illuminate\\Foundation\\Http\\Middleware\\TransformsRequest.php(21): Illuminate\\Pipeline\\Pipeline->Illuminate\\Pipeline\\{closure}(Object(Illuminate\\Http\\Request))
#13 C:\\Users\\Miguel\\Desktop\\Applikcation Octobre\\Projet gestion de stock\\backend\\vendor\\laravel\\framework\\src\\Illuminate\\Foundation\\Http\\Middleware\\ConvertEmptyStringsToNull.php(31): Illuminate\\Foundation\\Http\\Middleware\\TransformsRequest->handle(Object(Illuminate\\Http\\Request), Object(Closure))
#14 C:\\Users\\Miguel\\Desktop\\Applikcation Octobre\\Projet gestion de stock\\backend\\vendor\\laravel\\framework\\src\\Illuminate\\Pipeline\\Pipeline.php(219): Illuminate\\Foundation\\Http\\Middleware\\ConvertEmptyStringsToNull->handle(Object(Illuminate\\Http\\Request), Object(Closure))
#15 C:\\Users\\Miguel\\Desktop\\Applikcation Octobre\\Projet gestion de stock\\backend\\vendor\\laravel\\framework\\src\\Illuminate\\Foundation\\Http\\Middleware\\TransformsRequest.php(21): Illuminate\\Pipeline\\Pipeline->Illuminate\\Pipeline\\{closure}(Object(Illuminate\\Http\\Request))
#16 C:\\Users\\Miguel\\Desktop\\Applikcation Octobre\\Projet gestion de stock\\backend\\vendor\\laravel\\framework\\src\\Illuminate\\Foundation\\Http\\Middleware\\TrimStrings.php(51): Illuminate\\Foundation\\Http\\Middleware\\TransformsRequest->handle(Object(Illuminate\\Http\\Request), Object(Closure))
#17 C:\\Users\\Miguel\\Desktop\\Applikcation Octobre\\Projet gestion de stock\\backend\\vendor\\laravel\\framework\\src\\Illuminate\\Pipeline\\Pipeline.php(219): Illuminate\\Foundation\\Http\\Middleware\\TrimStrings->handle(Object(Illuminate\\Http\\Request), Object(Closure))
#18 C:\\Users\\Miguel\\Desktop\\Applikcation Octobre\\Projet gestion de stock\\backend\\vendor\\laravel\\framework\\src\\Illuminate\\Http\\Middleware\\ValidatePostSize.php(27): Illuminate\\Pipeline\\Pipeline->Illuminate\\Pipeline\\{closure}(Object(Illuminate\\Http\\Request))
#19 C:\\Users\\Miguel\\Desktop\\Applikcation Octobre\\Projet gestion de stock\\backend\\vendor\\laravel\\framework\\src\\Illuminate\\Pipeline\\Pipeline.php(219): Illuminate\\Http\\Middleware\\ValidatePostSize->handle(Object(Illuminate\\Http\\Request), Object(Closure))
#20 C:\\Users\\Miguel\\Desktop\\Applikcation Octobre\\Projet gestion de stock\\backend\\vendor\\laravel\\framework\\src\\Illuminate\\Http\\Middleware\\HandleCors.php(61): Illuminate\\Pipeline\\Pipeline->Illuminate\\Pipeline\\{closure}(Object(Illuminate\\Http\\Request))
#21 C:\\Users\\Miguel\\Desktop\\Applikcation Octobre\\Projet gestion de stock\\backend\\vendor\\laravel\\framework\\src\\Illuminate\\Pipeline\\Pipeline.php(219): Illuminate\\Http\\Middleware\\HandleCors->handle(Object(Illuminate\\Http\\Request), Object(Closure))
#22 C:\\Users\\Miguel\\Desktop\\Applikcation Octobre\\Projet gestion de stock\\backend\\vendor\\laravel\\framework\\src\\Illuminate\\Http\\Middleware\\TrustProxies.php(58): Illuminate\\Pipeline\\Pipeline->Illuminate\\Pipeline\\{closure}(Object(Illuminate\\Http\\Request))
#23 C:\\Users\\Miguel\\Desktop\\Applikcation Octobre\\Projet gestion de stock\\backend\\vendor\\laravel\\framework\\src\\Illuminate\\Pipeline\\Pipeline.php(219): Illuminate\\Http\\Middleware\\TrustProxies->handle(Object(Illuminate\\Http\\Request), Object(Closure))
#24 C:\\Users\\Miguel\\Desktop\\Applikcation Octobre\\Projet gestion de stock\\backend\\vendor\\laravel\\framework\\src\\Illuminate\\Pipeline\\Pipeline.php(137): Illuminate\\Pipeline\\Pipeline->Illuminate\\Pipeline\\{closure}(Object(Illuminate\\Http\\Request))
#25 C:\\Users\\Miguel\\Desktop\\Applikcation Octobre\\Projet gestion de stock\\backend\\vendor\\laravel\\framework\\src\\Illuminate\\Foundation\\Http\\Kernel.php(175): Illuminate\\Pipeline\\Pipeline->then(Object(Closure))
#26 C:\\Users\\Miguel\\Desktop\\Applikcation Octobre\\Projet gestion de stock\\backend\\vendor\\laravel\\framework\\src\\Illuminate\\Foundation\\Http\\Kernel.php(144): Illuminate\\Foundation\\Http\\Kernel->sendRequestThroughRouter(Object(Illuminate\\Http\\Request))
#27 C:\\Users\\Miguel\\Desktop\\Applikcation Octobre\\Projet gestion de stock\\backend\\public\\index.php(76): Illuminate\\Foundation\\Http\\Kernel->handle(Object(Illuminate\\Http\\Request))
#28 C:\\Users\\Miguel\\Desktop\\Applikcation Octobre\\Projet gestion de stock\\backend\\vendor\\laravel\\framework\\src\\Illuminate\\Foundation\\resources\\server.php(23): require_once('C:\\\\Users\\\\Miguel...')
#29 {main}

[previous exception] [object] (ReflectionException(code: -1): Class \"cors\" does not exist at C:\\Users\\Miguel\\Desktop\\Applikcation Octobre\\Projet gestion de stock\\backend\\vendor\\laravel\\framework\\src\\Illuminate\\Container\\Container.php:1161)
[stacktrace]
#0 C:\\Users\\Miguel\\Desktop\\Applikcation Octobre\\Projet gestion de stock\\backend\\vendor\\laravel\\framework\\src\\Illuminate\\Container\\Container.php(1161): ReflectionClass->__construct('cors')
#1 C:\\Users\\Miguel\\Desktop\\Applikcation Octobre\\Projet gestion de stock\\backend\\vendor\\laravel\\framework\\src\\Illuminate\\Container\\Container.php(972): Illuminate\\Container\\Container->build('cors')
#2 C:\\Users\\Miguel\\Desktop\\Applikcation Octobre\\Projet gestion de stock\\backend\\vendor\\laravel\\framework\\src\\Illuminate\\Foundation\\Application.php(1078): Illuminate\\Container\\Container->resolve('cors', Array, true)
#3 C:\\Users\\Miguel\\Desktop\\Applikcation Octobre\\Projet gestion de stock\\backend\\vendor\\laravel\\framework\\src\\Illuminate\\Container\\Container.php(903): Illuminate\\Foundation\\Application->resolve('cors', Array)
#4 C:\\Users\\Miguel\\Desktop\\Applikcation Octobre\\Projet gestion de stock\\backend\\vendor\\laravel\\framework\\src\\Illuminate\\Foundation\\Application.php(1058): Illuminate\\Container\\Container->make('cors', Array)
#5 C:\\Users\\Miguel\\Desktop\\Applikcation Octobre\\Projet gestion de stock\\backend\\vendor\\laravel\\framework\\src\\Illuminate\\Pipeline\\Pipeline.php(208): Illuminate\\Foundation\\Application->make('cors')
#6 C:\\Users\\Miguel\\Desktop\\Applikcation Octobre\\Projet gestion de stock\\backend\\vendor\\laravel\\framework\\src\\Illuminate\\Pipeline\\Pipeline.php(137): Illuminate\\Pipeline\\Pipeline->Illuminate\\Pipeline\\{closure}(Object(Illuminate\\Http\\Request))
#7 C:\\Users\\Miguel\\Desktop\\Applikcation Octobre\\Projet gestion de stock\\backend\\vendor\\laravel\\framework\\src\\Illuminate\\Routing\\Router.php(821): Illuminate\\Pipeline\\Pipeline->then(Object(Closure))
#8 C:\\Users\\Miguel\\Desktop\\Applikcation Octobre\\Projet gestion de stock\\backend\\vendor\\laravel\\framework\\src\\Illuminate\\Routing\\Router.php(800): Illuminate\\Routing\\Router->runRouteWithinStack(Object(Illuminate\\Routing\\Route), Object(Illuminate\\Http\\Request))
#9 C:\\Users\\Miguel\\Desktop\\Applikcation Octobre\\Projet gestion de stock\\backend\\vendor\\laravel\\framework\\src\\Illuminate\\Routing\\Router.php(764): Illuminate\\Routing\\Router->runRoute(Object(Illuminate\\Http\\Request), Object(Illuminate\\Routing\\Route))
#10 C:\\Users\\Miguel\\Desktop\\Applikcation Octobre\\Projet gestion de stock\\backend\\vendor\\laravel\\framework\\src\\Illuminate\\Routing\\Router.php(753): Illuminate\\Routing\\Router->dispatchToRoute(Object(Illuminate\\Http\\Request))
#11 C:\\Users\\Miguel\\Desktop\\Applikcation Octobre\\Projet gestion de stock\\backend\\vendor\\laravel\\framework\\src\\Illuminate\\Foundation\\Http\\Kernel.php(200): Illuminate\\Routing\\Router->dispatch(Object(Illuminate\\Http\\Request))
#12 C:\\Users\\Miguel\\Desktop\\Applikcation Octobre\\Projet gestion de stock\\backend\\vendor\\laravel\\framework\\src\\Illuminate\\Pipeline\\Pipeline.php(180): Illuminate\\Foundation\\Http\\Kernel->Illuminate\\Foundation\\Http\\{closure}(Object(Illuminate\\Http\\Request))
#13 C:\\Users\\Miguel\\Desktop\\Applikcation Octobre\\Projet gestion de stock\\backend\\vendor\\laravel\\framework\\src\\Illuminate\\Foundation\\Http\\Middleware\\TransformsRequest.php(21): Illuminate\\Pipeline\\Pipeline->Illuminate\\Pipeline\\{closure}(Object(Illuminate\\Http\\Request))
#14 C:\\Users\\Miguel\\Desktop\\Applikcation Octobre\\Projet gestion de stock\\backend\\vendor\\laravel\\framework\\src\\Illuminate\\Foundation\\Http\\Middleware\\ConvertEmptyStringsToNull.php(31): Illuminate\\Foundation\\Http\\Middleware\\TransformsRequest->handle(Object(Illuminate\\Http\\Request), Object(Closure))
#15 C:\\Users\\Miguel\\Desktop\\Applikcation Octobre\\Projet gestion de stock\\backend\\vendor\\laravel\\framework\\src\\Illuminate\\Pipeline\\Pipeline.php(219): Illuminate\\Foundation\\Http\\Middleware\\ConvertEmptyStringsToNull->handle(Object(Illuminate\\Http\\Request), Object(Closure))
#16 C:\\Users\\Miguel\\Desktop\\Applikcation Octobre\\Projet gestion de stock\\backend\\vendor\\laravel\\framework\\src\\Illuminate\\Foundation\\Http\\Middleware\\TransformsRequest.php(21): Illuminate\\Pipeline\\Pipeline->Illuminate\\Pipeline\\{closure}(Object(Illuminate\\Http\\Request))
#17 C:\\Users\\Miguel\\Desktop\\Applikcation Octobre\\Projet gestion de stock\\backend\\vendor\\laravel\\framework\\src\\Illuminate\\Foundation\\Http\\Middleware\\TrimStrings.php(51): Illuminate\\Foundation\\Http\\Middleware\\TransformsRequest->handle(Object(Illuminate\\Http\\Request), Object(Closure))
#18 C:\\Users\\Miguel\\Desktop\\Applikcation Octobre\\Projet gestion de stock\\backend\\vendor\\laravel\\framework\\src\\Illuminate\\Pipeline\\Pipeline.php(219): Illuminate\\Foundation\\Http\\Middleware\\TrimStrings->handle(Object(Illuminate\\Http\\Request), Object(Closure))
#19 C:\\Users\\Miguel\\Desktop\\Applikcation Octobre\\Projet gestion de stock\\backend\\vendor\\laravel\\framework\\src\\Illuminate\\Http\\Middleware\\ValidatePostSize.php(27): Illuminate\\Pipeline\\Pipeline->Illuminate\\Pipeline\\{closure}(Object(Illuminate\\Http\\Request))
#20 C:\\Users\\Miguel\\Desktop\\Applikcation Octobre\\Projet gestion de stock\\backend\\vendor\\laravel\\framework\\src\\Illuminate\\Pipeline\\Pipeline.php(219): Illuminate\\Http\\Middleware\\ValidatePostSize->handle(Object(Illuminate\\Http\\Request), Object(Closure))
#21 C:\\Users\\Miguel\\Desktop\\Applikcation Octobre\\Projet gestion de stock\\backend\\vendor\\laravel\\framework\\src\\Illuminate\\Http\\Middleware\\HandleCors.php(61): Illuminate\\Pipeline\\Pipeline->Illuminate\\Pipeline\\{closure}(Object(Illuminate\\Http\\Request))
#22 C:\\Users\\Miguel\\Desktop\\Applikcation Octobre\\Projet gestion de stock\\backend\\vendor\\laravel\\framework\\src\\Illuminate\\Pipeline\\Pipeline.php(219): Illuminate\\Http\\Middleware\\HandleCors->handle(Object(Illuminate\\Http\\Request), Object(Closure))
#23 C:\\Users\\Miguel\\Desktop\\Applikcation Octobre\\Projet gestion de stock\\backend\\vendor\\laravel\\framework\\src\\Illuminate\\Http\\Middleware\\TrustProxies.php(58): Illuminate\\Pipeline\\Pipeline->Illuminate\\Pipeline\\{closure}(Object(Illuminate\\Http\\Request))
#24 C:\\Users\\Miguel\\Desktop\\Applikcation Octobre\\Projet gestion de stock\\backend\\vendor\\laravel\\framework\\src\\Illuminate\\Pipeline\\Pipeline.php(219): Illuminate\\Http\\Middleware\\TrustProxies->handle(Object(Illuminate\\Http\\Request), Object(Closure))
#25 C:\\Users\\Miguel\\Desktop\\Applikcation Octobre\\Projet gestion de stock\\backend\\vendor\\laravel\\framework\\src\\Illuminate\\Pipeline\\Pipeline.php(137): Illuminate\\Pipeline\\Pipeline->Illuminate\\Pipeline\\{closure}(Object(Illuminate\\Http\\Request))
#26 C:\\Users\\Miguel\\Desktop\\Applikcation Octobre\\Projet gestion de stock\\backend\\vendor\\laravel\\framework\\src\\Illuminate\\Foundation\\Http\\Kernel.php(175): Illuminate\\Pipeline\\Pipeline->then(Object(Closure))
#27 C:\\Users\\Miguel\\Desktop\\Applikcation Octobre\\Projet gestion de stock\\backend\\vendor\\laravel\\framework\\src\\Illuminate\\Foundation\\Http\\Kernel.php(144): Illuminate\\Foundation\\Http\\Kernel->sendRequestThroughRouter(Object(Illuminate\\Http\\Request))
#28 C:\\Users\\Miguel\\Desktop\\Applikcation Octobre\\Projet gestion de stock\\backend\\public\\index.php(76): Illuminate\\Foundation\\Http\\Kernel->handle(Object(Illuminate\\Http\\Request))
#29 C:\\Users\\Miguel\\Desktop\\Applikcation Octobre\\Projet gestion de stock\\backend\\vendor\\laravel\\framework\\src\\Illuminate\\Foundation\\resources\\server.php(23): require_once('C:\\\\Users\\\\Miguel...')
#30 {main}
"} 
[2025-11-11 16:01:20] local.ERROR: Target class [cors] does not exist. {"exception":"[object] (Illuminate\\Contracts\\Container\\BindingResolutionException(code: 0): Target class [cors] does not exist. at C:\\Users\\Miguel\\Desktop\\Applikcation Octobre\\Projet gestion de stock\\backend\\vendor\\laravel\\framework\\src\\Illuminate\\Container\\Container.php:1163)
[stacktrace]
#0 C:\\Users\\Miguel\\Desktop\\Applikcation Octobre\\Projet gestion de stock\\backend\\vendor\\laravel\\framework\\src\\Illuminate\\Container\\Container.php(972): Illuminate\\Container\\Container->build('cors')
#1 C:\\Users\\Miguel\\Desktop\\Applikcation Octobre\\Projet gestion de stock\\backend\\vendor\\laravel\\framework\\src\\Illuminate\\Foundation\\Application.php(1078): Illuminate\\Container\\Container->resolve('cors', Array, true)
#2 C:\\Users\\Miguel\\Desktop\\Applikcation Octobre\\Projet gestion de stock\\backend\\vendor\\laravel\\framework\\src\\Illuminate\\Container\\Container.php(903): Illuminate\\Foundation\\Application->resolve('cors', Array)
#3 C:\\Users\\Miguel\\Desktop\\Applikcation Octobre\\Projet gestion de stock\\backend\\vendor\\laravel\\framework\\src\\Illuminate\\Foundation\\Application.php(1058): Illuminate\\Container\\Container->make('cors', Array)
#4 C:\\Users\\Miguel\\Desktop\\Applikcation Octobre\\Projet gestion de stock\\backend\\vendor\\laravel\\framework\\src\\Illuminate\\Pipeline\\Pipeline.php(208): Illuminate\\Foundation\\Application->make('cors')
#5 C:\\Users\\Miguel\\Desktop\\Applikcation Octobre\\Projet gestion de stock\\backend\\vendor\\laravel\\framework\\src\\Illuminate\\Pipeline\\Pipeline.php(137): Illuminate\\Pipeline\\Pipeline->Illuminate\\Pipeline\\{closure}(Object(Illuminate\\Http\\Request))
#6 C:\\Users\\Miguel\\Desktop\\Applikcation Octobre\\Projet gestion de stock\\backend\\vendor\\laravel\\framework\\src\\Illuminate\\Routing\\Router.php(821): Illuminate\\Pipeline\\Pipeline->then(Object(Closure))
#7 C:\\Users\\Miguel\\Desktop\\Applikcation Octobre\\Projet gestion de stock\\backend\\vendor\\laravel\\framework\\src\\Illuminate\\Routing\\Router.php(800): Illuminate\\Routing\\Router->runRouteWithinStack(Object(Illuminate\\Routing\\Route), Object(Illuminate\\Http\\Request))
#8 C:\\Users\\Miguel\\Desktop\\Applikcation Octobre\\Projet gestion de stock\\backend\\vendor\\laravel\\framework\\src\\Illuminate\\Routing\\Router.php(764): Illuminate\\Routing\\Router->runRoute(Object(Illuminate\\Http\\Request), Object(Illuminate\\Routing\\Route))
#9 C:\\Users\\Miguel\\Desktop\\Applikcation Octobre\\Projet gestion de stock\\backend\\vendor\\laravel\\framework\\src\\Illuminate\\Routing\\Router.php(753): Illuminate\\Routing\\Router->dispatchToRoute(Object(Illuminate\\Http\\Request))
#10 C:\\Users\\Miguel\\Desktop\\Applikcation Octobre\\Projet gestion de stock\\backend\\vendor\\laravel\\framework\\src\\Illuminate\\Foundation\\Http\\Kernel.php(200): Illuminate\\Routing\\Router->dispatch(Object(Illuminate\\Http\\Request))
#11 C:\\Users\\Miguel\\Desktop\\Applikcation Octobre\\Projet gestion de stock\\backend\\vendor\\laravel\\framework\\src\\Illuminate\\Pipeline\\Pipeline.php(180): Illuminate\\Foundation\\Http\\Kernel->Illuminate\\Foundation\\Http\\{closure}(Object(Illuminate\\Http\\Request))
#12 C:\\Users\\Miguel\\Desktop\\Applikcation Octobre\\Projet gestion de stock\\backend\\vendor\\laravel\\framework\\src\\Illuminate\\Foundation\\Http\\Middleware\\TransformsRequest.php(21): Illuminate\\Pipeline\\Pipeline->Illuminate\\Pipeline\\{closure}(Object(Illuminate\\Http\\Request))
#13 C:\\Users\\Miguel\\Desktop\\Applikcation Octobre\\Projet gestion de stock\\backend\\vendor\\laravel\\framework\\src\\Illuminate\\Foundation\\Http\\Middleware\\ConvertEmptyStringsToNull.php(31): Illuminate\\Foundation\\Http\\Middleware\\TransformsRequest->handle(Object(Illuminate\\Http\\Request), Object(Closure))
#14 C:\\Users\\Miguel\\Desktop\\Applikcation Octobre\\Projet gestion de stock\\backend\\vendor\\laravel\\framework\\src\\Illuminate\\Pipeline\\Pipeline.php(219): Illuminate\\Foundation\\Http\\Middleware\\ConvertEmptyStringsToNull->handle(Object(Illuminate\\Http\\Request), Object(Closure))
#15 C:\\Users\\Miguel\\Desktop\\Applikcation Octobre\\Projet gestion de stock\\backend\\vendor\\laravel\\framework\\src\\Illuminate\\Foundation\\Http\\Middleware\\TransformsRequest.php(21): Illuminate\\Pipeline\\Pipeline->Illuminate\\Pipeline\\{closure}(Object(Illuminate\\Http\\Request))
#16 C:\\Users\\Miguel\\Desktop\\Applikcation Octobre\\Projet gestion de stock\\backend\\vendor\\laravel\\framework\\src\\Illuminate\\Foundation\\Http\\Middleware\\TrimStrings.php(51): Illuminate\\Foundation\\Http\\Middleware\\TransformsRequest->handle(Object(Illuminate\\Http\\Request), Object(Closure))
#17 C:\\Users\\Miguel\\Desktop\\Applikcation Octobre\\Projet gestion de stock\\backend\\vendor\\laravel\\framework\\src\\Illuminate\\Pipeline\\Pipeline.php(219): Illuminate\\Foundation\\Http\\Middleware\\TrimStrings->handle(Object(Illuminate\\Http\\Request), Object(Closure))
#18 C:\\Users\\Miguel\\Desktop\\Applikcation Octobre\\Projet gestion de stock\\backend\\vendor\\laravel\\framework\\src\\Illuminate\\Http\\Middleware\\ValidatePostSize.php(27): Illuminate\\Pipeline\\Pipeline->Illuminate\\Pipeline\\{closure}(Object(Illuminate\\Http\\Request))
#19 C:\\Users\\Miguel\\Desktop\\Applikcation Octobre\\Projet gestion de stock\\backend\\vendor\\laravel\\framework\\src\\Illuminate\\Pipeline\\Pipeline.php(219): Illuminate\\Http\\Middleware\\ValidatePostSize->handle(Object(Illuminate\\Http\\Request), Object(Closure))
#20 C:\\Users\\Miguel\\Desktop\\Applikcation Octobre\\Projet gestion de stock\\backend\\vendor\\laravel\\framework\\src\\Illuminate\\Http\\Middleware\\HandleCors.php(61): Illuminate\\Pipeline\\Pipeline->Illuminate\\Pipeline\\{closure}(Object(Illuminate\\Http\\Request))
#21 C:\\Users\\Miguel\\Desktop\\Applikcation Octobre\\Projet gestion de stock\\backend\\vendor\\laravel\\framework\\src\\Illuminate\\Pipeline\\Pipeline.php(219): Illuminate\\Http\\Middleware\\HandleCors->handle(Object(Illuminate\\Http\\Request), Object(Closure))
#22 C:\\Users\\Miguel\\Desktop\\Applikcation Octobre\\Projet gestion de stock\\backend\\vendor\\laravel\\framework\\src\\Illuminate\\Http\\Middleware\\TrustProxies.php(58): Illuminate\\Pipeline\\Pipeline->Illuminate\\Pipeline\\{closure}(Object(Illuminate\\Http\\Request))
#23 C:\\Users\\Miguel\\Desktop\\Applikcation Octobre\\Projet gestion de stock\\backend\\vendor\\laravel\\framework\\src\\Illuminate\\Pipeline\\Pipeline.php(219): Illuminate\\Http\\Middleware\\TrustProxies->handle(Object(Illuminate\\Http\\Request), Object(Closure))
#24 C:\\Users\\Miguel\\Desktop\\Applikcation Octobre\\Projet gestion de stock\\backend\\vendor\\laravel\\framework\\src\\Illuminate\\Pipeline\\Pipeline.php(137): Illuminate\\Pipeline\\Pipeline->Illuminate\\Pipeline\\{closure}(Object(Illuminate\\Http\\Request))
#25 C:\\Users\\Miguel\\Desktop\\Applikcation Octobre\\Projet gestion de stock\\backend\\vendor\\laravel\\framework\\src\\Illuminate\\Foundation\\Http\\Kernel.php(175): Illuminate\\Pipeline\\Pipeline->then(Object(Closure))
#26 C:\\Users\\Miguel\\Desktop\\Applikcation Octobre\\Projet gestion de stock\\backend\\vendor\\laravel\\framework\\src\\Illuminate\\Foundation\\Http\\Kernel.php(144): Illuminate\\Foundation\\Http\\Kernel->sendRequestThroughRouter(Object(Illuminate\\Http\\Request))
#27 C:\\Users\\Miguel\\Desktop\\Applikcation Octobre\\Projet gestion de stock\\backend\\public\\index.php(76): Illuminate\\Foundation\\Http\\Kernel->handle(Object(Illuminate\\Http\\Request))
#28 C:\\Users\\Miguel\\Desktop\\Applikcation Octobre\\Projet gestion de stock\\backend\\vendor\\laravel\\framework\\src\\Illuminate\\Foundation\\resources\\server.php(23): require_once('C:\\\\Users\\\\Miguel...')
#29 {main}

[previous exception] [object] (ReflectionException(code: -1): Class \"cors\" does not exist at C:\\Users\\Miguel\\Desktop\\Applikcation Octobre\\Projet gestion de stock\\backend\\vendor\\laravel\\framework\\src\\Illuminate\\Container\\Container.php:1161)
[stacktrace]
#0 C:\\Users\\Miguel\\Desktop\\Applikcation Octobre\\Projet gestion de stock\\backend\\vendor\\laravel\\framework\\src\\Illuminate\\Container\\Container.php(1161): ReflectionClass->__construct('cors')
#1 C:\\Users\\Miguel\\Desktop\\Applikcation Octobre\\Projet gestion de stock\\backend\\vendor\\laravel\\framework\\src\\Illuminate\\Container\\Container.php(972): Illuminate\\Container\\Container->build('cors')
#2 C:\\Users\\Miguel\\Desktop\\Applikcation Octobre\\Projet gestion de stock\\backend\\vendor\\laravel\\framework\\src\\Illuminate\\Foundation\\Application.php(1078): Illuminate\\Container\\Container->resolve('cors', Array, true)
#3 C:\\Users\\Miguel\\Desktop\\Applikcation Octobre\\Projet gestion de stock\\backend\\vendor\\laravel\\framework\\src\\Illuminate\\Container\\Container.php(903): Illuminate\\Foundation\\Application->resolve('cors', Array)
#4 C:\\Users\\Miguel\\Desktop\\Applikcation Octobre\\Projet gestion de stock\\backend\\vendor\\laravel\\framework\\src\\Illuminate\\Foundation\\Application.php(1058): Illuminate\\Container\\Container->make('cors', Array)
#5 C:\\Users\\Miguel\\Desktop\\Applikcation Octobre\\Projet gestion de stock\\backend\\vendor\\laravel\\framework\\src\\Illuminate\\Pipeline\\Pipeline.php(208): Illuminate\\Foundation\\Application->make('cors')
#6 C:\\Users\\Miguel\\Desktop\\Applikcation Octobre\\Projet gestion de stock\\backend\\vendor\\laravel\\framework\\src\\Illuminate\\Pipeline\\Pipeline.php(137): Illuminate\\Pipeline\\Pipeline->Illuminate\\Pipeline\\{closure}(Object(Illuminate\\Http\\Request))
#7 C:\\Users\\Miguel\\Desktop\\Applikcation Octobre\\Projet gestion de stock\\backend\\vendor\\laravel\\framework\\src\\Illuminate\\Routing\\Router.php(821): Illuminate\\Pipeline\\Pipeline->then(Object(Closure))
#8 C:\\Users\\Miguel\\Desktop\\Applikcation Octobre\\Projet gestion de stock\\backend\\vendor\\laravel\\framework\\src\\Illuminate\\Routing\\Router.php(800): Illuminate\\Routing\\Router->runRouteWithinStack(Object(Illuminate\\Routing\\Route), Object(Illuminate\\Http\\Request))
#9 C:\\Users\\Miguel\\Desktop\\Applikcation Octobre\\Projet gestion de stock\\backend\\vendor\\laravel\\framework\\src\\Illuminate\\Routing\\Router.php(764): Illuminate\\Routing\\Router->runRoute(Object(Illuminate\\Http\\Request), Object(Illuminate\\Routing\\Route))
#10 C:\\Users\\Miguel\\Desktop\\Applikcation Octobre\\Projet gestion de stock\\backend\\vendor\\laravel\\framework\\src\\Illuminate\\Routing\\Router.php(753): Illuminate\\Routing\\Router->dispatchToRoute(Object(Illuminate\\Http\\Request))
#11 C:\\Users\\Miguel\\Desktop\\Applikcation Octobre\\Projet gestion de stock\\backend\\vendor\\laravel\\framework\\src\\Illuminate\\Foundation\\Http\\Kernel.php(200): Illuminate\\Routing\\Router->dispatch(Object(Illuminate\\Http\\Request))
#12 C:\\Users\\Miguel\\Desktop\\Applikcation Octobre\\Projet gestion de stock\\backend\\vendor\\laravel\\framework\\src\\Illuminate\\Pipeline\\Pipeline.php(180): Illuminate\\Foundation\\Http\\Kernel->Illuminate\\Foundation\\Http\\{closure}(Object(Illuminate\\Http\\Request))
#13 C:\\Users\\Miguel\\Desktop\\Applikcation Octobre\\Projet gestion de stock\\backend\\vendor\\laravel\\framework\\src\\Illuminate\\Foundation\\Http\\Middleware\\TransformsRequest.php(21): Illuminate\\Pipeline\\Pipeline->Illuminate\\Pipeline\\{closure}(Object(Illuminate\\Http\\Request))
#14 C:\\Users\\Miguel\\Desktop\\Applikcation Octobre\\Projet gestion de stock\\backend\\vendor\\laravel\\framework\\src\\Illuminate\\Foundation\\Http\\Middleware\\ConvertEmptyStringsToNull.php(31): Illuminate\\Foundation\\Http\\Middleware\\TransformsRequest->handle(Object(Illuminate\\Http\\Request), Object(Closure))
#15 C:\\Users\\Miguel\\Desktop\\Applikcation Octobre\\Projet gestion de stock\\backend\\vendor\\laravel\\framework\\src\\Illuminate\\Pipeline\\Pipeline.php(219): Illuminate\\Foundation\\Http\\Middleware\\ConvertEmptyStringsToNull->handle(Object(Illuminate\\Http\\Request), Object(Closure))
#16 C:\\Users\\Miguel\\Desktop\\Applikcation Octobre\\Projet gestion de stock\\backend\\vendor\\laravel\\framework\\src\\Illuminate\\Foundation\\Http\\Middleware\\TransformsRequest.php(21): Illuminate\\Pipeline\\Pipeline->Illuminate\\Pipeline\\{closure}(Object(Illuminate\\Http\\Request))
#17 C:\\Users\\Miguel\\Desktop\\Applikcation Octobre\\Projet gestion de stock\\backend\\vendor\\laravel\\framework\\src\\Illuminate\\Foundation\\Http\\Middleware\\TrimStrings.php(51): Illuminate\\Foundation\\Http\\Middleware\\TransformsRequest->handle(Object(Illuminate\\Http\\Request), Object(Closure))
#18 C:\\Users\\Miguel\\Desktop\\Applikcation Octobre\\Projet gestion de stock\\backend\\vendor\\laravel\\framework\\src\\Illuminate\\Pipeline\\Pipeline.php(219): Illuminate\\Foundation\\Http\\Middleware\\TrimStrings->handle(Object(Illuminate\\Http\\Request), Object(Closure))
#19 C:\\Users\\Miguel\\Desktop\\Applikcation Octobre\\Projet gestion de stock\\backend\\vendor\\laravel\\framework\\src\\Illuminate\\Http\\Middleware\\ValidatePostSize.php(27): Illuminate\\Pipeline\\Pipeline->Illuminate\\Pipeline\\{closure}(Object(Illuminate\\Http\\Request))
#20 C:\\Users\\Miguel\\Desktop\\Applikcation Octobre\\Projet gestion de stock\\backend\\vendor\\laravel\\framework\\src\\Illuminate\\Pipeline\\Pipeline.php(219): Illuminate\\Http\\Middleware\\ValidatePostSize->handle(Object(Illuminate\\Http\\Request), Object(Closure))
#21 C:\\Users\\Miguel\\Desktop\\Applikcation Octobre\\Projet gestion de stock\\backend\\vendor\\laravel\\framework\\src\\Illuminate\\Http\\Middleware\\HandleCors.php(61): Illuminate\\Pipeline\\Pipeline->Illuminate\\Pipeline\\{closure}(Object(Illuminate\\Http\\Request))
#22 C:\\Users\\Miguel\\Desktop\\Applikcation Octobre\\Projet gestion de stock\\backend\\vendor\\laravel\\framework\\src\\Illuminate\\Pipeline\\Pipeline.php(219): Illuminate\\Http\\Middleware\\HandleCors->handle(Object(Illuminate\\Http\\Request), Object(Closure))
#23 C:\\Users\\Miguel\\Desktop\\Applikcation Octobre\\Projet gestion de stock\\backend\\vendor\\laravel\\framework\\src\\Illuminate\\Http\\Middleware\\TrustProxies.php(58): Illuminate\\Pipeline\\Pipeline->Illuminate\\Pipeline\\{closure}(Object(Illuminate\\Http\\Request))
#24 C:\\Users\\Miguel\\Desktop\\Applikcation Octobre\\Projet gestion de stock\\backend\\vendor\\laravel\\framework\\src\\Illuminate\\Pipeline\\Pipeline.php(219): Illuminate\\Http\\Middleware\\TrustProxies->handle(Object(Illuminate\\Http\\Request), Object(Closure))
#25 C:\\Users\\Miguel\\Desktop\\Applikcation Octobre\\Projet gestion de stock\\backend\\vendor\\laravel\\framework\\src\\Illuminate\\Pipeline\\Pipeline.php(137): Illuminate\\Pipeline\\Pipeline->Illuminate\\Pipeline\\{closure}(Object(Illuminate\\Http\\Request))
#26 C:\\Users\\Miguel\\Desktop\\Applikcation Octobre\\Projet gestion de stock\\backend\\vendor\\laravel\\framework\\src\\Illuminate\\Foundation\\Http\\Kernel.php(175): Illuminate\\Pipeline\\Pipeline->then(Object(Closure))
#27 C:\\Users\\Miguel\\Desktop\\Applikcation Octobre\\Projet gestion de stock\\backend\\vendor\\laravel\\framework\\src\\Illuminate\\Foundation\\Http\\Kernel.php(144): Illuminate\\Foundation\\Http\\Kernel->sendRequestThroughRouter(Object(Illuminate\\Http\\Request))
#28 C:\\Users\\Miguel\\Desktop\\Applikcation Octobre\\Projet gestion de stock\\backend\\public\\index.php(76): Illuminate\\Foundation\\Http\\Kernel->handle(Object(Illuminate\\Http\\Request))
#29 C:\\Users\\Miguel\\Desktop\\Applikcation Octobre\\Projet gestion de stock\\backend\\vendor\\laravel\\framework\\src\\Illuminate\\Foundation\\resources\\server.php(23): require_once('C:\\\\Users\\\\Miguel...')
#30 {main}
"} 
[2025-11-11 16:01:35] local.ERROR: Target class [cors] does not exist. {"exception":"[object] (Illuminate\\Contracts\\Container\\BindingResolutionException(code: 0): Target class [cors] does not exist. at C:\\Users\\Miguel\\Desktop\\Applikcation Octobre\\Projet gestion de stock\\backend\\vendor\\laravel\\framework\\src\\Illuminate\\Container\\Container.php:1163)
[stacktrace]
#0 C:\\Users\\Miguel\\Desktop\\Applikcation Octobre\\Projet gestion de stock\\backend\\vendor\\laravel\\framework\\src\\Illuminate\\Container\\Container.php(972): Illuminate\\Container\\Container->build('cors')
#1 C:\\Users\\Miguel\\Desktop\\Applikcation Octobre\\Projet gestion de stock\\backend\\vendor\\laravel\\framework\\src\\Illuminate\\Foundation\\Application.php(1078): Illuminate\\Container\\Container->resolve('cors', Array, true)
#2 C:\\Users\\Miguel\\Desktop\\Applikcation Octobre\\Projet gestion de stock\\backend\\vendor\\laravel\\framework\\src\\Illuminate\\Container\\Container.php(903): Illuminate\\Foundation\\Application->resolve('cors', Array)
#3 C:\\Users\\Miguel\\Desktop\\Applikcation Octobre\\Projet gestion de stock\\backend\\vendor\\laravel\\framework\\src\\Illuminate\\Foundation\\Application.php(1058): Illuminate\\Container\\Container->make('cors', Array)
#4 C:\\Users\\Miguel\\Desktop\\Applikcation Octobre\\Projet gestion de stock\\backend\\vendor\\laravel\\framework\\src\\Illuminate\\Pipeline\\Pipeline.php(208): Illuminate\\Foundation\\Application->make('cors')
#5 C:\\Users\\Miguel\\Desktop\\Applikcation Octobre\\Projet gestion de stock\\backend\\vendor\\laravel\\framework\\src\\Illuminate\\Pipeline\\Pipeline.php(137): Illuminate\\Pipeline\\Pipeline->Illuminate\\Pipeline\\{closure}(Object(Illuminate\\Http\\Request))
#6 C:\\Users\\Miguel\\Desktop\\Applikcation Octobre\\Projet gestion de stock\\backend\\vendor\\laravel\\framework\\src\\Illuminate\\Routing\\Router.php(821): Illuminate\\Pipeline\\Pipeline->then(Object(Closure))
#7 C:\\Users\\Miguel\\Desktop\\Applikcation Octobre\\Projet gestion de stock\\backend\\vendor\\laravel\\framework\\src\\Illuminate\\Routing\\Router.php(800): Illuminate\\Routing\\Router->runRouteWithinStack(Object(Illuminate\\Routing\\Route), Object(Illuminate\\Http\\Request))
#8 C:\\Users\\Miguel\\Desktop\\Applikcation Octobre\\Projet gestion de stock\\backend\\vendor\\laravel\\framework\\src\\Illuminate\\Routing\\Router.php(764): Illuminate\\Routing\\Router->runRoute(Object(Illuminate\\Http\\Request), Object(Illuminate\\Routing\\Route))
#9 C:\\Users\\Miguel\\Desktop\\Applikcation Octobre\\Projet gestion de stock\\backend\\vendor\\laravel\\framework\\src\\Illuminate\\Routing\\Router.php(753): Illuminate\\Routing\\Router->dispatchToRoute(Object(Illuminate\\Http\\Request))
#10 C:\\Users\\Miguel\\Desktop\\Applikcation Octobre\\Projet gestion de stock\\backend\\vendor\\laravel\\framework\\src\\Illuminate\\Foundation\\Http\\Kernel.php(200): Illuminate\\Routing\\Router->dispatch(Object(Illuminate\\Http\\Request))
#11 C:\\Users\\Miguel\\Desktop\\Applikcation Octobre\\Projet gestion de stock\\backend\\vendor\\laravel\\framework\\src\\Illuminate\\Pipeline\\Pipeline.php(180): Illuminate\\Foundation\\Http\\Kernel->Illuminate\\Foundation\\Http\\{closure}(Object(Illuminate\\Http\\Request))
#12 C:\\Users\\Miguel\\Desktop\\Applikcation Octobre\\Projet gestion de stock\\backend\\vendor\\laravel\\framework\\src\\Illuminate\\Foundation\\Http\\Middleware\\TransformsRequest.php(21): Illuminate\\Pipeline\\Pipeline->Illuminate\\Pipeline\\{closure}(Object(Illuminate\\Http\\Request))
#13 C:\\Users\\Miguel\\Desktop\\Applikcation Octobre\\Projet gestion de stock\\backend\\vendor\\laravel\\framework\\src\\Illuminate\\Foundation\\Http\\Middleware\\ConvertEmptyStringsToNull.php(31): Illuminate\\Foundation\\Http\\Middleware\\TransformsRequest->handle(Object(Illuminate\\Http\\Request), Object(Closure))
#14 C:\\Users\\Miguel\\Desktop\\Applikcation Octobre\\Projet gestion de stock\\backend\\vendor\\laravel\\framework\\src\\Illuminate\\Pipeline\\Pipeline.php(219): Illuminate\\Foundation\\Http\\Middleware\\ConvertEmptyStringsToNull->handle(Object(Illuminate\\Http\\Request), Object(Closure))
#15 C:\\Users\\Miguel\\Desktop\\Applikcation Octobre\\Projet gestion de stock\\backend\\vendor\\laravel\\framework\\src\\Illuminate\\Foundation\\Http\\Middleware\\TransformsRequest.php(21): Illuminate\\Pipeline\\Pipeline->Illuminate\\Pipeline\\{closure}(Object(Illuminate\\Http\\Request))
#16 C:\\Users\\Miguel\\Desktop\\Applikcation Octobre\\Projet gestion de stock\\backend\\vendor\\laravel\\framework\\src\\Illuminate\\Foundation\\Http\\Middleware\\TrimStrings.php(51): Illuminate\\Foundation\\Http\\Middleware\\TransformsRequest->handle(Object(Illuminate\\Http\\Request), Object(Closure))
#17 C:\\Users\\Miguel\\Desktop\\Applikcation Octobre\\Projet gestion de stock\\backend\\vendor\\laravel\\framework\\src\\Illuminate\\Pipeline\\Pipeline.php(219): Illuminate\\Foundation\\Http\\Middleware\\TrimStrings->handle(Object(Illuminate\\Http\\Request), Object(Closure))
#18 C:\\Users\\Miguel\\Desktop\\Applikcation Octobre\\Projet gestion de stock\\backend\\vendor\\laravel\\framework\\src\\Illuminate\\Http\\Middleware\\ValidatePostSize.php(27): Illuminate\\Pipeline\\Pipeline->Illuminate\\Pipeline\\{closure}(Object(Illuminate\\Http\\Request))
#19 C:\\Users\\Miguel\\Desktop\\Applikcation Octobre\\Projet gestion de stock\\backend\\vendor\\laravel\\framework\\src\\Illuminate\\Pipeline\\Pipeline.php(219): Illuminate\\Http\\Middleware\\ValidatePostSize->handle(Object(Illuminate\\Http\\Request), Object(Closure))
#20 C:\\Users\\Miguel\\Desktop\\Applikcation Octobre\\Projet gestion de stock\\backend\\vendor\\laravel\\framework\\src\\Illuminate\\Http\\Middleware\\HandleCors.php(61): Illuminate\\Pipeline\\Pipeline->Illuminate\\Pipeline\\{closure}(Object(Illuminate\\Http\\Request))
#21 C:\\Users\\Miguel\\Desktop\\Applikcation Octobre\\Projet gestion de stock\\backend\\vendor\\laravel\\framework\\src\\Illuminate\\Pipeline\\Pipeline.php(219): Illuminate\\Http\\Middleware\\HandleCors->handle(Object(Illuminate\\Http\\Request), Object(Closure))
#22 C:\\Users\\Miguel\\Desktop\\Applikcation Octobre\\Projet gestion de stock\\backend\\vendor\\laravel\\framework\\src\\Illuminate\\Http\\Middleware\\TrustProxies.php(58): Illuminate\\Pipeline\\Pipeline->Illuminate\\Pipeline\\{closure}(Object(Illuminate\\Http\\Request))
#23 C:\\Users\\Miguel\\Desktop\\Applikcation Octobre\\Projet gestion de stock\\backend\\vendor\\laravel\\framework\\src\\Illuminate\\Pipeline\\Pipeline.php(219): Illuminate\\Http\\Middleware\\TrustProxies->handle(Object(Illuminate\\Http\\Request), Object(Closure))
#24 C:\\Users\\Miguel\\Desktop\\Applikcation Octobre\\Projet gestion de stock\\backend\\vendor\\laravel\\framework\\src\\Illuminate\\Pipeline\\Pipeline.php(137): Illuminate\\Pipeline\\Pipeline->Illuminate\\Pipeline\\{closure}(Object(Illuminate\\Http\\Request))
#25 C:\\Users\\Miguel\\Desktop\\Applikcation Octobre\\Projet gestion de stock\\backend\\vendor\\laravel\\framework\\src\\Illuminate\\Foundation\\Http\\Kernel.php(175): Illuminate\\Pipeline\\Pipeline->then(Object(Closure))
#26 C:\\Users\\Miguel\\Desktop\\Applikcation Octobre\\Projet gestion de stock\\backend\\vendor\\laravel\\framework\\src\\Illuminate\\Foundation\\Http\\Kernel.php(144): Illuminate\\Foundation\\Http\\Kernel->sendRequestThroughRouter(Object(Illuminate\\Http\\Request))
#27 C:\\Users\\Miguel\\Desktop\\Applikcation Octobre\\Projet gestion de stock\\backend\\public\\index.php(76): Illuminate\\Foundation\\Http\\Kernel->handle(Object(Illuminate\\Http\\Request))
#28 C:\\Users\\Miguel\\Desktop\\Applikcation Octobre\\Projet gestion de stock\\backend\\vendor\\laravel\\framework\\src\\Illuminate\\Foundation\\resources\\server.php(23): require_once('C:\\\\Users\\\\Miguel...')
#29 {main}

[previous exception] [object] (ReflectionException(code: -1): Class \"cors\" does not exist at C:\\Users\\Miguel\\Desktop\\Applikcation Octobre\\Projet gestion de stock\\backend\\vendor\\laravel\\framework\\src\\Illuminate\\Container\\Container.php:1161)
[stacktrace]
#0 C:\\Users\\Miguel\\Desktop\\Applikcation Octobre\\Projet gestion de stock\\backend\\vendor\\laravel\\framework\\src\\Illuminate\\Container\\Container.php(1161): ReflectionClass->__construct('cors')
#1 C:\\Users\\Miguel\\Desktop\\Applikcation Octobre\\Projet gestion de stock\\backend\\vendor\\laravel\\framework\\src\\Illuminate\\Container\\Container.php(972): Illuminate\\Container\\Container->build('cors')
#2 C:\\Users\\Miguel\\Desktop\\Applikcation Octobre\\Projet gestion de stock\\backend\\vendor\\laravel\\framework\\src\\Illuminate\\Foundation\\Application.php(1078): Illuminate\\Container\\Container->resolve('cors', Array, true)
#3 C:\\Users\\Miguel\\Desktop\\Applikcation Octobre\\Projet gestion de stock\\backend\\vendor\\laravel\\framework\\src\\Illuminate\\Container\\Container.php(903): Illuminate\\Foundation\\Application->resolve('cors', Array)
#4 C:\\Users\\Miguel\\Desktop\\Applikcation Octobre\\Projet gestion de stock\\backend\\vendor\\laravel\\framework\\src\\Illuminate\\Foundation\\Application.php(1058): Illuminate\\Container\\Container->make('cors', Array)
#5 C:\\Users\\Miguel\\Desktop\\Applikcation Octobre\\Projet gestion de stock\\backend\\vendor\\laravel\\framework\\src\\Illuminate\\Pipeline\\Pipeline.php(208): Illuminate\\Foundation\\Application->make('cors')
#6 C:\\Users\\Miguel\\Desktop\\Applikcation Octobre\\Projet gestion de stock\\backend\\vendor\\laravel\\framework\\src\\Illuminate\\Pipeline\\Pipeline.php(137): Illuminate\\Pipeline\\Pipeline->Illuminate\\Pipeline\\{closure}(Object(Illuminate\\Http\\Request))
#7 C:\\Users\\Miguel\\Desktop\\Applikcation Octobre\\Projet gestion de stock\\backend\\vendor\\laravel\\framework\\src\\Illuminate\\Routing\\Router.php(821): Illuminate\\Pipeline\\Pipeline->then(Object(Closure))
#8 C:\\Users\\Miguel\\Desktop\\Applikcation Octobre\\Projet gestion de stock\\backend\\vendor\\laravel\\framework\\src\\Illuminate\\Routing\\Router.php(800): Illuminate\\Routing\\Router->runRouteWithinStack(Object(Illuminate\\Routing\\Route), Object(Illuminate\\Http\\Request))
#9 C:\\Users\\Miguel\\Desktop\\Applikcation Octobre\\Projet gestion de stock\\backend\\vendor\\laravel\\framework\\src\\Illuminate\\Routing\\Router.php(764): Illuminate\\Routing\\Router->runRoute(Object(Illuminate\\Http\\Request), Object(Illuminate\\Routing\\Route))
#10 C:\\Users\\Miguel\\Desktop\\Applikcation Octobre\\Projet gestion de stock\\backend\\vendor\\laravel\\framework\\src\\Illuminate\\Routing\\Router.php(753): Illuminate\\Routing\\Router->dispatchToRoute(Object(Illuminate\\Http\\Request))
#11 C:\\Users\\Miguel\\Desktop\\Applikcation Octobre\\Projet gestion de stock\\backend\\vendor\\laravel\\framework\\src\\Illuminate\\Foundation\\Http\\Kernel.php(200): Illuminate\\Routing\\Router->dispatch(Object(Illuminate\\Http\\Request))
#12 C:\\Users\\Miguel\\Desktop\\Applikcation Octobre\\Projet gestion de stock\\backend\\vendor\\laravel\\framework\\src\\Illuminate\\Pipeline\\Pipeline.php(180): Illuminate\\Foundation\\Http\\Kernel->Illuminate\\Foundation\\Http\\{closure}(Object(Illuminate\\Http\\Request))
#13 C:\\Users\\Miguel\\Desktop\\Applikcation Octobre\\Projet gestion de stock\\backend\\vendor\\laravel\\framework\\src\\Illuminate\\Foundation\\Http\\Middleware\\TransformsRequest.php(21): Illuminate\\Pipeline\\Pipeline->Illuminate\\Pipeline\\{closure}(Object(Illuminate\\Http\\Request))
#14 C:\\Users\\Miguel\\Desktop\\Applikcation Octobre\\Projet gestion de stock\\backend\\vendor\\laravel\\framework\\src\\Illuminate\\Foundation\\Http\\Middleware\\ConvertEmptyStringsToNull.php(31): Illuminate\\Foundation\\Http\\Middleware\\TransformsRequest->handle(Object(Illuminate\\Http\\Request), Object(Closure))
#15 C:\\Users\\Miguel\\Desktop\\Applikcation Octobre\\Projet gestion de stock\\backend\\vendor\\laravel\\framework\\src\\Illuminate\\Pipeline\\Pipeline.php(219): Illuminate\\Foundation\\Http\\Middleware\\ConvertEmptyStringsToNull->handle(Object(Illuminate\\Http\\Request), Object(Closure))
#16 C:\\Users\\Miguel\\Desktop\\Applikcation Octobre\\Projet gestion de stock\\backend\\vendor\\laravel\\framework\\src\\Illuminate\\Foundation\\Http\\Middleware\\TransformsRequest.php(21): Illuminate\\Pipeline\\Pipeline->Illuminate\\Pipeline\\{closure}(Object(Illuminate\\Http\\Request))
#17 C:\\Users\\Miguel\\Desktop\\Applikcation Octobre\\Projet gestion de stock\\backend\\vendor\\laravel\\framework\\src\\Illuminate\\Foundation\\Http\\Middleware\\TrimStrings.php(51): Illuminate\\Foundation\\Http\\Middleware\\TransformsRequest->handle(Object(Illuminate\\Http\\Request), Object(Closure))
#18 C:\\Users\\Miguel\\Desktop\\Applikcation Octobre\\Projet gestion de stock\\backend\\vendor\\laravel\\framework\\src\\Illuminate\\Pipeline\\Pipeline.php(219): Illuminate\\Foundation\\Http\\Middleware\\TrimStrings->handle(Object(Illuminate\\Http\\Request), Object(Closure))
#19 C:\\Users\\Miguel\\Desktop\\Applikcation Octobre\\Projet gestion de stock\\backend\\vendor\\laravel\\framework\\src\\Illuminate\\Http\\Middleware\\ValidatePostSize.php(27): Illuminate\\Pipeline\\Pipeline->Illuminate\\Pipeline\\{closure}(Object(Illuminate\\Http\\Request))
#20 C:\\Users\\Miguel\\Desktop\\Applikcation Octobre\\Projet gestion de stock\\backend\\vendor\\laravel\\framework\\src\\Illuminate\\Pipeline\\Pipeline.php(219): Illuminate\\Http\\Middleware\\ValidatePostSize->handle(Object(Illuminate\\Http\\Request), Object(Closure))
#21 C:\\Users\\Miguel\\Desktop\\Applikcation Octobre\\Projet gestion de stock\\backend\\vendor\\laravel\\framework\\src\\Illuminate\\Http\\Middleware\\HandleCors.php(61): Illuminate\\Pipeline\\Pipeline->Illuminate\\Pipeline\\{closure}(Object(Illuminate\\Http\\Request))
#22 C:\\Users\\Miguel\\Desktop\\Applikcation Octobre\\Projet gestion de stock\\backend\\vendor\\laravel\\framework\\src\\Illuminate\\Pipeline\\Pipeline.php(219): Illuminate\\Http\\Middleware\\HandleCors->handle(Object(Illuminate\\Http\\Request), Object(Closure))
#23 C:\\Users\\Miguel\\Desktop\\Applikcation Octobre\\Projet gestion de stock\\backend\\vendor\\laravel\\framework\\src\\Illuminate\\Http\\Middleware\\TrustProxies.php(58): Illuminate\\Pipeline\\Pipeline->Illuminate\\Pipeline\\{closure}(Object(Illuminate\\Http\\Request))
#24 C:\\Users\\Miguel\\Desktop\\Applikcation Octobre\\Projet gestion de stock\\backend\\vendor\\laravel\\framework\\src\\Illuminate\\Pipeline\\Pipeline.php(219): Illuminate\\Http\\Middleware\\TrustProxies->handle(Object(Illuminate\\Http\\Request), Object(Closure))
#25 C:\\Users\\Miguel\\Desktop\\Applikcation Octobre\\Projet gestion de stock\\backend\\vendor\\laravel\\framework\\src\\Illuminate\\Pipeline\\Pipeline.php(137): Illuminate\\Pipeline\\Pipeline->Illuminate\\Pipeline\\{closure}(Object(Illuminate\\Http\\Request))
#26 C:\\Users\\Miguel\\Desktop\\Applikcation Octobre\\Projet gestion de stock\\backend\\vendor\\laravel\\framework\\src\\Illuminate\\Foundation\\Http\\Kernel.php(175): Illuminate\\Pipeline\\Pipeline->then(Object(Closure))
#27 C:\\Users\\Miguel\\Desktop\\Applikcation Octobre\\Projet gestion de stock\\backend\\vendor\\laravel\\framework\\src\\Illuminate\\Foundation\\Http\\Kernel.php(144): Illuminate\\Foundation\\Http\\Kernel->sendRequestThroughRouter(Object(Illuminate\\Http\\Request))
#28 C:\\Users\\Miguel\\Desktop\\Applikcation Octobre\\Projet gestion de stock\\backend\\public\\index.php(76): Illuminate\\Foundation\\Http\\Kernel->handle(Object(Illuminate\\Http\\Request))
#29 C:\\Users\\Miguel\\Desktop\\Applikcation Octobre\\Projet gestion de stock\\backend\\vendor\\laravel\\framework\\src\\Illuminate\\Foundation\\resources\\server.php(23): require_once('C:\\\\Users\\\\Miguel...')
#30 {main}
"} 
[2025-11-11 16:34:46] local.ERROR: Target class [cors] does not exist. {"exception":"[object] (Illuminate\\Contracts\\Container\\BindingResolutionException(code: 0): Target class [cors] does not exist. at C:\\Users\\Miguel\\Desktop\\Applikcation Octobre\\Projet gestion de stock\\backend\\vendor\\laravel\\framework\\src\\Illuminate\\Container\\Container.php:1163)
[stacktrace]
#0 C:\\Users\\Miguel\\Desktop\\Applikcation Octobre\\Projet gestion de stock\\backend\\vendor\\laravel\\framework\\src\\Illuminate\\Container\\Container.php(972): Illuminate\\Container\\Container->build('cors')
#1 C:\\Users\\Miguel\\Desktop\\Applikcation Octobre\\Projet gestion de stock\\backend\\vendor\\laravel\\framework\\src\\Illuminate\\Foundation\\Application.php(1078): Illuminate\\Container\\Container->resolve('cors', Array, true)
#2 C:\\Users\\Miguel\\Desktop\\Applikcation Octobre\\Projet gestion de stock\\backend\\vendor\\laravel\\framework\\src\\Illuminate\\Container\\Container.php(903): Illuminate\\Foundation\\Application->resolve('cors', Array)
#3 C:\\Users\\Miguel\\Desktop\\Applikcation Octobre\\Projet gestion de stock\\backend\\vendor\\laravel\\framework\\src\\Illuminate\\Foundation\\Application.php(1058): Illuminate\\Container\\Container->make('cors', Array)
#4 C:\\Users\\Miguel\\Desktop\\Applikcation Octobre\\Projet gestion de stock\\backend\\vendor\\laravel\\framework\\src\\Illuminate\\Pipeline\\Pipeline.php(208): Illuminate\\Foundation\\Application->make('cors')
#5 C:\\Users\\Miguel\\Desktop\\Applikcation Octobre\\Projet gestion de stock\\backend\\vendor\\laravel\\framework\\src\\Illuminate\\Pipeline\\Pipeline.php(137): Illuminate\\Pipeline\\Pipeline->Illuminate\\Pipeline\\{closure}(Object(Illuminate\\Http\\Request))
#6 C:\\Users\\Miguel\\Desktop\\Applikcation Octobre\\Projet gestion de stock\\backend\\vendor\\laravel\\framework\\src\\Illuminate\\Routing\\Router.php(821): Illuminate\\Pipeline\\Pipeline->then(Object(Closure))
#7 C:\\Users\\Miguel\\Desktop\\Applikcation Octobre\\Projet gestion de stock\\backend\\vendor\\laravel\\framework\\src\\Illuminate\\Routing\\Router.php(800): Illuminate\\Routing\\Router->runRouteWithinStack(Object(Illuminate\\Routing\\Route), Object(Illuminate\\Http\\Request))
#8 C:\\Users\\Miguel\\Desktop\\Applikcation Octobre\\Projet gestion de stock\\backend\\vendor\\laravel\\framework\\src\\Illuminate\\Routing\\Router.php(764): Illuminate\\Routing\\Router->runRoute(Object(Illuminate\\Http\\Request), Object(Illuminate\\Routing\\Route))
#9 C:\\Users\\Miguel\\Desktop\\Applikcation Octobre\\Projet gestion de stock\\backend\\vendor\\laravel\\framework\\src\\Illuminate\\Routing\\Router.php(753): Illuminate\\Routing\\Router->dispatchToRoute(Object(Illuminate\\Http\\Request))
#10 C:\\Users\\Miguel\\Desktop\\Applikcation Octobre\\Projet gestion de stock\\backend\\vendor\\laravel\\framework\\src\\Illuminate\\Foundation\\Http\\Kernel.php(200): Illuminate\\Routing\\Router->dispatch(Object(Illuminate\\Http\\Request))
#11 C:\\Users\\Miguel\\Desktop\\Applikcation Octobre\\Projet gestion de stock\\backend\\vendor\\laravel\\framework\\src\\Illuminate\\Pipeline\\Pipeline.php(180): Illuminate\\Foundation\\Http\\Kernel->Illuminate\\Foundation\\Http\\{closure}(Object(Illuminate\\Http\\Request))
#12 C:\\Users\\Miguel\\Desktop\\Applikcation Octobre\\Projet gestion de stock\\backend\\vendor\\laravel\\framework\\src\\Illuminate\\Foundation\\Http\\Middleware\\TransformsRequest.php(21): Illuminate\\Pipeline\\Pipeline->Illuminate\\Pipeline\\{closure}(Object(Illuminate\\Http\\Request))
#13 C:\\Users\\Miguel\\Desktop\\Applikcation Octobre\\Projet gestion de stock\\backend\\vendor\\laravel\\framework\\src\\Illuminate\\Foundation\\Http\\Middleware\\ConvertEmptyStringsToNull.php(31): Illuminate\\Foundation\\Http\\Middleware\\TransformsRequest->handle(Object(Illuminate\\Http\\Request), Object(Closure))
#14 C:\\Users\\Miguel\\Desktop\\Applikcation Octobre\\Projet gestion de stock\\backend\\vendor\\laravel\\framework\\src\\Illuminate\\Pipeline\\Pipeline.php(219): Illuminate\\Foundation\\Http\\Middleware\\ConvertEmptyStringsToNull->handle(Object(Illuminate\\Http\\Request), Object(Closure))
#15 C:\\Users\\Miguel\\Desktop\\Applikcation Octobre\\Projet gestion de stock\\backend\\vendor\\laravel\\framework\\src\\Illuminate\\Foundation\\Http\\Middleware\\TransformsRequest.php(21): Illuminate\\Pipeline\\Pipeline->Illuminate\\Pipeline\\{closure}(Object(Illuminate\\Http\\Request))
#16 C:\\Users\\Miguel\\Desktop\\Applikcation Octobre\\Projet gestion de stock\\backend\\vendor\\laravel\\framework\\src\\Illuminate\\Foundation\\Http\\Middleware\\TrimStrings.php(51): Illuminate\\Foundation\\Http\\Middleware\\TransformsRequest->handle(Object(Illuminate\\Http\\Request), Object(Closure))
#17 C:\\Users\\Miguel\\Desktop\\Applikcation Octobre\\Projet gestion de stock\\backend\\vendor\\laravel\\framework\\src\\Illuminate\\Pipeline\\Pipeline.php(219): Illuminate\\Foundation\\Http\\Middleware\\TrimStrings->handle(Object(Illuminate\\Http\\Request), Object(Closure))
#18 C:\\Users\\Miguel\\Desktop\\Applikcation Octobre\\Projet gestion de stock\\backend\\vendor\\laravel\\framework\\src\\Illuminate\\Http\\Middleware\\ValidatePostSize.php(27): Illuminate\\Pipeline\\Pipeline->Illuminate\\Pipeline\\{closure}(Object(Illuminate\\Http\\Request))
#19 C:\\Users\\Miguel\\Desktop\\Applikcation Octobre\\Projet gestion de stock\\backend\\vendor\\laravel\\framework\\src\\Illuminate\\Pipeline\\Pipeline.php(219): Illuminate\\Http\\Middleware\\ValidatePostSize->handle(Object(Illuminate\\Http\\Request), Object(Closure))
#20 C:\\Users\\Miguel\\Desktop\\Applikcation Octobre\\Projet gestion de stock\\backend\\vendor\\laravel\\framework\\src\\Illuminate\\Http\\Middleware\\HandleCors.php(61): Illuminate\\Pipeline\\Pipeline->Illuminate\\Pipeline\\{closure}(Object(Illuminate\\Http\\Request))
#21 C:\\Users\\Miguel\\Desktop\\Applikcation Octobre\\Projet gestion de stock\\backend\\vendor\\laravel\\framework\\src\\Illuminate\\Pipeline\\Pipeline.php(219): Illuminate\\Http\\Middleware\\HandleCors->handle(Object(Illuminate\\Http\\Request), Object(Closure))
#22 C:\\Users\\Miguel\\Desktop\\Applikcation Octobre\\Projet gestion de stock\\backend\\vendor\\laravel\\framework\\src\\Illuminate\\Http\\Middleware\\TrustProxies.php(58): Illuminate\\Pipeline\\Pipeline->Illuminate\\Pipeline\\{closure}(Object(Illuminate\\Http\\Request))
#23 C:\\Users\\Miguel\\Desktop\\Applikcation Octobre\\Projet gestion de stock\\backend\\vendor\\laravel\\framework\\src\\Illuminate\\Pipeline\\Pipeline.php(219): Illuminate\\Http\\Middleware\\TrustProxies->handle(Object(Illuminate\\Http\\Request), Object(Closure))
#24 C:\\Users\\Miguel\\Desktop\\Applikcation Octobre\\Projet gestion de stock\\backend\\vendor\\laravel\\framework\\src\\Illuminate\\Pipeline\\Pipeline.php(137): Illuminate\\Pipeline\\Pipeline->Illuminate\\Pipeline\\{closure}(Object(Illuminate\\Http\\Request))
#25 C:\\Users\\Miguel\\Desktop\\Applikcation Octobre\\Projet gestion de stock\\backend\\vendor\\laravel\\framework\\src\\Illuminate\\Foundation\\Http\\Kernel.php(175): Illuminate\\Pipeline\\Pipeline->then(Object(Closure))
#26 C:\\Users\\Miguel\\Desktop\\Applikcation Octobre\\Projet gestion de stock\\backend\\vendor\\laravel\\framework\\src\\Illuminate\\Foundation\\Http\\Kernel.php(144): Illuminate\\Foundation\\Http\\Kernel->sendRequestThroughRouter(Object(Illuminate\\Http\\Request))
#27 C:\\Users\\Miguel\\Desktop\\Applikcation Octobre\\Projet gestion de stock\\backend\\public\\index.php(180): Illuminate\\Foundation\\Http\\Kernel->handle(Object(Illuminate\\Http\\Request))
#28 C:\\Users\\Miguel\\Desktop\\Applikcation Octobre\\Projet gestion de stock\\backend\\vendor\\laravel\\framework\\src\\Illuminate\\Foundation\\resources\\server.php(23): require_once('C:\\\\Users\\\\Miguel...')
#29 {main}

[previous exception] [object] (ReflectionException(code: -1): Class \"cors\" does not exist at C:\\Users\\Miguel\\Desktop\\Applikcation Octobre\\Projet gestion de stock\\backend\\vendor\\laravel\\framework\\src\\Illuminate\\Container\\Container.php:1161)
[stacktrace]
#0 C:\\Users\\Miguel\\Desktop\\Applikcation Octobre\\Projet gestion de stock\\backend\\vendor\\laravel\\framework\\src\\Illuminate\\Container\\Container.php(1161): ReflectionClass->__construct('cors')
#1 C:\\Users\\Miguel\\Desktop\\Applikcation Octobre\\Projet gestion de stock\\backend\\vendor\\laravel\\framework\\src\\Illuminate\\Container\\Container.php(972): Illuminate\\Container\\Container->build('cors')
#2 C:\\Users\\Miguel\\Desktop\\Applikcation Octobre\\Projet gestion de stock\\backend\\vendor\\laravel\\framework\\src\\Illuminate\\Foundation\\Application.php(1078): Illuminate\\Container\\Container->resolve('cors', Array, true)
#3 C:\\Users\\Miguel\\Desktop\\Applikcation Octobre\\Projet gestion de stock\\backend\\vendor\\laravel\\framework\\src\\Illuminate\\Container\\Container.php(903): Illuminate\\Foundation\\Application->resolve('cors', Array)
#4 C:\\Users\\Miguel\\Desktop\\Applikcation Octobre\\Projet gestion de stock\\backend\\vendor\\laravel\\framework\\src\\Illuminate\\Foundation\\Application.php(1058): Illuminate\\Container\\Container->make('cors', Array)
#5 C:\\Users\\Miguel\\Desktop\\Applikcation Octobre\\Projet gestion de stock\\backend\\vendor\\laravel\\framework\\src\\Illuminate\\Pipeline\\Pipeline.php(208): Illuminate\\Foundation\\Application->make('cors')
#6 C:\\Users\\Miguel\\Desktop\\Applikcation Octobre\\Projet gestion de stock\\backend\\vendor\\laravel\\framework\\src\\Illuminate\\Pipeline\\Pipeline.php(137): Illuminate\\Pipeline\\Pipeline->Illuminate\\Pipeline\\{closure}(Object(Illuminate\\Http\\Request))
#7 C:\\Users\\Miguel\\Desktop\\Applikcation Octobre\\Projet gestion de stock\\backend\\vendor\\laravel\\framework\\src\\Illuminate\\Routing\\Router.php(821): Illuminate\\Pipeline\\Pipeline->then(Object(Closure))
#8 C:\\Users\\Miguel\\Desktop\\Applikcation Octobre\\Projet gestion de stock\\backend\\vendor\\laravel\\framework\\src\\Illuminate\\Routing\\Router.php(800): Illuminate\\Routing\\Router->runRouteWithinStack(Object(Illuminate\\Routing\\Route), Object(Illuminate\\Http\\Request))
#9 C:\\Users\\Miguel\\Desktop\\Applikcation Octobre\\Projet gestion de stock\\backend\\vendor\\laravel\\framework\\src\\Illuminate\\Routing\\Router.php(764): Illuminate\\Routing\\Router->runRoute(Object(Illuminate\\Http\\Request), Object(Illuminate\\Routing\\Route))
#10 C:\\Users\\Miguel\\Desktop\\Applikcation Octobre\\Projet gestion de stock\\backend\\vendor\\laravel\\framework\\src\\Illuminate\\Routing\\Router.php(753): Illuminate\\Routing\\Router->dispatchToRoute(Object(Illuminate\\Http\\Request))
#11 C:\\Users\\Miguel\\Desktop\\Applikcation Octobre\\Projet gestion de stock\\backend\\vendor\\laravel\\framework\\src\\Illuminate\\Foundation\\Http\\Kernel.php(200): Illuminate\\Routing\\Router->dispatch(Object(Illuminate\\Http\\Request))
#12 C:\\Users\\Miguel\\Desktop\\Applikcation Octobre\\Projet gestion de stock\\backend\\vendor\\laravel\\framework\\src\\Illuminate\\Pipeline\\Pipeline.php(180): Illuminate\\Foundation\\Http\\Kernel->Illuminate\\Foundation\\Http\\{closure}(Object(Illuminate\\Http\\Request))
#13 C:\\Users\\Miguel\\Desktop\\Applikcation Octobre\\Projet gestion de stock\\backend\\vendor\\laravel\\framework\\src\\Illuminate\\Foundation\\Http\\Middleware\\TransformsRequest.php(21): Illuminate\\Pipeline\\Pipeline->Illuminate\\Pipeline\\{closure}(Object(Illuminate\\Http\\Request))
#14 C:\\Users\\Miguel\\Desktop\\Applikcation Octobre\\Projet gestion de stock\\backend\\vendor\\laravel\\framework\\src\\Illuminate\\Foundation\\Http\\Middleware\\ConvertEmptyStringsToNull.php(31): Illuminate\\Foundation\\Http\\Middleware\\TransformsRequest->handle(Object(Illuminate\\Http\\Request), Object(Closure))
#15 C:\\Users\\Miguel\\Desktop\\Applikcation Octobre\\Projet gestion de stock\\backend\\vendor\\laravel\\framework\\src\\Illuminate\\Pipeline\\Pipeline.php(219): Illuminate\\Foundation\\Http\\Middleware\\ConvertEmptyStringsToNull->handle(Object(Illuminate\\Http\\Request), Object(Closure))
#16 C:\\Users\\Miguel\\Desktop\\Applikcation Octobre\\Projet gestion de stock\\backend\\vendor\\laravel\\framework\\src\\Illuminate\\Foundation\\Http\\Middleware\\TransformsRequest.php(21): Illuminate\\Pipeline\\Pipeline->Illuminate\\Pipeline\\{closure}(Object(Illuminate\\Http\\Request))
#17 C:\\Users\\Miguel\\Desktop\\Applikcation Octobre\\Projet gestion de stock\\backend\\vendor\\laravel\\framework\\src\\Illuminate\\Foundation\\Http\\Middleware\\TrimStrings.php(51): Illuminate\\Foundation\\Http\\Middleware\\TransformsRequest->handle(Object(Illuminate\\Http\\Request), Object(Closure))
#18 C:\\Users\\Miguel\\Desktop\\Applikcation Octobre\\Projet gestion de stock\\backend\\vendor\\laravel\\framework\\src\\Illuminate\\Pipeline\\Pipeline.php(219): Illuminate\\Foundation\\Http\\Middleware\\TrimStrings->handle(Object(Illuminate\\Http\\Request), Object(Closure))
#19 C:\\Users\\Miguel\\Desktop\\Applikcation Octobre\\Projet gestion de stock\\backend\\vendor\\laravel\\framework\\src\\Illuminate\\Http\\Middleware\\ValidatePostSize.php(27): Illuminate\\Pipeline\\Pipeline->Illuminate\\Pipeline\\{closure}(Object(Illuminate\\Http\\Request))
#20 C:\\Users\\Miguel\\Desktop\\Applikcation Octobre\\Projet gestion de stock\\backend\\vendor\\laravel\\framework\\src\\Illuminate\\Pipeline\\Pipeline.php(219): Illuminate\\Http\\Middleware\\ValidatePostSize->handle(Object(Illuminate\\Http\\Request), Object(Closure))
#21 C:\\Users\\Miguel\\Desktop\\Applikcation Octobre\\Projet gestion de stock\\backend\\vendor\\laravel\\framework\\src\\Illuminate\\Http\\Middleware\\HandleCors.php(61): Illuminate\\Pipeline\\Pipeline->Illuminate\\Pipeline\\{closure}(Object(Illuminate\\Http\\Request))
#22 C:\\Users\\Miguel\\Desktop\\Applikcation Octobre\\Projet gestion de stock\\backend\\vendor\\laravel\\framework\\src\\Illuminate\\Pipeline\\Pipeline.php(219): Illuminate\\Http\\Middleware\\HandleCors->handle(Object(Illuminate\\Http\\Request), Object(Closure))
#23 C:\\Users\\Miguel\\Desktop\\Applikcation Octobre\\Projet gestion de stock\\backend\\vendor\\laravel\\framework\\src\\Illuminate\\Http\\Middleware\\TrustProxies.php(58): Illuminate\\Pipeline\\Pipeline->Illuminate\\Pipeline\\{closure}(Object(Illuminate\\Http\\Request))
#24 C:\\Users\\Miguel\\Desktop\\Applikcation Octobre\\Projet gestion de stock\\backend\\vendor\\laravel\\framework\\src\\Illuminate\\Pipeline\\Pipeline.php(219): Illuminate\\Http\\Middleware\\TrustProxies->handle(Object(Illuminate\\Http\\Request), Object(Closure))
#25 C:\\Users\\Miguel\\Desktop\\Applikcation Octobre\\Projet gestion de stock\\backend\\vendor\\laravel\\framework\\src\\Illuminate\\Pipeline\\Pipeline.php(137): Illuminate\\Pipeline\\Pipeline->Illuminate\\Pipeline\\{closure}(Object(Illuminate\\Http\\Request))
#26 C:\\Users\\Miguel\\Desktop\\Applikcation Octobre\\Projet gestion de stock\\backend\\vendor\\laravel\\framework\\src\\Illuminate\\Foundation\\Http\\Kernel.php(175): Illuminate\\Pipeline\\Pipeline->then(Object(Closure))
#27 C:\\Users\\Miguel\\Desktop\\Applikcation Octobre\\Projet gestion de stock\\backend\\vendor\\laravel\\framework\\src\\Illuminate\\Foundation\\Http\\Kernel.php(144): Illuminate\\Foundation\\Http\\Kernel->sendRequestThroughRouter(Object(Illuminate\\Http\\Request))
#28 C:\\Users\\Miguel\\Desktop\\Applikcation Octobre\\Projet gestion de stock\\backend\\public\\index.php(180): Illuminate\\Foundation\\Http\\Kernel->handle(Object(Illuminate\\Http\\Request))
#29 C:\\Users\\Miguel\\Desktop\\Applikcation Octobre\\Projet gestion de stock\\backend\\vendor\\laravel\\framework\\src\\Illuminate\\Foundation\\resources\\server.php(23): require_once('C:\\\\Users\\\\Miguel...')
#30 {main}
"} 
[2025-11-11 16:35:01] local.ERROR: Target class [cors] does not exist. {"exception":"[object] (Illuminate\\Contracts\\Container\\BindingResolutionException(code: 0): Target class [cors] does not exist. at C:\\Users\\Miguel\\Desktop\\Applikcation Octobre\\Projet gestion de stock\\backend\\vendor\\laravel\\framework\\src\\Illuminate\\Container\\Container.php:1163)
[stacktrace]
#0 C:\\Users\\Miguel\\Desktop\\Applikcation Octobre\\Projet gestion de stock\\backend\\vendor\\laravel\\framework\\src\\Illuminate\\Container\\Container.php(972): Illuminate\\Container\\Container->build('cors')
#1 C:\\Users\\Miguel\\Desktop\\Applikcation Octobre\\Projet gestion de stock\\backend\\vendor\\laravel\\framework\\src\\Illuminate\\Foundation\\Application.php(1078): Illuminate\\Container\\Container->resolve('cors', Array, true)
#2 C:\\Users\\Miguel\\Desktop\\Applikcation Octobre\\Projet gestion de stock\\backend\\vendor\\laravel\\framework\\src\\Illuminate\\Container\\Container.php(903): Illuminate\\Foundation\\Application->resolve('cors', Array)
#3 C:\\Users\\Miguel\\Desktop\\Applikcation Octobre\\Projet gestion de stock\\backend\\vendor\\laravel\\framework\\src\\Illuminate\\Foundation\\Application.php(1058): Illuminate\\Container\\Container->make('cors', Array)
#4 C:\\Users\\Miguel\\Desktop\\Applikcation Octobre\\Projet gestion de stock\\backend\\vendor\\laravel\\framework\\src\\Illuminate\\Pipeline\\Pipeline.php(208): Illuminate\\Foundation\\Application->make('cors')
#5 C:\\Users\\Miguel\\Desktop\\Applikcation Octobre\\Projet gestion de stock\\backend\\vendor\\laravel\\framework\\src\\Illuminate\\Pipeline\\Pipeline.php(137): Illuminate\\Pipeline\\Pipeline->Illuminate\\Pipeline\\{closure}(Object(Illuminate\\Http\\Request))
#6 C:\\Users\\Miguel\\Desktop\\Applikcation Octobre\\Projet gestion de stock\\backend\\vendor\\laravel\\framework\\src\\Illuminate\\Routing\\Router.php(821): Illuminate\\Pipeline\\Pipeline->then(Object(Closure))
#7 C:\\Users\\Miguel\\Desktop\\Applikcation Octobre\\Projet gestion de stock\\backend\\vendor\\laravel\\framework\\src\\Illuminate\\Routing\\Router.php(800): Illuminate\\Routing\\Router->runRouteWithinStack(Object(Illuminate\\Routing\\Route), Object(Illuminate\\Http\\Request))
#8 C:\\Users\\Miguel\\Desktop\\Applikcation Octobre\\Projet gestion de stock\\backend\\vendor\\laravel\\framework\\src\\Illuminate\\Routing\\Router.php(764): Illuminate\\Routing\\Router->runRoute(Object(Illuminate\\Http\\Request), Object(Illuminate\\Routing\\Route))
#9 C:\\Users\\Miguel\\Desktop\\Applikcation Octobre\\Projet gestion de stock\\backend\\vendor\\laravel\\framework\\src\\Illuminate\\Routing\\Router.php(753): Illuminate\\Routing\\Router->dispatchToRoute(Object(Illuminate\\Http\\Request))
#10 C:\\Users\\Miguel\\Desktop\\Applikcation Octobre\\Projet gestion de stock\\backend\\vendor\\laravel\\framework\\src\\Illuminate\\Foundation\\Http\\Kernel.php(200): Illuminate\\Routing\\Router->dispatch(Object(Illuminate\\Http\\Request))
#11 C:\\Users\\Miguel\\Desktop\\Applikcation Octobre\\Projet gestion de stock\\backend\\vendor\\laravel\\framework\\src\\Illuminate\\Pipeline\\Pipeline.php(180): Illuminate\\Foundation\\Http\\Kernel->Illuminate\\Foundation\\Http\\{closure}(Object(Illuminate\\Http\\Request))
#12 C:\\Users\\Miguel\\Desktop\\Applikcation Octobre\\Projet gestion de stock\\backend\\vendor\\laravel\\framework\\src\\Illuminate\\Foundation\\Http\\Middleware\\TransformsRequest.php(21): Illuminate\\Pipeline\\Pipeline->Illuminate\\Pipeline\\{closure}(Object(Illuminate\\Http\\Request))
#13 C:\\Users\\Miguel\\Desktop\\Applikcation Octobre\\Projet gestion de stock\\backend\\vendor\\laravel\\framework\\src\\Illuminate\\Foundation\\Http\\Middleware\\ConvertEmptyStringsToNull.php(31): Illuminate\\Foundation\\Http\\Middleware\\TransformsRequest->handle(Object(Illuminate\\Http\\Request), Object(Closure))
#14 C:\\Users\\Miguel\\Desktop\\Applikcation Octobre\\Projet gestion de stock\\backend\\vendor\\laravel\\framework\\src\\Illuminate\\Pipeline\\Pipeline.php(219): Illuminate\\Foundation\\Http\\Middleware\\ConvertEmptyStringsToNull->handle(Object(Illuminate\\Http\\Request), Object(Closure))
#15 C:\\Users\\Miguel\\Desktop\\Applikcation Octobre\\Projet gestion de stock\\backend\\vendor\\laravel\\framework\\src\\Illuminate\\Foundation\\Http\\Middleware\\TransformsRequest.php(21): Illuminate\\Pipeline\\Pipeline->Illuminate\\Pipeline\\{closure}(Object(Illuminate\\Http\\Request))
#16 C:\\Users\\Miguel\\Desktop\\Applikcation Octobre\\Projet gestion de stock\\backend\\vendor\\laravel\\framework\\src\\Illuminate\\Foundation\\Http\\Middleware\\TrimStrings.php(51): Illuminate\\Foundation\\Http\\Middleware\\TransformsRequest->handle(Object(Illuminate\\Http\\Request), Object(Closure))
#17 C:\\Users\\Miguel\\Desktop\\Applikcation Octobre\\Projet gestion de stock\\backend\\vendor\\laravel\\framework\\src\\Illuminate\\Pipeline\\Pipeline.php(219): Illuminate\\Foundation\\Http\\Middleware\\TrimStrings->handle(Object(Illuminate\\Http\\Request), Object(Closure))
#18 C:\\Users\\Miguel\\Desktop\\Applikcation Octobre\\Projet gestion de stock\\backend\\vendor\\laravel\\framework\\src\\Illuminate\\Http\\Middleware\\ValidatePostSize.php(27): Illuminate\\Pipeline\\Pipeline->Illuminate\\Pipeline\\{closure}(Object(Illuminate\\Http\\Request))
#19 C:\\Users\\Miguel\\Desktop\\Applikcation Octobre\\Projet gestion de stock\\backend\\vendor\\laravel\\framework\\src\\Illuminate\\Pipeline\\Pipeline.php(219): Illuminate\\Http\\Middleware\\ValidatePostSize->handle(Object(Illuminate\\Http\\Request), Object(Closure))
#20 C:\\Users\\Miguel\\Desktop\\Applikcation Octobre\\Projet gestion de stock\\backend\\vendor\\laravel\\framework\\src\\Illuminate\\Http\\Middleware\\HandleCors.php(61): Illuminate\\Pipeline\\Pipeline->Illuminate\\Pipeline\\{closure}(Object(Illuminate\\Http\\Request))
#21 C:\\Users\\Miguel\\Desktop\\Applikcation Octobre\\Projet gestion de stock\\backend\\vendor\\laravel\\framework\\src\\Illuminate\\Pipeline\\Pipeline.php(219): Illuminate\\Http\\Middleware\\HandleCors->handle(Object(Illuminate\\Http\\Request), Object(Closure))
#22 C:\\Users\\Miguel\\Desktop\\Applikcation Octobre\\Projet gestion de stock\\backend\\vendor\\laravel\\framework\\src\\Illuminate\\Http\\Middleware\\TrustProxies.php(58): Illuminate\\Pipeline\\Pipeline->Illuminate\\Pipeline\\{closure}(Object(Illuminate\\Http\\Request))
#23 C:\\Users\\Miguel\\Desktop\\Applikcation Octobre\\Projet gestion de stock\\backend\\vendor\\laravel\\framework\\src\\Illuminate\\Pipeline\\Pipeline.php(219): Illuminate\\Http\\Middleware\\TrustProxies->handle(Object(Illuminate\\Http\\Request), Object(Closure))
#24 C:\\Users\\Miguel\\Desktop\\Applikcation Octobre\\Projet gestion de stock\\backend\\vendor\\laravel\\framework\\src\\Illuminate\\Pipeline\\Pipeline.php(137): Illuminate\\Pipeline\\Pipeline->Illuminate\\Pipeline\\{closure}(Object(Illuminate\\Http\\Request))
#25 C:\\Users\\Miguel\\Desktop\\Applikcation Octobre\\Projet gestion de stock\\backend\\vendor\\laravel\\framework\\src\\Illuminate\\Foundation\\Http\\Kernel.php(175): Illuminate\\Pipeline\\Pipeline->then(Object(Closure))
#26 C:\\Users\\Miguel\\Desktop\\Applikcation Octobre\\Projet gestion de stock\\backend\\vendor\\laravel\\framework\\src\\Illuminate\\Foundation\\Http\\Kernel.php(144): Illuminate\\Foundation\\Http\\Kernel->sendRequestThroughRouter(Object(Illuminate\\Http\\Request))
#27 C:\\Users\\Miguel\\Desktop\\Applikcation Octobre\\Projet gestion de stock\\backend\\public\\index.php(180): Illuminate\\Foundation\\Http\\Kernel->handle(Object(Illuminate\\Http\\Request))
#28 C:\\Users\\Miguel\\Desktop\\Applikcation Octobre\\Projet gestion de stock\\backend\\vendor\\laravel\\framework\\src\\Illuminate\\Foundation\\resources\\server.php(23): require_once('C:\\\\Users\\\\Miguel...')
#29 {main}

[previous exception] [object] (ReflectionException(code: -1): Class \"cors\" does not exist at C:\\Users\\Miguel\\Desktop\\Applikcation Octobre\\Projet gestion de stock\\backend\\vendor\\laravel\\framework\\src\\Illuminate\\Container\\Container.php:1161)
[stacktrace]
#0 C:\\Users\\Miguel\\Desktop\\Applikcation Octobre\\Projet gestion de stock\\backend\\vendor\\laravel\\framework\\src\\Illuminate\\Container\\Container.php(1161): ReflectionClass->__construct('cors')
#1 C:\\Users\\Miguel\\Desktop\\Applikcation Octobre\\Projet gestion de stock\\backend\\vendor\\laravel\\framework\\src\\Illuminate\\Container\\Container.php(972): Illuminate\\Container\\Container->build('cors')
#2 C:\\Users\\Miguel\\Desktop\\Applikcation Octobre\\Projet gestion de stock\\backend\\vendor\\laravel\\framework\\src\\Illuminate\\Foundation\\Application.php(1078): Illuminate\\Container\\Container->resolve('cors', Array, true)
#3 C:\\Users\\Miguel\\Desktop\\Applikcation Octobre\\Projet gestion de stock\\backend\\vendor\\laravel\\framework\\src\\Illuminate\\Container\\Container.php(903): Illuminate\\Foundation\\Application->resolve('cors', Array)
#4 C:\\Users\\Miguel\\Desktop\\Applikcation Octobre\\Projet gestion de stock\\backend\\vendor\\laravel\\framework\\src\\Illuminate\\Foundation\\Application.php(1058): Illuminate\\Container\\Container->make('cors', Array)
#5 C:\\Users\\Miguel\\Desktop\\Applikcation Octobre\\Projet gestion de stock\\backend\\vendor\\laravel\\framework\\src\\Illuminate\\Pipeline\\Pipeline.php(208): Illuminate\\Foundation\\Application->make('cors')
#6 C:\\Users\\Miguel\\Desktop\\Applikcation Octobre\\Projet gestion de stock\\backend\\vendor\\laravel\\framework\\src\\Illuminate\\Pipeline\\Pipeline.php(137): Illuminate\\Pipeline\\Pipeline->Illuminate\\Pipeline\\{closure}(Object(Illuminate\\Http\\Request))
#7 C:\\Users\\Miguel\\Desktop\\Applikcation Octobre\\Projet gestion de stock\\backend\\vendor\\laravel\\framework\\src\\Illuminate\\Routing\\Router.php(821): Illuminate\\Pipeline\\Pipeline->then(Object(Closure))
#8 C:\\Users\\Miguel\\Desktop\\Applikcation Octobre\\Projet gestion de stock\\backend\\vendor\\laravel\\framework\\src\\Illuminate\\Routing\\Router.php(800): Illuminate\\Routing\\Router->runRouteWithinStack(Object(Illuminate\\Routing\\Route), Object(Illuminate\\Http\\Request))
#9 C:\\Users\\Miguel\\Desktop\\Applikcation Octobre\\Projet gestion de stock\\backend\\vendor\\laravel\\framework\\src\\Illuminate\\Routing\\Router.php(764): Illuminate\\Routing\\Router->runRoute(Object(Illuminate\\Http\\Request), Object(Illuminate\\Routing\\Route))
#10 C:\\Users\\Miguel\\Desktop\\Applikcation Octobre\\Projet gestion de stock\\backend\\vendor\\laravel\\framework\\src\\Illuminate\\Routing\\Router.php(753): Illuminate\\Routing\\Router->dispatchToRoute(Object(Illuminate\\Http\\Request))
#11 C:\\Users\\Miguel\\Desktop\\Applikcation Octobre\\Projet gestion de stock\\backend\\vendor\\laravel\\framework\\src\\Illuminate\\Foundation\\Http\\Kernel.php(200): Illuminate\\Routing\\Router->dispatch(Object(Illuminate\\Http\\Request))
#12 C:\\Users\\Miguel\\Desktop\\Applikcation Octobre\\Projet gestion de stock\\backend\\vendor\\laravel\\framework\\src\\Illuminate\\Pipeline\\Pipeline.php(180): Illuminate\\Foundation\\Http\\Kernel->Illuminate\\Foundation\\Http\\{closure}(Object(Illuminate\\Http\\Request))
#13 C:\\Users\\Miguel\\Desktop\\Applikcation Octobre\\Projet gestion de stock\\backend\\vendor\\laravel\\framework\\src\\Illuminate\\Foundation\\Http\\Middleware\\TransformsRequest.php(21): Illuminate\\Pipeline\\Pipeline->Illuminate\\Pipeline\\{closure}(Object(Illuminate\\Http\\Request))
#14 C:\\Users\\Miguel\\Desktop\\Applikcation Octobre\\Projet gestion de stock\\backend\\vendor\\laravel\\framework\\src\\Illuminate\\Foundation\\Http\\Middleware\\ConvertEmptyStringsToNull.php(31): Illuminate\\Foundation\\Http\\Middleware\\TransformsRequest->handle(Object(Illuminate\\Http\\Request), Object(Closure))
#15 C:\\Users\\Miguel\\Desktop\\Applikcation Octobre\\Projet gestion de stock\\backend\\vendor\\laravel\\framework\\src\\Illuminate\\Pipeline\\Pipeline.php(219): Illuminate\\Foundation\\Http\\Middleware\\ConvertEmptyStringsToNull->handle(Object(Illuminate\\Http\\Request), Object(Closure))
#16 C:\\Users\\Miguel\\Desktop\\Applikcation Octobre\\Projet gestion de stock\\backend\\vendor\\laravel\\framework\\src\\Illuminate\\Foundation\\Http\\Middleware\\TransformsRequest.php(21): Illuminate\\Pipeline\\Pipeline->Illuminate\\Pipeline\\{closure}(Object(Illuminate\\Http\\Request))
#17 C:\\Users\\Miguel\\Desktop\\Applikcation Octobre\\Projet gestion de stock\\backend\\vendor\\laravel\\framework\\src\\Illuminate\\Foundation\\Http\\Middleware\\TrimStrings.php(51): Illuminate\\Foundation\\Http\\Middleware\\TransformsRequest->handle(Object(Illuminate\\Http\\Request), Object(Closure))
#18 C:\\Users\\Miguel\\Desktop\\Applikcation Octobre\\Projet gestion de stock\\backend\\vendor\\laravel\\framework\\src\\Illuminate\\Pipeline\\Pipeline.php(219): Illuminate\\Foundation\\Http\\Middleware\\TrimStrings->handle(Object(Illuminate\\Http\\Request), Object(Closure))
#19 C:\\Users\\Miguel\\Desktop\\Applikcation Octobre\\Projet gestion de stock\\backend\\vendor\\laravel\\framework\\src\\Illuminate\\Http\\Middleware\\ValidatePostSize.php(27): Illuminate\\Pipeline\\Pipeline->Illuminate\\Pipeline\\{closure}(Object(Illuminate\\Http\\Request))
#20 C:\\Users\\Miguel\\Desktop\\Applikcation Octobre\\Projet gestion de stock\\backend\\vendor\\laravel\\framework\\src\\Illuminate\\Pipeline\\Pipeline.php(219): Illuminate\\Http\\Middleware\\ValidatePostSize->handle(Object(Illuminate\\Http\\Request), Object(Closure))
#21 C:\\Users\\Miguel\\Desktop\\Applikcation Octobre\\Projet gestion de stock\\backend\\vendor\\laravel\\framework\\src\\Illuminate\\Http\\Middleware\\HandleCors.php(61): Illuminate\\Pipeline\\Pipeline->Illuminate\\Pipeline\\{closure}(Object(Illuminate\\Http\\Request))
#22 C:\\Users\\Miguel\\Desktop\\Applikcation Octobre\\Projet gestion de stock\\backend\\vendor\\laravel\\framework\\src\\Illuminate\\Pipeline\\Pipeline.php(219): Illuminate\\Http\\Middleware\\HandleCors->handle(Object(Illuminate\\Http\\Request), Object(Closure))
#23 C:\\Users\\Miguel\\Desktop\\Applikcation Octobre\\Projet gestion de stock\\backend\\vendor\\laravel\\framework\\src\\Illuminate\\Http\\Middleware\\TrustProxies.php(58): Illuminate\\Pipeline\\Pipeline->Illuminate\\Pipeline\\{closure}(Object(Illuminate\\Http\\Request))
#24 C:\\Users\\Miguel\\Desktop\\Applikcation Octobre\\Projet gestion de stock\\backend\\vendor\\laravel\\framework\\src\\Illuminate\\Pipeline\\Pipeline.php(219): Illuminate\\Http\\Middleware\\TrustProxies->handle(Object(Illuminate\\Http\\Request), Object(Closure))
#25 C:\\Users\\Miguel\\Desktop\\Applikcation Octobre\\Projet gestion de stock\\backend\\vendor\\laravel\\framework\\src\\Illuminate\\Pipeline\\Pipeline.php(137): Illuminate\\Pipeline\\Pipeline->Illuminate\\Pipeline\\{closure}(Object(Illuminate\\Http\\Request))
#26 C:\\Users\\Miguel\\Desktop\\Applikcation Octobre\\Projet gestion de stock\\backend\\vendor\\laravel\\framework\\src\\Illuminate\\Foundation\\Http\\Kernel.php(175): Illuminate\\Pipeline\\Pipeline->then(Object(Closure))
#27 C:\\Users\\Miguel\\Desktop\\Applikcation Octobre\\Projet gestion de stock\\backend\\vendor\\laravel\\framework\\src\\Illuminate\\Foundation\\Http\\Kernel.php(144): Illuminate\\Foundation\\Http\\Kernel->sendRequestThroughRouter(Object(Illuminate\\Http\\Request))
#28 C:\\Users\\Miguel\\Desktop\\Applikcation Octobre\\Projet gestion de stock\\backend\\public\\index.php(180): Illuminate\\Foundation\\Http\\Kernel->handle(Object(Illuminate\\Http\\Request))
#29 C:\\Users\\Miguel\\Desktop\\Applikcation Octobre\\Projet gestion de stock\\backend\\vendor\\laravel\\framework\\src\\Illuminate\\Foundation\\resources\\server.php(23): require_once('C:\\\\Users\\\\Miguel...')
#30 {main}
"} 
[2025-11-11 16:38:10] local.ERROR: Target class [cors] does not exist. {"exception":"[object] (Illuminate\\Contracts\\Container\\BindingResolutionException(code: 0): Target class [cors] does not exist. at C:\\Users\\Miguel\\Desktop\\Applikcation Octobre\\Projet gestion de stock\\backend\\vendor\\laravel\\framework\\src\\Illuminate\\Container\\Container.php:1163)
[stacktrace]
#0 C:\\Users\\Miguel\\Desktop\\Applikcation Octobre\\Projet gestion de stock\\backend\\vendor\\laravel\\framework\\src\\Illuminate\\Container\\Container.php(972): Illuminate\\Container\\Container->build('cors')
#1 C:\\Users\\Miguel\\Desktop\\Applikcation Octobre\\Projet gestion de stock\\backend\\vendor\\laravel\\framework\\src\\Illuminate\\Foundation\\Application.php(1078): Illuminate\\Container\\Container->resolve('cors', Array, true)
#2 C:\\Users\\Miguel\\Desktop\\Applikcation Octobre\\Projet gestion de stock\\backend\\vendor\\laravel\\framework\\src\\Illuminate\\Container\\Container.php(903): Illuminate\\Foundation\\Application->resolve('cors', Array)
#3 C:\\Users\\Miguel\\Desktop\\Applikcation Octobre\\Projet gestion de stock\\backend\\vendor\\laravel\\framework\\src\\Illuminate\\Foundation\\Application.php(1058): Illuminate\\Container\\Container->make('cors', Array)
#4 C:\\Users\\Miguel\\Desktop\\Applikcation Octobre\\Projet gestion de stock\\backend\\vendor\\laravel\\framework\\src\\Illuminate\\Pipeline\\Pipeline.php(208): Illuminate\\Foundation\\Application->make('cors')
#5 C:\\Users\\Miguel\\Desktop\\Applikcation Octobre\\Projet gestion de stock\\backend\\vendor\\laravel\\framework\\src\\Illuminate\\Pipeline\\Pipeline.php(137): Illuminate\\Pipeline\\Pipeline->Illuminate\\Pipeline\\{closure}(Object(Illuminate\\Http\\Request))
#6 C:\\Users\\Miguel\\Desktop\\Applikcation Octobre\\Projet gestion de stock\\backend\\vendor\\laravel\\framework\\src\\Illuminate\\Routing\\Router.php(821): Illuminate\\Pipeline\\Pipeline->then(Object(Closure))
#7 C:\\Users\\Miguel\\Desktop\\Applikcation Octobre\\Projet gestion de stock\\backend\\vendor\\laravel\\framework\\src\\Illuminate\\Routing\\Router.php(800): Illuminate\\Routing\\Router->runRouteWithinStack(Object(Illuminate\\Routing\\Route), Object(Illuminate\\Http\\Request))
#8 C:\\Users\\Miguel\\Desktop\\Applikcation Octobre\\Projet gestion de stock\\backend\\vendor\\laravel\\framework\\src\\Illuminate\\Routing\\Router.php(764): Illuminate\\Routing\\Router->runRoute(Object(Illuminate\\Http\\Request), Object(Illuminate\\Routing\\Route))
#9 C:\\Users\\Miguel\\Desktop\\Applikcation Octobre\\Projet gestion de stock\\backend\\vendor\\laravel\\framework\\src\\Illuminate\\Routing\\Router.php(753): Illuminate\\Routing\\Router->dispatchToRoute(Object(Illuminate\\Http\\Request))
#10 C:\\Users\\Miguel\\Desktop\\Applikcation Octobre\\Projet gestion de stock\\backend\\vendor\\laravel\\framework\\src\\Illuminate\\Foundation\\Http\\Kernel.php(200): Illuminate\\Routing\\Router->dispatch(Object(Illuminate\\Http\\Request))
#11 C:\\Users\\Miguel\\Desktop\\Applikcation Octobre\\Projet gestion de stock\\backend\\vendor\\laravel\\framework\\src\\Illuminate\\Pipeline\\Pipeline.php(180): Illuminate\\Foundation\\Http\\Kernel->Illuminate\\Foundation\\Http\\{closure}(Object(Illuminate\\Http\\Request))
#12 C:\\Users\\Miguel\\Desktop\\Applikcation Octobre\\Projet gestion de stock\\backend\\vendor\\laravel\\framework\\src\\Illuminate\\Foundation\\Http\\Middleware\\TransformsRequest.php(21): Illuminate\\Pipeline\\Pipeline->Illuminate\\Pipeline\\{closure}(Object(Illuminate\\Http\\Request))
#13 C:\\Users\\Miguel\\Desktop\\Applikcation Octobre\\Projet gestion de stock\\backend\\vendor\\laravel\\framework\\src\\Illuminate\\Foundation\\Http\\Middleware\\ConvertEmptyStringsToNull.php(31): Illuminate\\Foundation\\Http\\Middleware\\TransformsRequest->handle(Object(Illuminate\\Http\\Request), Object(Closure))
#14 C:\\Users\\Miguel\\Desktop\\Applikcation Octobre\\Projet gestion de stock\\backend\\vendor\\laravel\\framework\\src\\Illuminate\\Pipeline\\Pipeline.php(219): Illuminate\\Foundation\\Http\\Middleware\\ConvertEmptyStringsToNull->handle(Object(Illuminate\\Http\\Request), Object(Closure))
#15 C:\\Users\\Miguel\\Desktop\\Applikcation Octobre\\Projet gestion de stock\\backend\\vendor\\laravel\\framework\\src\\Illuminate\\Foundation\\Http\\Middleware\\TransformsRequest.php(21): Illuminate\\Pipeline\\Pipeline->Illuminate\\Pipeline\\{closure}(Object(Illuminate\\Http\\Request))
#16 C:\\Users\\Miguel\\Desktop\\Applikcation Octobre\\Projet gestion de stock\\backend\\vendor\\laravel\\framework\\src\\Illuminate\\Foundation\\Http\\Middleware\\TrimStrings.php(51): Illuminate\\Foundation\\Http\\Middleware\\TransformsRequest->handle(Object(Illuminate\\Http\\Request), Object(Closure))
#17 C:\\Users\\Miguel\\Desktop\\Applikcation Octobre\\Projet gestion de stock\\backend\\vendor\\laravel\\framework\\src\\Illuminate\\Pipeline\\Pipeline.php(219): Illuminate\\Foundation\\Http\\Middleware\\TrimStrings->handle(Object(Illuminate\\Http\\Request), Object(Closure))
#18 C:\\Users\\Miguel\\Desktop\\Applikcation Octobre\\Projet gestion de stock\\backend\\vendor\\laravel\\framework\\src\\Illuminate\\Http\\Middleware\\ValidatePostSize.php(27): Illuminate\\Pipeline\\Pipeline->Illuminate\\Pipeline\\{closure}(Object(Illuminate\\Http\\Request))
#19 C:\\Users\\Miguel\\Desktop\\Applikcation Octobre\\Projet gestion de stock\\backend\\vendor\\laravel\\framework\\src\\Illuminate\\Pipeline\\Pipeline.php(219): Illuminate\\Http\\Middleware\\ValidatePostSize->handle(Object(Illuminate\\Http\\Request), Object(Closure))
#20 C:\\Users\\Miguel\\Desktop\\Applikcation Octobre\\Projet gestion de stock\\backend\\vendor\\laravel\\framework\\src\\Illuminate\\Http\\Middleware\\HandleCors.php(61): Illuminate\\Pipeline\\Pipeline->Illuminate\\Pipeline\\{closure}(Object(Illuminate\\Http\\Request))
#21 C:\\Users\\Miguel\\Desktop\\Applikcation Octobre\\Projet gestion de stock\\backend\\vendor\\laravel\\framework\\src\\Illuminate\\Pipeline\\Pipeline.php(219): Illuminate\\Http\\Middleware\\HandleCors->handle(Object(Illuminate\\Http\\Request), Object(Closure))
#22 C:\\Users\\Miguel\\Desktop\\Applikcation Octobre\\Projet gestion de stock\\backend\\vendor\\laravel\\framework\\src\\Illuminate\\Http\\Middleware\\TrustProxies.php(58): Illuminate\\Pipeline\\Pipeline->Illuminate\\Pipeline\\{closure}(Object(Illuminate\\Http\\Request))
#23 C:\\Users\\Miguel\\Desktop\\Applikcation Octobre\\Projet gestion de stock\\backend\\vendor\\laravel\\framework\\src\\Illuminate\\Pipeline\\Pipeline.php(219): Illuminate\\Http\\Middleware\\TrustProxies->handle(Object(Illuminate\\Http\\Request), Object(Closure))
#24 C:\\Users\\Miguel\\Desktop\\Applikcation Octobre\\Projet gestion de stock\\backend\\vendor\\laravel\\framework\\src\\Illuminate\\Pipeline\\Pipeline.php(137): Illuminate\\Pipeline\\Pipeline->Illuminate\\Pipeline\\{closure}(Object(Illuminate\\Http\\Request))
#25 C:\\Users\\Miguel\\Desktop\\Applikcation Octobre\\Projet gestion de stock\\backend\\vendor\\laravel\\framework\\src\\Illuminate\\Foundation\\Http\\Kernel.php(175): Illuminate\\Pipeline\\Pipeline->then(Object(Closure))
#26 C:\\Users\\Miguel\\Desktop\\Applikcation Octobre\\Projet gestion de stock\\backend\\vendor\\laravel\\framework\\src\\Illuminate\\Foundation\\Http\\Kernel.php(144): Illuminate\\Foundation\\Http\\Kernel->sendRequestThroughRouter(Object(Illuminate\\Http\\Request))
#27 C:\\Users\\Miguel\\Desktop\\Applikcation Octobre\\Projet gestion de stock\\backend\\public\\index.php(180): Illuminate\\Foundation\\Http\\Kernel->handle(Object(Illuminate\\Http\\Request))
#28 C:\\Users\\Miguel\\Desktop\\Applikcation Octobre\\Projet gestion de stock\\backend\\vendor\\laravel\\framework\\src\\Illuminate\\Foundation\\resources\\server.php(23): require_once('C:\\\\Users\\\\Miguel...')
#29 {main}

[previous exception] [object] (ReflectionException(code: -1): Class \"cors\" does not exist at C:\\Users\\Miguel\\Desktop\\Applikcation Octobre\\Projet gestion de stock\\backend\\vendor\\laravel\\framework\\src\\Illuminate\\Container\\Container.php:1161)
[stacktrace]
#0 C:\\Users\\Miguel\\Desktop\\Applikcation Octobre\\Projet gestion de stock\\backend\\vendor\\laravel\\framework\\src\\Illuminate\\Container\\Container.php(1161): ReflectionClass->__construct('cors')
#1 C:\\Users\\Miguel\\Desktop\\Applikcation Octobre\\Projet gestion de stock\\backend\\vendor\\laravel\\framework\\src\\Illuminate\\Container\\Container.php(972): Illuminate\\Container\\Container->build('cors')
#2 C:\\Users\\Miguel\\Desktop\\Applikcation Octobre\\Projet gestion de stock\\backend\\vendor\\laravel\\framework\\src\\Illuminate\\Foundation\\Application.php(1078): Illuminate\\Container\\Container->resolve('cors', Array, true)
#3 C:\\Users\\Miguel\\Desktop\\Applikcation Octobre\\Projet gestion de stock\\backend\\vendor\\laravel\\framework\\src\\Illuminate\\Container\\Container.php(903): Illuminate\\Foundation\\Application->resolve('cors', Array)
#4 C:\\Users\\Miguel\\Desktop\\Applikcation Octobre\\Projet gestion de stock\\backend\\vendor\\laravel\\framework\\src\\Illuminate\\Foundation\\Application.php(1058): Illuminate\\Container\\Container->make('cors', Array)
#5 C:\\Users\\Miguel\\Desktop\\Applikcation Octobre\\Projet gestion de stock\\backend\\vendor\\laravel\\framework\\src\\Illuminate\\Pipeline\\Pipeline.php(208): Illuminate\\Foundation\\Application->make('cors')
#6 C:\\Users\\Miguel\\Desktop\\Applikcation Octobre\\Projet gestion de stock\\backend\\vendor\\laravel\\framework\\src\\Illuminate\\Pipeline\\Pipeline.php(137): Illuminate\\Pipeline\\Pipeline->Illuminate\\Pipeline\\{closure}(Object(Illuminate\\Http\\Request))
#7 C:\\Users\\Miguel\\Desktop\\Applikcation Octobre\\Projet gestion de stock\\backend\\vendor\\laravel\\framework\\src\\Illuminate\\Routing\\Router.php(821): Illuminate\\Pipeline\\Pipeline->then(Object(Closure))
#8 C:\\Users\\Miguel\\Desktop\\Applikcation Octobre\\Projet gestion de stock\\backend\\vendor\\laravel\\framework\\src\\Illuminate\\Routing\\Router.php(800): Illuminate\\Routing\\Router->runRouteWithinStack(Object(Illuminate\\Routing\\Route), Object(Illuminate\\Http\\Request))
#9 C:\\Users\\Miguel\\Desktop\\Applikcation Octobre\\Projet gestion de stock\\backend\\vendor\\laravel\\framework\\src\\Illuminate\\Routing\\Router.php(764): Illuminate\\Routing\\Router->runRoute(Object(Illuminate\\Http\\Request), Object(Illuminate\\Routing\\Route))
#10 C:\\Users\\Miguel\\Desktop\\Applikcation Octobre\\Projet gestion de stock\\backend\\vendor\\laravel\\framework\\src\\Illuminate\\Routing\\Router.php(753): Illuminate\\Routing\\Router->dispatchToRoute(Object(Illuminate\\Http\\Request))
#11 C:\\Users\\Miguel\\Desktop\\Applikcation Octobre\\Projet gestion de stock\\backend\\vendor\\laravel\\framework\\src\\Illuminate\\Foundation\\Http\\Kernel.php(200): Illuminate\\Routing\\Router->dispatch(Object(Illuminate\\Http\\Request))
#12 C:\\Users\\Miguel\\Desktop\\Applikcation Octobre\\Projet gestion de stock\\backend\\vendor\\laravel\\framework\\src\\Illuminate\\Pipeline\\Pipeline.php(180): Illuminate\\Foundation\\Http\\Kernel->Illuminate\\Foundation\\Http\\{closure}(Object(Illuminate\\Http\\Request))
#13 C:\\Users\\Miguel\\Desktop\\Applikcation Octobre\\Projet gestion de stock\\backend\\vendor\\laravel\\framework\\src\\Illuminate\\Foundation\\Http\\Middleware\\TransformsRequest.php(21): Illuminate\\Pipeline\\Pipeline->Illuminate\\Pipeline\\{closure}(Object(Illuminate\\Http\\Request))
#14 C:\\Users\\Miguel\\Desktop\\Applikcation Octobre\\Projet gestion de stock\\backend\\vendor\\laravel\\framework\\src\\Illuminate\\Foundation\\Http\\Middleware\\ConvertEmptyStringsToNull.php(31): Illuminate\\Foundation\\Http\\Middleware\\TransformsRequest->handle(Object(Illuminate\\Http\\Request), Object(Closure))
#15 C:\\Users\\Miguel\\Desktop\\Applikcation Octobre\\Projet gestion de stock\\backend\\vendor\\laravel\\framework\\src\\Illuminate\\Pipeline\\Pipeline.php(219): Illuminate\\Foundation\\Http\\Middleware\\ConvertEmptyStringsToNull->handle(Object(Illuminate\\Http\\Request), Object(Closure))
#16 C:\\Users\\Miguel\\Desktop\\Applikcation Octobre\\Projet gestion de stock\\backend\\vendor\\laravel\\framework\\src\\Illuminate\\Foundation\\Http\\Middleware\\TransformsRequest.php(21): Illuminate\\Pipeline\\Pipeline->Illuminate\\Pipeline\\{closure}(Object(Illuminate\\Http\\Request))
#17 C:\\Users\\Miguel\\Desktop\\Applikcation Octobre\\Projet gestion de stock\\backend\\vendor\\laravel\\framework\\src\\Illuminate\\Foundation\\Http\\Middleware\\TrimStrings.php(51): Illuminate\\Foundation\\Http\\Middleware\\TransformsRequest->handle(Object(Illuminate\\Http\\Request), Object(Closure))
#18 C:\\Users\\Miguel\\Desktop\\Applikcation Octobre\\Projet gestion de stock\\backend\\vendor\\laravel\\framework\\src\\Illuminate\\Pipeline\\Pipeline.php(219): Illuminate\\Foundation\\Http\\Middleware\\TrimStrings->handle(Object(Illuminate\\Http\\Request), Object(Closure))
#19 C:\\Users\\Miguel\\Desktop\\Applikcation Octobre\\Projet gestion de stock\\backend\\vendor\\laravel\\framework\\src\\Illuminate\\Http\\Middleware\\ValidatePostSize.php(27): Illuminate\\Pipeline\\Pipeline->Illuminate\\Pipeline\\{closure}(Object(Illuminate\\Http\\Request))
#20 C:\\Users\\Miguel\\Desktop\\Applikcation Octobre\\Projet gestion de stock\\backend\\vendor\\laravel\\framework\\src\\Illuminate\\Pipeline\\Pipeline.php(219): Illuminate\\Http\\Middleware\\ValidatePostSize->handle(Object(Illuminate\\Http\\Request), Object(Closure))
#21 C:\\Users\\Miguel\\Desktop\\Applikcation Octobre\\Projet gestion de stock\\backend\\vendor\\laravel\\framework\\src\\Illuminate\\Http\\Middleware\\HandleCors.php(61): Illuminate\\Pipeline\\Pipeline->Illuminate\\Pipeline\\{closure}(Object(Illuminate\\Http\\Request))
#22 C:\\Users\\Miguel\\Desktop\\Applikcation Octobre\\Projet gestion de stock\\backend\\vendor\\laravel\\framework\\src\\Illuminate\\Pipeline\\Pipeline.php(219): Illuminate\\Http\\Middleware\\HandleCors->handle(Object(Illuminate\\Http\\Request), Object(Closure))
#23 C:\\Users\\Miguel\\Desktop\\Applikcation Octobre\\Projet gestion de stock\\backend\\vendor\\laravel\\framework\\src\\Illuminate\\Http\\Middleware\\TrustProxies.php(58): Illuminate\\Pipeline\\Pipeline->Illuminate\\Pipeline\\{closure}(Object(Illuminate\\Http\\Request))
#24 C:\\Users\\Miguel\\Desktop\\Applikcation Octobre\\Projet gestion de stock\\backend\\vendor\\laravel\\framework\\src\\Illuminate\\Pipeline\\Pipeline.php(219): Illuminate\\Http\\Middleware\\TrustProxies->handle(Object(Illuminate\\Http\\Request), Object(Closure))
#25 C:\\Users\\Miguel\\Desktop\\Applikcation Octobre\\Projet gestion de stock\\backend\\vendor\\laravel\\framework\\src\\Illuminate\\Pipeline\\Pipeline.php(137): Illuminate\\Pipeline\\Pipeline->Illuminate\\Pipeline\\{closure}(Object(Illuminate\\Http\\Request))
#26 C:\\Users\\Miguel\\Desktop\\Applikcation Octobre\\Projet gestion de stock\\backend\\vendor\\laravel\\framework\\src\\Illuminate\\Foundation\\Http\\Kernel.php(175): Illuminate\\Pipeline\\Pipeline->then(Object(Closure))
#27 C:\\Users\\Miguel\\Desktop\\Applikcation Octobre\\Projet gestion de stock\\backend\\vendor\\laravel\\framework\\src\\Illuminate\\Foundation\\Http\\Kernel.php(144): Illuminate\\Foundation\\Http\\Kernel->sendRequestThroughRouter(Object(Illuminate\\Http\\Request))
#28 C:\\Users\\Miguel\\Desktop\\Applikcation Octobre\\Projet gestion de stock\\backend\\public\\index.php(180): Illuminate\\Foundation\\Http\\Kernel->handle(Object(Illuminate\\Http\\Request))
#29 C:\\Users\\Miguel\\Desktop\\Applikcation Octobre\\Projet gestion de stock\\backend\\vendor\\laravel\\framework\\src\\Illuminate\\Foundation\\resources\\server.php(23): require_once('C:\\\\Users\\\\Miguel...')
#30 {main}
"} 
[2025-11-11 16:38:46] local.ERROR: Target class [cors] does not exist. {"exception":"[object] (Illuminate\\Contracts\\Container\\BindingResolutionException(code: 0): Target class [cors] does not exist. at C:\\Users\\Miguel\\Desktop\\Applikcation Octobre\\Projet gestion de stock\\backend\\vendor\\laravel\\framework\\src\\Illuminate\\Container\\Container.php:1163)
[stacktrace]
#0 C:\\Users\\Miguel\\Desktop\\Applikcation Octobre\\Projet gestion de stock\\backend\\vendor\\laravel\\framework\\src\\Illuminate\\Container\\Container.php(972): Illuminate\\Container\\Container->build('cors')
#1 C:\\Users\\Miguel\\Desktop\\Applikcation Octobre\\Projet gestion de stock\\backend\\vendor\\laravel\\framework\\src\\Illuminate\\Foundation\\Application.php(1078): Illuminate\\Container\\Container->resolve('cors', Array, true)
#2 C:\\Users\\Miguel\\Desktop\\Applikcation Octobre\\Projet gestion de stock\\backend\\vendor\\laravel\\framework\\src\\Illuminate\\Container\\Container.php(903): Illuminate\\Foundation\\Application->resolve('cors', Array)
#3 C:\\Users\\Miguel\\Desktop\\Applikcation Octobre\\Projet gestion de stock\\backend\\vendor\\laravel\\framework\\src\\Illuminate\\Foundation\\Application.php(1058): Illuminate\\Container\\Container->make('cors', Array)
#4 C:\\Users\\Miguel\\Desktop\\Applikcation Octobre\\Projet gestion de stock\\backend\\vendor\\laravel\\framework\\src\\Illuminate\\Pipeline\\Pipeline.php(208): Illuminate\\Foundation\\Application->make('cors')
#5 C:\\Users\\Miguel\\Desktop\\Applikcation Octobre\\Projet gestion de stock\\backend\\vendor\\laravel\\framework\\src\\Illuminate\\Pipeline\\Pipeline.php(137): Illuminate\\Pipeline\\Pipeline->Illuminate\\Pipeline\\{closure}(Object(Illuminate\\Http\\Request))
#6 C:\\Users\\Miguel\\Desktop\\Applikcation Octobre\\Projet gestion de stock\\backend\\vendor\\laravel\\framework\\src\\Illuminate\\Routing\\Router.php(821): Illuminate\\Pipeline\\Pipeline->then(Object(Closure))
#7 C:\\Users\\Miguel\\Desktop\\Applikcation Octobre\\Projet gestion de stock\\backend\\vendor\\laravel\\framework\\src\\Illuminate\\Routing\\Router.php(800): Illuminate\\Routing\\Router->runRouteWithinStack(Object(Illuminate\\Routing\\Route), Object(Illuminate\\Http\\Request))
#8 C:\\Users\\Miguel\\Desktop\\Applikcation Octobre\\Projet gestion de stock\\backend\\vendor\\laravel\\framework\\src\\Illuminate\\Routing\\Router.php(764): Illuminate\\Routing\\Router->runRoute(Object(Illuminate\\Http\\Request), Object(Illuminate\\Routing\\Route))
#9 C:\\Users\\Miguel\\Desktop\\Applikcation Octobre\\Projet gestion de stock\\backend\\vendor\\laravel\\framework\\src\\Illuminate\\Routing\\Router.php(753): Illuminate\\Routing\\Router->dispatchToRoute(Object(Illuminate\\Http\\Request))
#10 C:\\Users\\Miguel\\Desktop\\Applikcation Octobre\\Projet gestion de stock\\backend\\vendor\\laravel\\framework\\src\\Illuminate\\Foundation\\Http\\Kernel.php(200): Illuminate\\Routing\\Router->dispatch(Object(Illuminate\\Http\\Request))
#11 C:\\Users\\Miguel\\Desktop\\Applikcation Octobre\\Projet gestion de stock\\backend\\vendor\\laravel\\framework\\src\\Illuminate\\Pipeline\\Pipeline.php(180): Illuminate\\Foundation\\Http\\Kernel->Illuminate\\Foundation\\Http\\{closure}(Object(Illuminate\\Http\\Request))
#12 C:\\Users\\Miguel\\Desktop\\Applikcation Octobre\\Projet gestion de stock\\backend\\vendor\\laravel\\framework\\src\\Illuminate\\Foundation\\Http\\Middleware\\TransformsRequest.php(21): Illuminate\\Pipeline\\Pipeline->Illuminate\\Pipeline\\{closure}(Object(Illuminate\\Http\\Request))
#13 C:\\Users\\Miguel\\Desktop\\Applikcation Octobre\\Projet gestion de stock\\backend\\vendor\\laravel\\framework\\src\\Illuminate\\Foundation\\Http\\Middleware\\ConvertEmptyStringsToNull.php(31): Illuminate\\Foundation\\Http\\Middleware\\TransformsRequest->handle(Object(Illuminate\\Http\\Request), Object(Closure))
#14 C:\\Users\\Miguel\\Desktop\\Applikcation Octobre\\Projet gestion de stock\\backend\\vendor\\laravel\\framework\\src\\Illuminate\\Pipeline\\Pipeline.php(219): Illuminate\\Foundation\\Http\\Middleware\\ConvertEmptyStringsToNull->handle(Object(Illuminate\\Http\\Request), Object(Closure))
#15 C:\\Users\\Miguel\\Desktop\\Applikcation Octobre\\Projet gestion de stock\\backend\\vendor\\laravel\\framework\\src\\Illuminate\\Foundation\\Http\\Middleware\\TransformsRequest.php(21): Illuminate\\Pipeline\\Pipeline->Illuminate\\Pipeline\\{closure}(Object(Illuminate\\Http\\Request))
#16 C:\\Users\\Miguel\\Desktop\\Applikcation Octobre\\Projet gestion de stock\\backend\\vendor\\laravel\\framework\\src\\Illuminate\\Foundation\\Http\\Middleware\\TrimStrings.php(51): Illuminate\\Foundation\\Http\\Middleware\\TransformsRequest->handle(Object(Illuminate\\Http\\Request), Object(Closure))
#17 C:\\Users\\Miguel\\Desktop\\Applikcation Octobre\\Projet gestion de stock\\backend\\vendor\\laravel\\framework\\src\\Illuminate\\Pipeline\\Pipeline.php(219): Illuminate\\Foundation\\Http\\Middleware\\TrimStrings->handle(Object(Illuminate\\Http\\Request), Object(Closure))
#18 C:\\Users\\Miguel\\Desktop\\Applikcation Octobre\\Projet gestion de stock\\backend\\vendor\\laravel\\framework\\src\\Illuminate\\Http\\Middleware\\ValidatePostSize.php(27): Illuminate\\Pipeline\\Pipeline->Illuminate\\Pipeline\\{closure}(Object(Illuminate\\Http\\Request))
#19 C:\\Users\\Miguel\\Desktop\\Applikcation Octobre\\Projet gestion de stock\\backend\\vendor\\laravel\\framework\\src\\Illuminate\\Pipeline\\Pipeline.php(219): Illuminate\\Http\\Middleware\\ValidatePostSize->handle(Object(Illuminate\\Http\\Request), Object(Closure))
#20 C:\\Users\\Miguel\\Desktop\\Applikcation Octobre\\Projet gestion de stock\\backend\\vendor\\laravel\\framework\\src\\Illuminate\\Http\\Middleware\\HandleCors.php(61): Illuminate\\Pipeline\\Pipeline->Illuminate\\Pipeline\\{closure}(Object(Illuminate\\Http\\Request))
#21 C:\\Users\\Miguel\\Desktop\\Applikcation Octobre\\Projet gestion de stock\\backend\\vendor\\laravel\\framework\\src\\Illuminate\\Pipeline\\Pipeline.php(219): Illuminate\\Http\\Middleware\\HandleCors->handle(Object(Illuminate\\Http\\Request), Object(Closure))
#22 C:\\Users\\Miguel\\Desktop\\Applikcation Octobre\\Projet gestion de stock\\backend\\vendor\\laravel\\framework\\src\\Illuminate\\Http\\Middleware\\TrustProxies.php(58): Illuminate\\Pipeline\\Pipeline->Illuminate\\Pipeline\\{closure}(Object(Illuminate\\Http\\Request))
#23 C:\\Users\\Miguel\\Desktop\\Applikcation Octobre\\Projet gestion de stock\\backend\\vendor\\laravel\\framework\\src\\Illuminate\\Pipeline\\Pipeline.php(219): Illuminate\\Http\\Middleware\\TrustProxies->handle(Object(Illuminate\\Http\\Request), Object(Closure))
#24 C:\\Users\\Miguel\\Desktop\\Applikcation Octobre\\Projet gestion de stock\\backend\\vendor\\laravel\\framework\\src\\Illuminate\\Pipeline\\Pipeline.php(137): Illuminate\\Pipeline\\Pipeline->Illuminate\\Pipeline\\{closure}(Object(Illuminate\\Http\\Request))
#25 C:\\Users\\Miguel\\Desktop\\Applikcation Octobre\\Projet gestion de stock\\backend\\vendor\\laravel\\framework\\src\\Illuminate\\Foundation\\Http\\Kernel.php(175): Illuminate\\Pipeline\\Pipeline->then(Object(Closure))
#26 C:\\Users\\Miguel\\Desktop\\Applikcation Octobre\\Projet gestion de stock\\backend\\vendor\\laravel\\framework\\src\\Illuminate\\Foundation\\Http\\Kernel.php(144): Illuminate\\Foundation\\Http\\Kernel->sendRequestThroughRouter(Object(Illuminate\\Http\\Request))
#27 C:\\Users\\Miguel\\Desktop\\Applikcation Octobre\\Projet gestion de stock\\backend\\public\\index.php(180): Illuminate\\Foundation\\Http\\Kernel->handle(Object(Illuminate\\Http\\Request))
#28 C:\\Users\\Miguel\\Desktop\\Applikcation Octobre\\Projet gestion de stock\\backend\\vendor\\laravel\\framework\\src\\Illuminate\\Foundation\\resources\\server.php(23): require_once('C:\\\\Users\\\\Miguel...')
#29 {main}

[previous exception] [object] (ReflectionException(code: -1): Class \"cors\" does not exist at C:\\Users\\Miguel\\Desktop\\Applikcation Octobre\\Projet gestion de stock\\backend\\vendor\\laravel\\framework\\src\\Illuminate\\Container\\Container.php:1161)
[stacktrace]
#0 C:\\Users\\Miguel\\Desktop\\Applikcation Octobre\\Projet gestion de stock\\backend\\vendor\\laravel\\framework\\src\\Illuminate\\Container\\Container.php(1161): ReflectionClass->__construct('cors')
#1 C:\\Users\\Miguel\\Desktop\\Applikcation Octobre\\Projet gestion de stock\\backend\\vendor\\laravel\\framework\\src\\Illuminate\\Container\\Container.php(972): Illuminate\\Container\\Container->build('cors')
#2 C:\\Users\\Miguel\\Desktop\\Applikcation Octobre\\Projet gestion de stock\\backend\\vendor\\laravel\\framework\\src\\Illuminate\\Foundation\\Application.php(1078): Illuminate\\Container\\Container->resolve('cors', Array, true)
#3 C:\\Users\\Miguel\\Desktop\\Applikcation Octobre\\Projet gestion de stock\\backend\\vendor\\laravel\\framework\\src\\Illuminate\\Container\\Container.php(903): Illuminate\\Foundation\\Application->resolve('cors', Array)
#4 C:\\Users\\Miguel\\Desktop\\Applikcation Octobre\\Projet gestion de stock\\backend\\vendor\\laravel\\framework\\src\\Illuminate\\Foundation\\Application.php(1058): Illuminate\\Container\\Container->make('cors', Array)
#5 C:\\Users\\Miguel\\Desktop\\Applikcation Octobre\\Projet gestion de stock\\backend\\vendor\\laravel\\framework\\src\\Illuminate\\Pipeline\\Pipeline.php(208): Illuminate\\Foundation\\Application->make('cors')
#6 C:\\Users\\Miguel\\Desktop\\Applikcation Octobre\\Projet gestion de stock\\backend\\vendor\\laravel\\framework\\src\\Illuminate\\Pipeline\\Pipeline.php(137): Illuminate\\Pipeline\\Pipeline->Illuminate\\Pipeline\\{closure}(Object(Illuminate\\Http\\Request))
#7 C:\\Users\\Miguel\\Desktop\\Applikcation Octobre\\Projet gestion de stock\\backend\\vendor\\laravel\\framework\\src\\Illuminate\\Routing\\Router.php(821): Illuminate\\Pipeline\\Pipeline->then(Object(Closure))
#8 C:\\Users\\Miguel\\Desktop\\Applikcation Octobre\\Projet gestion de stock\\backend\\vendor\\laravel\\framework\\src\\Illuminate\\Routing\\Router.php(800): Illuminate\\Routing\\Router->runRouteWithinStack(Object(Illuminate\\Routing\\Route), Object(Illuminate\\Http\\Request))
#9 C:\\Users\\Miguel\\Desktop\\Applikcation Octobre\\Projet gestion de stock\\backend\\vendor\\laravel\\framework\\src\\Illuminate\\Routing\\Router.php(764): Illuminate\\Routing\\Router->runRoute(Object(Illuminate\\Http\\Request), Object(Illuminate\\Routing\\Route))
#10 C:\\Users\\Miguel\\Desktop\\Applikcation Octobre\\Projet gestion de stock\\backend\\vendor\\laravel\\framework\\src\\Illuminate\\Routing\\Router.php(753): Illuminate\\Routing\\Router->dispatchToRoute(Object(Illuminate\\Http\\Request))
#11 C:\\Users\\Miguel\\Desktop\\Applikcation Octobre\\Projet gestion de stock\\backend\\vendor\\laravel\\framework\\src\\Illuminate\\Foundation\\Http\\Kernel.php(200): Illuminate\\Routing\\Router->dispatch(Object(Illuminate\\Http\\Request))
#12 C:\\Users\\Miguel\\Desktop\\Applikcation Octobre\\Projet gestion de stock\\backend\\vendor\\laravel\\framework\\src\\Illuminate\\Pipeline\\Pipeline.php(180): Illuminate\\Foundation\\Http\\Kernel->Illuminate\\Foundation\\Http\\{closure}(Object(Illuminate\\Http\\Request))
#13 C:\\Users\\Miguel\\Desktop\\Applikcation Octobre\\Projet gestion de stock\\backend\\vendor\\laravel\\framework\\src\\Illuminate\\Foundation\\Http\\Middleware\\TransformsRequest.php(21): Illuminate\\Pipeline\\Pipeline->Illuminate\\Pipeline\\{closure}(Object(Illuminate\\Http\\Request))
#14 C:\\Users\\Miguel\\Desktop\\Applikcation Octobre\\Projet gestion de stock\\backend\\vendor\\laravel\\framework\\src\\Illuminate\\Foundation\\Http\\Middleware\\ConvertEmptyStringsToNull.php(31): Illuminate\\Foundation\\Http\\Middleware\\TransformsRequest->handle(Object(Illuminate\\Http\\Request), Object(Closure))
#15 C:\\Users\\Miguel\\Desktop\\Applikcation Octobre\\Projet gestion de stock\\backend\\vendor\\laravel\\framework\\src\\Illuminate\\Pipeline\\Pipeline.php(219): Illuminate\\Foundation\\Http\\Middleware\\ConvertEmptyStringsToNull->handle(Object(Illuminate\\Http\\Request), Object(Closure))
#16 C:\\Users\\Miguel\\Desktop\\Applikcation Octobre\\Projet gestion de stock\\backend\\vendor\\laravel\\framework\\src\\Illuminate\\Foundation\\Http\\Middleware\\TransformsRequest.php(21): Illuminate\\Pipeline\\Pipeline->Illuminate\\Pipeline\\{closure}(Object(Illuminate\\Http\\Request))
#17 C:\\Users\\Miguel\\Desktop\\Applikcation Octobre\\Projet gestion de stock\\backend\\vendor\\laravel\\framework\\src\\Illuminate\\Foundation\\Http\\Middleware\\TrimStrings.php(51): Illuminate\\Foundation\\Http\\Middleware\\TransformsRequest->handle(Object(Illuminate\\Http\\Request), Object(Closure))
#18 C:\\Users\\Miguel\\Desktop\\Applikcation Octobre\\Projet gestion de stock\\backend\\vendor\\laravel\\framework\\src\\Illuminate\\Pipeline\\Pipeline.php(219): Illuminate\\Foundation\\Http\\Middleware\\TrimStrings->handle(Object(Illuminate\\Http\\Request), Object(Closure))
#19 C:\\Users\\Miguel\\Desktop\\Applikcation Octobre\\Projet gestion de stock\\backend\\vendor\\laravel\\framework\\src\\Illuminate\\Http\\Middleware\\ValidatePostSize.php(27): Illuminate\\Pipeline\\Pipeline->Illuminate\\Pipeline\\{closure}(Object(Illuminate\\Http\\Request))
#20 C:\\Users\\Miguel\\Desktop\\Applikcation Octobre\\Projet gestion de stock\\backend\\vendor\\laravel\\framework\\src\\Illuminate\\Pipeline\\Pipeline.php(219): Illuminate\\Http\\Middleware\\ValidatePostSize->handle(Object(Illuminate\\Http\\Request), Object(Closure))
#21 C:\\Users\\Miguel\\Desktop\\Applikcation Octobre\\Projet gestion de stock\\backend\\vendor\\laravel\\framework\\src\\Illuminate\\Http\\Middleware\\HandleCors.php(61): Illuminate\\Pipeline\\Pipeline->Illuminate\\Pipeline\\{closure}(Object(Illuminate\\Http\\Request))
#22 C:\\Users\\Miguel\\Desktop\\Applikcation Octobre\\Projet gestion de stock\\backend\\vendor\\laravel\\framework\\src\\Illuminate\\Pipeline\\Pipeline.php(219): Illuminate\\Http\\Middleware\\HandleCors->handle(Object(Illuminate\\Http\\Request), Object(Closure))
#23 C:\\Users\\Miguel\\Desktop\\Applikcation Octobre\\Projet gestion de stock\\backend\\vendor\\laravel\\framework\\src\\Illuminate\\Http\\Middleware\\TrustProxies.php(58): Illuminate\\Pipeline\\Pipeline->Illuminate\\Pipeline\\{closure}(Object(Illuminate\\Http\\Request))
#24 C:\\Users\\Miguel\\Desktop\\Applikcation Octobre\\Projet gestion de stock\\backend\\vendor\\laravel\\framework\\src\\Illuminate\\Pipeline\\Pipeline.php(219): Illuminate\\Http\\Middleware\\TrustProxies->handle(Object(Illuminate\\Http\\Request), Object(Closure))
#25 C:\\Users\\Miguel\\Desktop\\Applikcation Octobre\\Projet gestion de stock\\backend\\vendor\\laravel\\framework\\src\\Illuminate\\Pipeline\\Pipeline.php(137): Illuminate\\Pipeline\\Pipeline->Illuminate\\Pipeline\\{closure}(Object(Illuminate\\Http\\Request))
#26 C:\\Users\\Miguel\\Desktop\\Applikcation Octobre\\Projet gestion de stock\\backend\\vendor\\laravel\\framework\\src\\Illuminate\\Foundation\\Http\\Kernel.php(175): Illuminate\\Pipeline\\Pipeline->then(Object(Closure))
#27 C:\\Users\\Miguel\\Desktop\\Applikcation Octobre\\Projet gestion de stock\\backend\\vendor\\laravel\\framework\\src\\Illuminate\\Foundation\\Http\\Kernel.php(144): Illuminate\\Foundation\\Http\\Kernel->sendRequestThroughRouter(Object(Illuminate\\Http\\Request))
#28 C:\\Users\\Miguel\\Desktop\\Applikcation Octobre\\Projet gestion de stock\\backend\\public\\index.php(180): Illuminate\\Foundation\\Http\\Kernel->handle(Object(Illuminate\\Http\\Request))
#29 C:\\Users\\Miguel\\Desktop\\Applikcation Octobre\\Projet gestion de stock\\backend\\vendor\\laravel\\framework\\src\\Illuminate\\Foundation\\resources\\server.php(23): require_once('C:\\\\Users\\\\Miguel...')
#30 {main}
"} 
[2025-11-11 16:42:32] local.ERROR: Target class [cors] does not exist. {"exception":"[object] (Illuminate\\Contracts\\Container\\BindingResolutionException(code: 0): Target class [cors] does not exist. at C:\\Users\\Miguel\\Desktop\\Applikcation Octobre\\Projet gestion de stock\\backend\\vendor\\laravel\\framework\\src\\Illuminate\\Container\\Container.php:1163)
[stacktrace]
#0 C:\\Users\\Miguel\\Desktop\\Applikcation Octobre\\Projet gestion de stock\\backend\\vendor\\laravel\\framework\\src\\Illuminate\\Container\\Container.php(972): Illuminate\\Container\\Container->build('cors')
#1 C:\\Users\\Miguel\\Desktop\\Applikcation Octobre\\Projet gestion de stock\\backend\\vendor\\laravel\\framework\\src\\Illuminate\\Foundation\\Application.php(1078): Illuminate\\Container\\Container->resolve('cors', Array, true)
#2 C:\\Users\\Miguel\\Desktop\\Applikcation Octobre\\Projet gestion de stock\\backend\\vendor\\laravel\\framework\\src\\Illuminate\\Container\\Container.php(903): Illuminate\\Foundation\\Application->resolve('cors', Array)
#3 C:\\Users\\Miguel\\Desktop\\Applikcation Octobre\\Projet gestion de stock\\backend\\vendor\\laravel\\framework\\src\\Illuminate\\Foundation\\Application.php(1058): Illuminate\\Container\\Container->make('cors', Array)
#4 C:\\Users\\Miguel\\Desktop\\Applikcation Octobre\\Projet gestion de stock\\backend\\vendor\\laravel\\framework\\src\\Illuminate\\Pipeline\\Pipeline.php(208): Illuminate\\Foundation\\Application->make('cors')
#5 C:\\Users\\Miguel\\Desktop\\Applikcation Octobre\\Projet gestion de stock\\backend\\vendor\\laravel\\framework\\src\\Illuminate\\Pipeline\\Pipeline.php(137): Illuminate\\Pipeline\\Pipeline->Illuminate\\Pipeline\\{closure}(Object(Illuminate\\Http\\Request))
#6 C:\\Users\\Miguel\\Desktop\\Applikcation Octobre\\Projet gestion de stock\\backend\\vendor\\laravel\\framework\\src\\Illuminate\\Routing\\Router.php(821): Illuminate\\Pipeline\\Pipeline->then(Object(Closure))
#7 C:\\Users\\Miguel\\Desktop\\Applikcation Octobre\\Projet gestion de stock\\backend\\vendor\\laravel\\framework\\src\\Illuminate\\Routing\\Router.php(800): Illuminate\\Routing\\Router->runRouteWithinStack(Object(Illuminate\\Routing\\Route), Object(Illuminate\\Http\\Request))
#8 C:\\Users\\Miguel\\Desktop\\Applikcation Octobre\\Projet gestion de stock\\backend\\vendor\\laravel\\framework\\src\\Illuminate\\Routing\\Router.php(764): Illuminate\\Routing\\Router->runRoute(Object(Illuminate\\Http\\Request), Object(Illuminate\\Routing\\Route))
#9 C:\\Users\\Miguel\\Desktop\\Applikcation Octobre\\Projet gestion de stock\\backend\\vendor\\laravel\\framework\\src\\Illuminate\\Routing\\Router.php(753): Illuminate\\Routing\\Router->dispatchToRoute(Object(Illuminate\\Http\\Request))
#10 C:\\Users\\Miguel\\Desktop\\Applikcation Octobre\\Projet gestion de stock\\backend\\vendor\\laravel\\framework\\src\\Illuminate\\Foundation\\Http\\Kernel.php(200): Illuminate\\Routing\\Router->dispatch(Object(Illuminate\\Http\\Request))
#11 C:\\Users\\Miguel\\Desktop\\Applikcation Octobre\\Projet gestion de stock\\backend\\vendor\\laravel\\framework\\src\\Illuminate\\Pipeline\\Pipeline.php(180): Illuminate\\Foundation\\Http\\Kernel->Illuminate\\Foundation\\Http\\{closure}(Object(Illuminate\\Http\\Request))
#12 C:\\Users\\Miguel\\Desktop\\Applikcation Octobre\\Projet gestion de stock\\backend\\vendor\\laravel\\framework\\src\\Illuminate\\Foundation\\Http\\Middleware\\TransformsRequest.php(21): Illuminate\\Pipeline\\Pipeline->Illuminate\\Pipeline\\{closure}(Object(Illuminate\\Http\\Request))
#13 C:\\Users\\Miguel\\Desktop\\Applikcation Octobre\\Projet gestion de stock\\backend\\vendor\\laravel\\framework\\src\\Illuminate\\Foundation\\Http\\Middleware\\ConvertEmptyStringsToNull.php(31): Illuminate\\Foundation\\Http\\Middleware\\TransformsRequest->handle(Object(Illuminate\\Http\\Request), Object(Closure))
#14 C:\\Users\\Miguel\\Desktop\\Applikcation Octobre\\Projet gestion de stock\\backend\\vendor\\laravel\\framework\\src\\Illuminate\\Pipeline\\Pipeline.php(219): Illuminate\\Foundation\\Http\\Middleware\\ConvertEmptyStringsToNull->handle(Object(Illuminate\\Http\\Request), Object(Closure))
#15 C:\\Users\\Miguel\\Desktop\\Applikcation Octobre\\Projet gestion de stock\\backend\\vendor\\laravel\\framework\\src\\Illuminate\\Foundation\\Http\\Middleware\\TransformsRequest.php(21): Illuminate\\Pipeline\\Pipeline->Illuminate\\Pipeline\\{closure}(Object(Illuminate\\Http\\Request))
#16 C:\\Users\\Miguel\\Desktop\\Applikcation Octobre\\Projet gestion de stock\\backend\\vendor\\laravel\\framework\\src\\Illuminate\\Foundation\\Http\\Middleware\\TrimStrings.php(51): Illuminate\\Foundation\\Http\\Middleware\\TransformsRequest->handle(Object(Illuminate\\Http\\Request), Object(Closure))
#17 C:\\Users\\Miguel\\Desktop\\Applikcation Octobre\\Projet gestion de stock\\backend\\vendor\\laravel\\framework\\src\\Illuminate\\Pipeline\\Pipeline.php(219): Illuminate\\Foundation\\Http\\Middleware\\TrimStrings->handle(Object(Illuminate\\Http\\Request), Object(Closure))
#18 C:\\Users\\Miguel\\Desktop\\Applikcation Octobre\\Projet gestion de stock\\backend\\vendor\\laravel\\framework\\src\\Illuminate\\Http\\Middleware\\ValidatePostSize.php(27): Illuminate\\Pipeline\\Pipeline->Illuminate\\Pipeline\\{closure}(Object(Illuminate\\Http\\Request))
#19 C:\\Users\\Miguel\\Desktop\\Applikcation Octobre\\Projet gestion de stock\\backend\\vendor\\laravel\\framework\\src\\Illuminate\\Pipeline\\Pipeline.php(219): Illuminate\\Http\\Middleware\\ValidatePostSize->handle(Object(Illuminate\\Http\\Request), Object(Closure))
#20 C:\\Users\\Miguel\\Desktop\\Applikcation Octobre\\Projet gestion de stock\\backend\\vendor\\laravel\\framework\\src\\Illuminate\\Http\\Middleware\\HandleCors.php(61): Illuminate\\Pipeline\\Pipeline->Illuminate\\Pipeline\\{closure}(Object(Illuminate\\Http\\Request))
#21 C:\\Users\\Miguel\\Desktop\\Applikcation Octobre\\Projet gestion de stock\\backend\\vendor\\laravel\\framework\\src\\Illuminate\\Pipeline\\Pipeline.php(219): Illuminate\\Http\\Middleware\\HandleCors->handle(Object(Illuminate\\Http\\Request), Object(Closure))
#22 C:\\Users\\Miguel\\Desktop\\Applikcation Octobre\\Projet gestion de stock\\backend\\vendor\\laravel\\framework\\src\\Illuminate\\Http\\Middleware\\TrustProxies.php(58): Illuminate\\Pipeline\\Pipeline->Illuminate\\Pipeline\\{closure}(Object(Illuminate\\Http\\Request))
#23 C:\\Users\\Miguel\\Desktop\\Applikcation Octobre\\Projet gestion de stock\\backend\\vendor\\laravel\\framework\\src\\Illuminate\\Pipeline\\Pipeline.php(219): Illuminate\\Http\\Middleware\\TrustProxies->handle(Object(Illuminate\\Http\\Request), Object(Closure))
#24 C:\\Users\\Miguel\\Desktop\\Applikcation Octobre\\Projet gestion de stock\\backend\\vendor\\laravel\\framework\\src\\Illuminate\\Pipeline\\Pipeline.php(137): Illuminate\\Pipeline\\Pipeline->Illuminate\\Pipeline\\{closure}(Object(Illuminate\\Http\\Request))
#25 C:\\Users\\Miguel\\Desktop\\Applikcation Octobre\\Projet gestion de stock\\backend\\vendor\\laravel\\framework\\src\\Illuminate\\Foundation\\Http\\Kernel.php(175): Illuminate\\Pipeline\\Pipeline->then(Object(Closure))
#26 C:\\Users\\Miguel\\Desktop\\Applikcation Octobre\\Projet gestion de stock\\backend\\vendor\\laravel\\framework\\src\\Illuminate\\Foundation\\Http\\Kernel.php(144): Illuminate\\Foundation\\Http\\Kernel->sendRequestThroughRouter(Object(Illuminate\\Http\\Request))
#27 C:\\Users\\Miguel\\Desktop\\Applikcation Octobre\\Projet gestion de stock\\backend\\public\\index.php(180): Illuminate\\Foundation\\Http\\Kernel->handle(Object(Illuminate\\Http\\Request))
#28 C:\\Users\\Miguel\\Desktop\\Applikcation Octobre\\Projet gestion de stock\\backend\\vendor\\laravel\\framework\\src\\Illuminate\\Foundation\\resources\\server.php(23): require_once('C:\\\\Users\\\\Miguel...')
#29 {main}

[previous exception] [object] (ReflectionException(code: -1): Class \"cors\" does not exist at C:\\Users\\Miguel\\Desktop\\Applikcation Octobre\\Projet gestion de stock\\backend\\vendor\\laravel\\framework\\src\\Illuminate\\Container\\Container.php:1161)
[stacktrace]
#0 C:\\Users\\Miguel\\Desktop\\Applikcation Octobre\\Projet gestion de stock\\backend\\vendor\\laravel\\framework\\src\\Illuminate\\Container\\Container.php(1161): ReflectionClass->__construct('cors')
#1 C:\\Users\\Miguel\\Desktop\\Applikcation Octobre\\Projet gestion de stock\\backend\\vendor\\laravel\\framework\\src\\Illuminate\\Container\\Container.php(972): Illuminate\\Container\\Container->build('cors')
#2 C:\\Users\\Miguel\\Desktop\\Applikcation Octobre\\Projet gestion de stock\\backend\\vendor\\laravel\\framework\\src\\Illuminate\\Foundation\\Application.php(1078): Illuminate\\Container\\Container->resolve('cors', Array, true)
#3 C:\\Users\\Miguel\\Desktop\\Applikcation Octobre\\Projet gestion de stock\\backend\\vendor\\laravel\\framework\\src\\Illuminate\\Container\\Container.php(903): Illuminate\\Foundation\\Application->resolve('cors', Array)
#4 C:\\Users\\Miguel\\Desktop\\Applikcation Octobre\\Projet gestion de stock\\backend\\vendor\\laravel\\framework\\src\\Illuminate\\Foundation\\Application.php(1058): Illuminate\\Container\\Container->make('cors', Array)
#5 C:\\Users\\Miguel\\Desktop\\Applikcation Octobre\\Projet gestion de stock\\backend\\vendor\\laravel\\framework\\src\\Illuminate\\Pipeline\\Pipeline.php(208): Illuminate\\Foundation\\Application->make('cors')
#6 C:\\Users\\Miguel\\Desktop\\Applikcation Octobre\\Projet gestion de stock\\backend\\vendor\\laravel\\framework\\src\\Illuminate\\Pipeline\\Pipeline.php(137): Illuminate\\Pipeline\\Pipeline->Illuminate\\Pipeline\\{closure}(Object(Illuminate\\Http\\Request))
#7 C:\\Users\\Miguel\\Desktop\\Applikcation Octobre\\Projet gestion de stock\\backend\\vendor\\laravel\\framework\\src\\Illuminate\\Routing\\Router.php(821): Illuminate\\Pipeline\\Pipeline->then(Object(Closure))
#8 C:\\Users\\Miguel\\Desktop\\Applikcation Octobre\\Projet gestion de stock\\backend\\vendor\\laravel\\framework\\src\\Illuminate\\Routing\\Router.php(800): Illuminate\\Routing\\Router->runRouteWithinStack(Object(Illuminate\\Routing\\Route), Object(Illuminate\\Http\\Request))
#9 C:\\Users\\Miguel\\Desktop\\Applikcation Octobre\\Projet gestion de stock\\backend\\vendor\\laravel\\framework\\src\\Illuminate\\Routing\\Router.php(764): Illuminate\\Routing\\Router->runRoute(Object(Illuminate\\Http\\Request), Object(Illuminate\\Routing\\Route))
#10 C:\\Users\\Miguel\\Desktop\\Applikcation Octobre\\Projet gestion de stock\\backend\\vendor\\laravel\\framework\\src\\Illuminate\\Routing\\Router.php(753): Illuminate\\Routing\\Router->dispatchToRoute(Object(Illuminate\\Http\\Request))
#11 C:\\Users\\Miguel\\Desktop\\Applikcation Octobre\\Projet gestion de stock\\backend\\vendor\\laravel\\framework\\src\\Illuminate\\Foundation\\Http\\Kernel.php(200): Illuminate\\Routing\\Router->dispatch(Object(Illuminate\\Http\\Request))
#12 C:\\Users\\Miguel\\Desktop\\Applikcation Octobre\\Projet gestion de stock\\backend\\vendor\\laravel\\framework\\src\\Illuminate\\Pipeline\\Pipeline.php(180): Illuminate\\Foundation\\Http\\Kernel->Illuminate\\Foundation\\Http\\{closure}(Object(Illuminate\\Http\\Request))
#13 C:\\Users\\Miguel\\Desktop\\Applikcation Octobre\\Projet gestion de stock\\backend\\vendor\\laravel\\framework\\src\\Illuminate\\Foundation\\Http\\Middleware\\TransformsRequest.php(21): Illuminate\\Pipeline\\Pipeline->Illuminate\\Pipeline\\{closure}(Object(Illuminate\\Http\\Request))
#14 C:\\Users\\Miguel\\Desktop\\Applikcation Octobre\\Projet gestion de stock\\backend\\vendor\\laravel\\framework\\src\\Illuminate\\Foundation\\Http\\Middleware\\ConvertEmptyStringsToNull.php(31): Illuminate\\Foundation\\Http\\Middleware\\TransformsRequest->handle(Object(Illuminate\\Http\\Request), Object(Closure))
#15 C:\\Users\\Miguel\\Desktop\\Applikcation Octobre\\Projet gestion de stock\\backend\\vendor\\laravel\\framework\\src\\Illuminate\\Pipeline\\Pipeline.php(219): Illuminate\\Foundation\\Http\\Middleware\\ConvertEmptyStringsToNull->handle(Object(Illuminate\\Http\\Request), Object(Closure))
#16 C:\\Users\\Miguel\\Desktop\\Applikcation Octobre\\Projet gestion de stock\\backend\\vendor\\laravel\\framework\\src\\Illuminate\\Foundation\\Http\\Middleware\\TransformsRequest.php(21): Illuminate\\Pipeline\\Pipeline->Illuminate\\Pipeline\\{closure}(Object(Illuminate\\Http\\Request))
#17 C:\\Users\\Miguel\\Desktop\\Applikcation Octobre\\Projet gestion de stock\\backend\\vendor\\laravel\\framework\\src\\Illuminate\\Foundation\\Http\\Middleware\\TrimStrings.php(51): Illuminate\\Foundation\\Http\\Middleware\\TransformsRequest->handle(Object(Illuminate\\Http\\Request), Object(Closure))
#18 C:\\Users\\Miguel\\Desktop\\Applikcation Octobre\\Projet gestion de stock\\backend\\vendor\\laravel\\framework\\src\\Illuminate\\Pipeline\\Pipeline.php(219): Illuminate\\Foundation\\Http\\Middleware\\TrimStrings->handle(Object(Illuminate\\Http\\Request), Object(Closure))
#19 C:\\Users\\Miguel\\Desktop\\Applikcation Octobre\\Projet gestion de stock\\backend\\vendor\\laravel\\framework\\src\\Illuminate\\Http\\Middleware\\ValidatePostSize.php(27): Illuminate\\Pipeline\\Pipeline->Illuminate\\Pipeline\\{closure}(Object(Illuminate\\Http\\Request))
#20 C:\\Users\\Miguel\\Desktop\\Applikcation Octobre\\Projet gestion de stock\\backend\\vendor\\laravel\\framework\\src\\Illuminate\\Pipeline\\Pipeline.php(219): Illuminate\\Http\\Middleware\\ValidatePostSize->handle(Object(Illuminate\\Http\\Request), Object(Closure))
#21 C:\\Users\\Miguel\\Desktop\\Applikcation Octobre\\Projet gestion de stock\\backend\\vendor\\laravel\\framework\\src\\Illuminate\\Http\\Middleware\\HandleCors.php(61): Illuminate\\Pipeline\\Pipeline->Illuminate\\Pipeline\\{closure}(Object(Illuminate\\Http\\Request))
#22 C:\\Users\\Miguel\\Desktop\\Applikcation Octobre\\Projet gestion de stock\\backend\\vendor\\laravel\\framework\\src\\Illuminate\\Pipeline\\Pipeline.php(219): Illuminate\\Http\\Middleware\\HandleCors->handle(Object(Illuminate\\Http\\Request), Object(Closure))
#23 C:\\Users\\Miguel\\Desktop\\Applikcation Octobre\\Projet gestion de stock\\backend\\vendor\\laravel\\framework\\src\\Illuminate\\Http\\Middleware\\TrustProxies.php(58): Illuminate\\Pipeline\\Pipeline->Illuminate\\Pipeline\\{closure}(Object(Illuminate\\Http\\Request))
#24 C:\\Users\\Miguel\\Desktop\\Applikcation Octobre\\Projet gestion de stock\\backend\\vendor\\laravel\\framework\\src\\Illuminate\\Pipeline\\Pipeline.php(219): Illuminate\\Http\\Middleware\\TrustProxies->handle(Object(Illuminate\\Http\\Request), Object(Closure))
#25 C:\\Users\\Miguel\\Desktop\\Applikcation Octobre\\Projet gestion de stock\\backend\\vendor\\laravel\\framework\\src\\Illuminate\\Pipeline\\Pipeline.php(137): Illuminate\\Pipeline\\Pipeline->Illuminate\\Pipeline\\{closure}(Object(Illuminate\\Http\\Request))
#26 C:\\Users\\Miguel\\Desktop\\Applikcation Octobre\\Projet gestion de stock\\backend\\vendor\\laravel\\framework\\src\\Illuminate\\Foundation\\Http\\Kernel.php(175): Illuminate\\Pipeline\\Pipeline->then(Object(Closure))
#27 C:\\Users\\Miguel\\Desktop\\Applikcation Octobre\\Projet gestion de stock\\backend\\vendor\\laravel\\framework\\src\\Illuminate\\Foundation\\Http\\Kernel.php(144): Illuminate\\Foundation\\Http\\Kernel->sendRequestThroughRouter(Object(Illuminate\\Http\\Request))
#28 C:\\Users\\Miguel\\Desktop\\Applikcation Octobre\\Projet gestion de stock\\backend\\public\\index.php(180): Illuminate\\Foundation\\Http\\Kernel->handle(Object(Illuminate\\Http\\Request))
#29 C:\\Users\\Miguel\\Desktop\\Applikcation Octobre\\Projet gestion de stock\\backend\\vendor\\laravel\\framework\\src\\Illuminate\\Foundation\\resources\\server.php(23): require_once('C:\\\\Users\\\\Miguel...')
#30 {main}
"} 
[2025-11-11 16:42:52] local.ERROR: Target class [cors] does not exist. {"exception":"[object] (Illuminate\\Contracts\\Container\\BindingResolutionException(code: 0): Target class [cors] does not exist. at C:\\Users\\Miguel\\Desktop\\Applikcation Octobre\\Projet gestion de stock\\backend\\vendor\\laravel\\framework\\src\\Illuminate\\Container\\Container.php:1163)
[stacktrace]
#0 C:\\Users\\Miguel\\Desktop\\Applikcation Octobre\\Projet gestion de stock\\backend\\vendor\\laravel\\framework\\src\\Illuminate\\Container\\Container.php(972): Illuminate\\Container\\Container->build('cors')
#1 C:\\Users\\Miguel\\Desktop\\Applikcation Octobre\\Projet gestion de stock\\backend\\vendor\\laravel\\framework\\src\\Illuminate\\Foundation\\Application.php(1078): Illuminate\\Container\\Container->resolve('cors', Array, true)
#2 C:\\Users\\Miguel\\Desktop\\Applikcation Octobre\\Projet gestion de stock\\backend\\vendor\\laravel\\framework\\src\\Illuminate\\Container\\Container.php(903): Illuminate\\Foundation\\Application->resolve('cors', Array)
#3 C:\\Users\\Miguel\\Desktop\\Applikcation Octobre\\Projet gestion de stock\\backend\\vendor\\laravel\\framework\\src\\Illuminate\\Foundation\\Application.php(1058): Illuminate\\Container\\Container->make('cors', Array)
#4 C:\\Users\\Miguel\\Desktop\\Applikcation Octobre\\Projet gestion de stock\\backend\\vendor\\laravel\\framework\\src\\Illuminate\\Pipeline\\Pipeline.php(208): Illuminate\\Foundation\\Application->make('cors')
#5 C:\\Users\\Miguel\\Desktop\\Applikcation Octobre\\Projet gestion de stock\\backend\\vendor\\laravel\\framework\\src\\Illuminate\\Pipeline\\Pipeline.php(137): Illuminate\\Pipeline\\Pipeline->Illuminate\\Pipeline\\{closure}(Object(Illuminate\\Http\\Request))
#6 C:\\Users\\Miguel\\Desktop\\Applikcation Octobre\\Projet gestion de stock\\backend\\vendor\\laravel\\framework\\src\\Illuminate\\Routing\\Router.php(821): Illuminate\\Pipeline\\Pipeline->then(Object(Closure))
#7 C:\\Users\\Miguel\\Desktop\\Applikcation Octobre\\Projet gestion de stock\\backend\\vendor\\laravel\\framework\\src\\Illuminate\\Routing\\Router.php(800): Illuminate\\Routing\\Router->runRouteWithinStack(Object(Illuminate\\Routing\\Route), Object(Illuminate\\Http\\Request))
#8 C:\\Users\\Miguel\\Desktop\\Applikcation Octobre\\Projet gestion de stock\\backend\\vendor\\laravel\\framework\\src\\Illuminate\\Routing\\Router.php(764): Illuminate\\Routing\\Router->runRoute(Object(Illuminate\\Http\\Request), Object(Illuminate\\Routing\\Route))
#9 C:\\Users\\Miguel\\Desktop\\Applikcation Octobre\\Projet gestion de stock\\backend\\vendor\\laravel\\framework\\src\\Illuminate\\Routing\\Router.php(753): Illuminate\\Routing\\Router->dispatchToRoute(Object(Illuminate\\Http\\Request))
#10 C:\\Users\\Miguel\\Desktop\\Applikcation Octobre\\Projet gestion de stock\\backend\\vendor\\laravel\\framework\\src\\Illuminate\\Foundation\\Http\\Kernel.php(200): Illuminate\\Routing\\Router->dispatch(Object(Illuminate\\Http\\Request))
#11 C:\\Users\\Miguel\\Desktop\\Applikcation Octobre\\Projet gestion de stock\\backend\\vendor\\laravel\\framework\\src\\Illuminate\\Pipeline\\Pipeline.php(180): Illuminate\\Foundation\\Http\\Kernel->Illuminate\\Foundation\\Http\\{closure}(Object(Illuminate\\Http\\Request))
#12 C:\\Users\\Miguel\\Desktop\\Applikcation Octobre\\Projet gestion de stock\\backend\\vendor\\laravel\\framework\\src\\Illuminate\\Foundation\\Http\\Middleware\\TransformsRequest.php(21): Illuminate\\Pipeline\\Pipeline->Illuminate\\Pipeline\\{closure}(Object(Illuminate\\Http\\Request))
#13 C:\\Users\\Miguel\\Desktop\\Applikcation Octobre\\Projet gestion de stock\\backend\\vendor\\laravel\\framework\\src\\Illuminate\\Foundation\\Http\\Middleware\\ConvertEmptyStringsToNull.php(31): Illuminate\\Foundation\\Http\\Middleware\\TransformsRequest->handle(Object(Illuminate\\Http\\Request), Object(Closure))
#14 C:\\Users\\Miguel\\Desktop\\Applikcation Octobre\\Projet gestion de stock\\backend\\vendor\\laravel\\framework\\src\\Illuminate\\Pipeline\\Pipeline.php(219): Illuminate\\Foundation\\Http\\Middleware\\ConvertEmptyStringsToNull->handle(Object(Illuminate\\Http\\Request), Object(Closure))
#15 C:\\Users\\Miguel\\Desktop\\Applikcation Octobre\\Projet gestion de stock\\backend\\vendor\\laravel\\framework\\src\\Illuminate\\Foundation\\Http\\Middleware\\TransformsRequest.php(21): Illuminate\\Pipeline\\Pipeline->Illuminate\\Pipeline\\{closure}(Object(Illuminate\\Http\\Request))
#16 C:\\Users\\Miguel\\Desktop\\Applikcation Octobre\\Projet gestion de stock\\backend\\vendor\\laravel\\framework\\src\\Illuminate\\Foundation\\Http\\Middleware\\TrimStrings.php(51): Illuminate\\Foundation\\Http\\Middleware\\TransformsRequest->handle(Object(Illuminate\\Http\\Request), Object(Closure))
#17 C:\\Users\\Miguel\\Desktop\\Applikcation Octobre\\Projet gestion de stock\\backend\\vendor\\laravel\\framework\\src\\Illuminate\\Pipeline\\Pipeline.php(219): Illuminate\\Foundation\\Http\\Middleware\\TrimStrings->handle(Object(Illuminate\\Http\\Request), Object(Closure))
#18 C:\\Users\\Miguel\\Desktop\\Applikcation Octobre\\Projet gestion de stock\\backend\\vendor\\laravel\\framework\\src\\Illuminate\\Http\\Middleware\\ValidatePostSize.php(27): Illuminate\\Pipeline\\Pipeline->Illuminate\\Pipeline\\{closure}(Object(Illuminate\\Http\\Request))
#19 C:\\Users\\Miguel\\Desktop\\Applikcation Octobre\\Projet gestion de stock\\backend\\vendor\\laravel\\framework\\src\\Illuminate\\Pipeline\\Pipeline.php(219): Illuminate\\Http\\Middleware\\ValidatePostSize->handle(Object(Illuminate\\Http\\Request), Object(Closure))
#20 C:\\Users\\Miguel\\Desktop\\Applikcation Octobre\\Projet gestion de stock\\backend\\vendor\\laravel\\framework\\src\\Illuminate\\Http\\Middleware\\HandleCors.php(61): Illuminate\\Pipeline\\Pipeline->Illuminate\\Pipeline\\{closure}(Object(Illuminate\\Http\\Request))
#21 C:\\Users\\Miguel\\Desktop\\Applikcation Octobre\\Projet gestion de stock\\backend\\vendor\\laravel\\framework\\src\\Illuminate\\Pipeline\\Pipeline.php(219): Illuminate\\Http\\Middleware\\HandleCors->handle(Object(Illuminate\\Http\\Request), Object(Closure))
#22 C:\\Users\\Miguel\\Desktop\\Applikcation Octobre\\Projet gestion de stock\\backend\\vendor\\laravel\\framework\\src\\Illuminate\\Http\\Middleware\\TrustProxies.php(58): Illuminate\\Pipeline\\Pipeline->Illuminate\\Pipeline\\{closure}(Object(Illuminate\\Http\\Request))
#23 C:\\Users\\Miguel\\Desktop\\Applikcation Octobre\\Projet gestion de stock\\backend\\vendor\\laravel\\framework\\src\\Illuminate\\Pipeline\\Pipeline.php(219): Illuminate\\Http\\Middleware\\TrustProxies->handle(Object(Illuminate\\Http\\Request), Object(Closure))
#24 C:\\Users\\Miguel\\Desktop\\Applikcation Octobre\\Projet gestion de stock\\backend\\vendor\\laravel\\framework\\src\\Illuminate\\Pipeline\\Pipeline.php(137): Illuminate\\Pipeline\\Pipeline->Illuminate\\Pipeline\\{closure}(Object(Illuminate\\Http\\Request))
#25 C:\\Users\\Miguel\\Desktop\\Applikcation Octobre\\Projet gestion de stock\\backend\\vendor\\laravel\\framework\\src\\Illuminate\\Foundation\\Http\\Kernel.php(175): Illuminate\\Pipeline\\Pipeline->then(Object(Closure))
#26 C:\\Users\\Miguel\\Desktop\\Applikcation Octobre\\Projet gestion de stock\\backend\\vendor\\laravel\\framework\\src\\Illuminate\\Foundation\\Http\\Kernel.php(144): Illuminate\\Foundation\\Http\\Kernel->sendRequestThroughRouter(Object(Illuminate\\Http\\Request))
#27 C:\\Users\\Miguel\\Desktop\\Applikcation Octobre\\Projet gestion de stock\\backend\\public\\index.php(180): Illuminate\\Foundation\\Http\\Kernel->handle(Object(Illuminate\\Http\\Request))
#28 C:\\Users\\Miguel\\Desktop\\Applikcation Octobre\\Projet gestion de stock\\backend\\vendor\\laravel\\framework\\src\\Illuminate\\Foundation\\resources\\server.php(23): require_once('C:\\\\Users\\\\Miguel...')
#29 {main}

[previous exception] [object] (ReflectionException(code: -1): Class \"cors\" does not exist at C:\\Users\\Miguel\\Desktop\\Applikcation Octobre\\Projet gestion de stock\\backend\\vendor\\laravel\\framework\\src\\Illuminate\\Container\\Container.php:1161)
[stacktrace]
#0 C:\\Users\\Miguel\\Desktop\\Applikcation Octobre\\Projet gestion de stock\\backend\\vendor\\laravel\\framework\\src\\Illuminate\\Container\\Container.php(1161): ReflectionClass->__construct('cors')
#1 C:\\Users\\Miguel\\Desktop\\Applikcation Octobre\\Projet gestion de stock\\backend\\vendor\\laravel\\framework\\src\\Illuminate\\Container\\Container.php(972): Illuminate\\Container\\Container->build('cors')
#2 C:\\Users\\Miguel\\Desktop\\Applikcation Octobre\\Projet gestion de stock\\backend\\vendor\\laravel\\framework\\src\\Illuminate\\Foundation\\Application.php(1078): Illuminate\\Container\\Container->resolve('cors', Array, true)
#3 C:\\Users\\Miguel\\Desktop\\Applikcation Octobre\\Projet gestion de stock\\backend\\vendor\\laravel\\framework\\src\\Illuminate\\Container\\Container.php(903): Illuminate\\Foundation\\Application->resolve('cors', Array)
#4 C:\\Users\\Miguel\\Desktop\\Applikcation Octobre\\Projet gestion de stock\\backend\\vendor\\laravel\\framework\\src\\Illuminate\\Foundation\\Application.php(1058): Illuminate\\Container\\Container->make('cors', Array)
#5 C:\\Users\\Miguel\\Desktop\\Applikcation Octobre\\Projet gestion de stock\\backend\\vendor\\laravel\\framework\\src\\Illuminate\\Pipeline\\Pipeline.php(208): Illuminate\\Foundation\\Application->make('cors')
#6 C:\\Users\\Miguel\\Desktop\\Applikcation Octobre\\Projet gestion de stock\\backend\\vendor\\laravel\\framework\\src\\Illuminate\\Pipeline\\Pipeline.php(137): Illuminate\\Pipeline\\Pipeline->Illuminate\\Pipeline\\{closure}(Object(Illuminate\\Http\\Request))
#7 C:\\Users\\Miguel\\Desktop\\Applikcation Octobre\\Projet gestion de stock\\backend\\vendor\\laravel\\framework\\src\\Illuminate\\Routing\\Router.php(821): Illuminate\\Pipeline\\Pipeline->then(Object(Closure))
#8 C:\\Users\\Miguel\\Desktop\\Applikcation Octobre\\Projet gestion de stock\\backend\\vendor\\laravel\\framework\\src\\Illuminate\\Routing\\Router.php(800): Illuminate\\Routing\\Router->runRouteWithinStack(Object(Illuminate\\Routing\\Route), Object(Illuminate\\Http\\Request))
#9 C:\\Users\\Miguel\\Desktop\\Applikcation Octobre\\Projet gestion de stock\\backend\\vendor\\laravel\\framework\\src\\Illuminate\\Routing\\Router.php(764): Illuminate\\Routing\\Router->runRoute(Object(Illuminate\\Http\\Request), Object(Illuminate\\Routing\\Route))
#10 C:\\Users\\Miguel\\Desktop\\Applikcation Octobre\\Projet gestion de stock\\backend\\vendor\\laravel\\framework\\src\\Illuminate\\Routing\\Router.php(753): Illuminate\\Routing\\Router->dispatchToRoute(Object(Illuminate\\Http\\Request))
#11 C:\\Users\\Miguel\\Desktop\\Applikcation Octobre\\Projet gestion de stock\\backend\\vendor\\laravel\\framework\\src\\Illuminate\\Foundation\\Http\\Kernel.php(200): Illuminate\\Routing\\Router->dispatch(Object(Illuminate\\Http\\Request))
#12 C:\\Users\\Miguel\\Desktop\\Applikcation Octobre\\Projet gestion de stock\\backend\\vendor\\laravel\\framework\\src\\Illuminate\\Pipeline\\Pipeline.php(180): Illuminate\\Foundation\\Http\\Kernel->Illuminate\\Foundation\\Http\\{closure}(Object(Illuminate\\Http\\Request))
#13 C:\\Users\\Miguel\\Desktop\\Applikcation Octobre\\Projet gestion de stock\\backend\\vendor\\laravel\\framework\\src\\Illuminate\\Foundation\\Http\\Middleware\\TransformsRequest.php(21): Illuminate\\Pipeline\\Pipeline->Illuminate\\Pipeline\\{closure}(Object(Illuminate\\Http\\Request))
#14 C:\\Users\\Miguel\\Desktop\\Applikcation Octobre\\Projet gestion de stock\\backend\\vendor\\laravel\\framework\\src\\Illuminate\\Foundation\\Http\\Middleware\\ConvertEmptyStringsToNull.php(31): Illuminate\\Foundation\\Http\\Middleware\\TransformsRequest->handle(Object(Illuminate\\Http\\Request), Object(Closure))
#15 C:\\Users\\Miguel\\Desktop\\Applikcation Octobre\\Projet gestion de stock\\backend\\vendor\\laravel\\framework\\src\\Illuminate\\Pipeline\\Pipeline.php(219): Illuminate\\Foundation\\Http\\Middleware\\ConvertEmptyStringsToNull->handle(Object(Illuminate\\Http\\Request), Object(Closure))
#16 C:\\Users\\Miguel\\Desktop\\Applikcation Octobre\\Projet gestion de stock\\backend\\vendor\\laravel\\framework\\src\\Illuminate\\Foundation\\Http\\Middleware\\TransformsRequest.php(21): Illuminate\\Pipeline\\Pipeline->Illuminate\\Pipeline\\{closure}(Object(Illuminate\\Http\\Request))
#17 C:\\Users\\Miguel\\Desktop\\Applikcation Octobre\\Projet gestion de stock\\backend\\vendor\\laravel\\framework\\src\\Illuminate\\Foundation\\Http\\Middleware\\TrimStrings.php(51): Illuminate\\Foundation\\Http\\Middleware\\TransformsRequest->handle(Object(Illuminate\\Http\\Request), Object(Closure))
#18 C:\\Users\\Miguel\\Desktop\\Applikcation Octobre\\Projet gestion de stock\\backend\\vendor\\laravel\\framework\\src\\Illuminate\\Pipeline\\Pipeline.php(219): Illuminate\\Foundation\\Http\\Middleware\\TrimStrings->handle(Object(Illuminate\\Http\\Request), Object(Closure))
#19 C:\\Users\\Miguel\\Desktop\\Applikcation Octobre\\Projet gestion de stock\\backend\\vendor\\laravel\\framework\\src\\Illuminate\\Http\\Middleware\\ValidatePostSize.php(27): Illuminate\\Pipeline\\Pipeline->Illuminate\\Pipeline\\{closure}(Object(Illuminate\\Http\\Request))
#20 C:\\Users\\Miguel\\Desktop\\Applikcation Octobre\\Projet gestion de stock\\backend\\vendor\\laravel\\framework\\src\\Illuminate\\Pipeline\\Pipeline.php(219): Illuminate\\Http\\Middleware\\ValidatePostSize->handle(Object(Illuminate\\Http\\Request), Object(Closure))
#21 C:\\Users\\Miguel\\Desktop\\Applikcation Octobre\\Projet gestion de stock\\backend\\vendor\\laravel\\framework\\src\\Illuminate\\Http\\Middleware\\HandleCors.php(61): Illuminate\\Pipeline\\Pipeline->Illuminate\\Pipeline\\{closure}(Object(Illuminate\\Http\\Request))
#22 C:\\Users\\Miguel\\Desktop\\Applikcation Octobre\\Projet gestion de stock\\backend\\vendor\\laravel\\framework\\src\\Illuminate\\Pipeline\\Pipeline.php(219): Illuminate\\Http\\Middleware\\HandleCors->handle(Object(Illuminate\\Http\\Request), Object(Closure))
#23 C:\\Users\\Miguel\\Desktop\\Applikcation Octobre\\Projet gestion de stock\\backend\\vendor\\laravel\\framework\\src\\Illuminate\\Http\\Middleware\\TrustProxies.php(58): Illuminate\\Pipeline\\Pipeline->Illuminate\\Pipeline\\{closure}(Object(Illuminate\\Http\\Request))
#24 C:\\Users\\Miguel\\Desktop\\Applikcation Octobre\\Projet gestion de stock\\backend\\vendor\\laravel\\framework\\src\\Illuminate\\Pipeline\\Pipeline.php(219): Illuminate\\Http\\Middleware\\TrustProxies->handle(Object(Illuminate\\Http\\Request), Object(Closure))
#25 C:\\Users\\Miguel\\Desktop\\Applikcation Octobre\\Projet gestion de stock\\backend\\vendor\\laravel\\framework\\src\\Illuminate\\Pipeline\\Pipeline.php(137): Illuminate\\Pipeline\\Pipeline->Illuminate\\Pipeline\\{closure}(Object(Illuminate\\Http\\Request))
#26 C:\\Users\\Miguel\\Desktop\\Applikcation Octobre\\Projet gestion de stock\\backend\\vendor\\laravel\\framework\\src\\Illuminate\\Foundation\\Http\\Kernel.php(175): Illuminate\\Pipeline\\Pipeline->then(Object(Closure))
#27 C:\\Users\\Miguel\\Desktop\\Applikcation Octobre\\Projet gestion de stock\\backend\\vendor\\laravel\\framework\\src\\Illuminate\\Foundation\\Http\\Kernel.php(144): Illuminate\\Foundation\\Http\\Kernel->sendRequestThroughRouter(Object(Illuminate\\Http\\Request))
#28 C:\\Users\\Miguel\\Desktop\\Applikcation Octobre\\Projet gestion de stock\\backend\\public\\index.php(180): Illuminate\\Foundation\\Http\\Kernel->handle(Object(Illuminate\\Http\\Request))
#29 C:\\Users\\Miguel\\Desktop\\Applikcation Octobre\\Projet gestion de stock\\backend\\vendor\\laravel\\framework\\src\\Illuminate\\Foundation\\resources\\server.php(23): require_once('C:\\\\Users\\\\Miguel...')
#30 {main}
"} 
[2025-11-11 16:45:35] local.ERROR: Target class [cors] does not exist. {"exception":"[object] (Illuminate\\Contracts\\Container\\BindingResolutionException(code: 0): Target class [cors] does not exist. at C:\\Users\\Miguel\\Desktop\\Applikcation Octobre\\Projet gestion de stock\\backend\\vendor\\laravel\\framework\\src\\Illuminate\\Container\\Container.php:1163)
[stacktrace]
#0 C:\\Users\\Miguel\\Desktop\\Applikcation Octobre\\Projet gestion de stock\\backend\\vendor\\laravel\\framework\\src\\Illuminate\\Container\\Container.php(972): Illuminate\\Container\\Container->build('cors')
#1 C:\\Users\\Miguel\\Desktop\\Applikcation Octobre\\Projet gestion de stock\\backend\\vendor\\laravel\\framework\\src\\Illuminate\\Foundation\\Application.php(1078): Illuminate\\Container\\Container->resolve('cors', Array, true)
#2 C:\\Users\\Miguel\\Desktop\\Applikcation Octobre\\Projet gestion de stock\\backend\\vendor\\laravel\\framework\\src\\Illuminate\\Container\\Container.php(903): Illuminate\\Foundation\\Application->resolve('cors', Array)
#3 C:\\Users\\Miguel\\Desktop\\Applikcation Octobre\\Projet gestion de stock\\backend\\vendor\\laravel\\framework\\src\\Illuminate\\Foundation\\Application.php(1058): Illuminate\\Container\\Container->make('cors', Array)
#4 C:\\Users\\Miguel\\Desktop\\Applikcation Octobre\\Projet gestion de stock\\backend\\vendor\\laravel\\framework\\src\\Illuminate\\Pipeline\\Pipeline.php(208): Illuminate\\Foundation\\Application->make('cors')
#5 C:\\Users\\Miguel\\Desktop\\Applikcation Octobre\\Projet gestion de stock\\backend\\vendor\\laravel\\framework\\src\\Illuminate\\Pipeline\\Pipeline.php(137): Illuminate\\Pipeline\\Pipeline->Illuminate\\Pipeline\\{closure}(Object(Illuminate\\Http\\Request))
#6 C:\\Users\\Miguel\\Desktop\\Applikcation Octobre\\Projet gestion de stock\\backend\\vendor\\laravel\\framework\\src\\Illuminate\\Routing\\Router.php(821): Illuminate\\Pipeline\\Pipeline->then(Object(Closure))
#7 C:\\Users\\Miguel\\Desktop\\Applikcation Octobre\\Projet gestion de stock\\backend\\vendor\\laravel\\framework\\src\\Illuminate\\Routing\\Router.php(800): Illuminate\\Routing\\Router->runRouteWithinStack(Object(Illuminate\\Routing\\Route), Object(Illuminate\\Http\\Request))
#8 C:\\Users\\Miguel\\Desktop\\Applikcation Octobre\\Projet gestion de stock\\backend\\vendor\\laravel\\framework\\src\\Illuminate\\Routing\\Router.php(764): Illuminate\\Routing\\Router->runRoute(Object(Illuminate\\Http\\Request), Object(Illuminate\\Routing\\Route))
#9 C:\\Users\\Miguel\\Desktop\\Applikcation Octobre\\Projet gestion de stock\\backend\\vendor\\laravel\\framework\\src\\Illuminate\\Routing\\Router.php(753): Illuminate\\Routing\\Router->dispatchToRoute(Object(Illuminate\\Http\\Request))
#10 C:\\Users\\Miguel\\Desktop\\Applikcation Octobre\\Projet gestion de stock\\backend\\vendor\\laravel\\framework\\src\\Illuminate\\Foundation\\Http\\Kernel.php(200): Illuminate\\Routing\\Router->dispatch(Object(Illuminate\\Http\\Request))
#11 C:\\Users\\Miguel\\Desktop\\Applikcation Octobre\\Projet gestion de stock\\backend\\vendor\\laravel\\framework\\src\\Illuminate\\Pipeline\\Pipeline.php(180): Illuminate\\Foundation\\Http\\Kernel->Illuminate\\Foundation\\Http\\{closure}(Object(Illuminate\\Http\\Request))
#12 C:\\Users\\Miguel\\Desktop\\Applikcation Octobre\\Projet gestion de stock\\backend\\vendor\\laravel\\framework\\src\\Illuminate\\Foundation\\Http\\Middleware\\TransformsRequest.php(21): Illuminate\\Pipeline\\Pipeline->Illuminate\\Pipeline\\{closure}(Object(Illuminate\\Http\\Request))
#13 C:\\Users\\Miguel\\Desktop\\Applikcation Octobre\\Projet gestion de stock\\backend\\vendor\\laravel\\framework\\src\\Illuminate\\Foundation\\Http\\Middleware\\ConvertEmptyStringsToNull.php(31): Illuminate\\Foundation\\Http\\Middleware\\TransformsRequest->handle(Object(Illuminate\\Http\\Request), Object(Closure))
#14 C:\\Users\\Miguel\\Desktop\\Applikcation Octobre\\Projet gestion de stock\\backend\\vendor\\laravel\\framework\\src\\Illuminate\\Pipeline\\Pipeline.php(219): Illuminate\\Foundation\\Http\\Middleware\\ConvertEmptyStringsToNull->handle(Object(Illuminate\\Http\\Request), Object(Closure))
#15 C:\\Users\\Miguel\\Desktop\\Applikcation Octobre\\Projet gestion de stock\\backend\\vendor\\laravel\\framework\\src\\Illuminate\\Foundation\\Http\\Middleware\\TransformsRequest.php(21): Illuminate\\Pipeline\\Pipeline->Illuminate\\Pipeline\\{closure}(Object(Illuminate\\Http\\Request))
#16 C:\\Users\\Miguel\\Desktop\\Applikcation Octobre\\Projet gestion de stock\\backend\\vendor\\laravel\\framework\\src\\Illuminate\\Foundation\\Http\\Middleware\\TrimStrings.php(51): Illuminate\\Foundation\\Http\\Middleware\\TransformsRequest->handle(Object(Illuminate\\Http\\Request), Object(Closure))
#17 C:\\Users\\Miguel\\Desktop\\Applikcation Octobre\\Projet gestion de stock\\backend\\vendor\\laravel\\framework\\src\\Illuminate\\Pipeline\\Pipeline.php(219): Illuminate\\Foundation\\Http\\Middleware\\TrimStrings->handle(Object(Illuminate\\Http\\Request), Object(Closure))
#18 C:\\Users\\Miguel\\Desktop\\Applikcation Octobre\\Projet gestion de stock\\backend\\vendor\\laravel\\framework\\src\\Illuminate\\Http\\Middleware\\ValidatePostSize.php(27): Illuminate\\Pipeline\\Pipeline->Illuminate\\Pipeline\\{closure}(Object(Illuminate\\Http\\Request))
#19 C:\\Users\\Miguel\\Desktop\\Applikcation Octobre\\Projet gestion de stock\\backend\\vendor\\laravel\\framework\\src\\Illuminate\\Pipeline\\Pipeline.php(219): Illuminate\\Http\\Middleware\\ValidatePostSize->handle(Object(Illuminate\\Http\\Request), Object(Closure))
#20 C:\\Users\\Miguel\\Desktop\\Applikcation Octobre\\Projet gestion de stock\\backend\\vendor\\laravel\\framework\\src\\Illuminate\\Http\\Middleware\\HandleCors.php(61): Illuminate\\Pipeline\\Pipeline->Illuminate\\Pipeline\\{closure}(Object(Illuminate\\Http\\Request))
#21 C:\\Users\\Miguel\\Desktop\\Applikcation Octobre\\Projet gestion de stock\\backend\\vendor\\laravel\\framework\\src\\Illuminate\\Pipeline\\Pipeline.php(219): Illuminate\\Http\\Middleware\\HandleCors->handle(Object(Illuminate\\Http\\Request), Object(Closure))
#22 C:\\Users\\Miguel\\Desktop\\Applikcation Octobre\\Projet gestion de stock\\backend\\vendor\\laravel\\framework\\src\\Illuminate\\Http\\Middleware\\TrustProxies.php(58): Illuminate\\Pipeline\\Pipeline->Illuminate\\Pipeline\\{closure}(Object(Illuminate\\Http\\Request))
#23 C:\\Users\\Miguel\\Desktop\\Applikcation Octobre\\Projet gestion de stock\\backend\\vendor\\laravel\\framework\\src\\Illuminate\\Pipeline\\Pipeline.php(219): Illuminate\\Http\\Middleware\\TrustProxies->handle(Object(Illuminate\\Http\\Request), Object(Closure))
#24 C:\\Users\\Miguel\\Desktop\\Applikcation Octobre\\Projet gestion de stock\\backend\\vendor\\laravel\\framework\\src\\Illuminate\\Pipeline\\Pipeline.php(137): Illuminate\\Pipeline\\Pipeline->Illuminate\\Pipeline\\{closure}(Object(Illuminate\\Http\\Request))
#25 C:\\Users\\Miguel\\Desktop\\Applikcation Octobre\\Projet gestion de stock\\backend\\vendor\\laravel\\framework\\src\\Illuminate\\Foundation\\Http\\Kernel.php(175): Illuminate\\Pipeline\\Pipeline->then(Object(Closure))
#26 C:\\Users\\Miguel\\Desktop\\Applikcation Octobre\\Projet gestion de stock\\backend\\vendor\\laravel\\framework\\src\\Illuminate\\Foundation\\Http\\Kernel.php(144): Illuminate\\Foundation\\Http\\Kernel->sendRequestThroughRouter(Object(Illuminate\\Http\\Request))
#27 C:\\Users\\Miguel\\Desktop\\Applikcation Octobre\\Projet gestion de stock\\backend\\public\\index.php(180): Illuminate\\Foundation\\Http\\Kernel->handle(Object(Illuminate\\Http\\Request))
#28 C:\\Users\\Miguel\\Desktop\\Applikcation Octobre\\Projet gestion de stock\\backend\\vendor\\laravel\\framework\\src\\Illuminate\\Foundation\\resources\\server.php(23): require_once('C:\\\\Users\\\\Miguel...')
#29 {main}

[previous exception] [object] (ReflectionException(code: -1): Class \"cors\" does not exist at C:\\Users\\Miguel\\Desktop\\Applikcation Octobre\\Projet gestion de stock\\backend\\vendor\\laravel\\framework\\src\\Illuminate\\Container\\Container.php:1161)
[stacktrace]
#0 C:\\Users\\Miguel\\Desktop\\Applikcation Octobre\\Projet gestion de stock\\backend\\vendor\\laravel\\framework\\src\\Illuminate\\Container\\Container.php(1161): ReflectionClass->__construct('cors')
#1 C:\\Users\\Miguel\\Desktop\\Applikcation Octobre\\Projet gestion de stock\\backend\\vendor\\laravel\\framework\\src\\Illuminate\\Container\\Container.php(972): Illuminate\\Container\\Container->build('cors')
#2 C:\\Users\\Miguel\\Desktop\\Applikcation Octobre\\Projet gestion de stock\\backend\\vendor\\laravel\\framework\\src\\Illuminate\\Foundation\\Application.php(1078): Illuminate\\Container\\Container->resolve('cors', Array, true)
#3 C:\\Users\\Miguel\\Desktop\\Applikcation Octobre\\Projet gestion de stock\\backend\\vendor\\laravel\\framework\\src\\Illuminate\\Container\\Container.php(903): Illuminate\\Foundation\\Application->resolve('cors', Array)
#4 C:\\Users\\Miguel\\Desktop\\Applikcation Octobre\\Projet gestion de stock\\backend\\vendor\\laravel\\framework\\src\\Illuminate\\Foundation\\Application.php(1058): Illuminate\\Container\\Container->make('cors', Array)
#5 C:\\Users\\Miguel\\Desktop\\Applikcation Octobre\\Projet gestion de stock\\backend\\vendor\\laravel\\framework\\src\\Illuminate\\Pipeline\\Pipeline.php(208): Illuminate\\Foundation\\Application->make('cors')
#6 C:\\Users\\Miguel\\Desktop\\Applikcation Octobre\\Projet gestion de stock\\backend\\vendor\\laravel\\framework\\src\\Illuminate\\Pipeline\\Pipeline.php(137): Illuminate\\Pipeline\\Pipeline->Illuminate\\Pipeline\\{closure}(Object(Illuminate\\Http\\Request))
#7 C:\\Users\\Miguel\\Desktop\\Applikcation Octobre\\Projet gestion de stock\\backend\\vendor\\laravel\\framework\\src\\Illuminate\\Routing\\Router.php(821): Illuminate\\Pipeline\\Pipeline->then(Object(Closure))
#8 C:\\Users\\Miguel\\Desktop\\Applikcation Octobre\\Projet gestion de stock\\backend\\vendor\\laravel\\framework\\src\\Illuminate\\Routing\\Router.php(800): Illuminate\\Routing\\Router->runRouteWithinStack(Object(Illuminate\\Routing\\Route), Object(Illuminate\\Http\\Request))
#9 C:\\Users\\Miguel\\Desktop\\Applikcation Octobre\\Projet gestion de stock\\backend\\vendor\\laravel\\framework\\src\\Illuminate\\Routing\\Router.php(764): Illuminate\\Routing\\Router->runRoute(Object(Illuminate\\Http\\Request), Object(Illuminate\\Routing\\Route))
#10 C:\\Users\\Miguel\\Desktop\\Applikcation Octobre\\Projet gestion de stock\\backend\\vendor\\laravel\\framework\\src\\Illuminate\\Routing\\Router.php(753): Illuminate\\Routing\\Router->dispatchToRoute(Object(Illuminate\\Http\\Request))
#11 C:\\Users\\Miguel\\Desktop\\Applikcation Octobre\\Projet gestion de stock\\backend\\vendor\\laravel\\framework\\src\\Illuminate\\Foundation\\Http\\Kernel.php(200): Illuminate\\Routing\\Router->dispatch(Object(Illuminate\\Http\\Request))
#12 C:\\Users\\Miguel\\Desktop\\Applikcation Octobre\\Projet gestion de stock\\backend\\vendor\\laravel\\framework\\src\\Illuminate\\Pipeline\\Pipeline.php(180): Illuminate\\Foundation\\Http\\Kernel->Illuminate\\Foundation\\Http\\{closure}(Object(Illuminate\\Http\\Request))
#13 C:\\Users\\Miguel\\Desktop\\Applikcation Octobre\\Projet gestion de stock\\backend\\vendor\\laravel\\framework\\src\\Illuminate\\Foundation\\Http\\Middleware\\TransformsRequest.php(21): Illuminate\\Pipeline\\Pipeline->Illuminate\\Pipeline\\{closure}(Object(Illuminate\\Http\\Request))
#14 C:\\Users\\Miguel\\Desktop\\Applikcation Octobre\\Projet gestion de stock\\backend\\vendor\\laravel\\framework\\src\\Illuminate\\Foundation\\Http\\Middleware\\ConvertEmptyStringsToNull.php(31): Illuminate\\Foundation\\Http\\Middleware\\TransformsRequest->handle(Object(Illuminate\\Http\\Request), Object(Closure))
#15 C:\\Users\\Miguel\\Desktop\\Applikcation Octobre\\Projet gestion de stock\\backend\\vendor\\laravel\\framework\\src\\Illuminate\\Pipeline\\Pipeline.php(219): Illuminate\\Foundation\\Http\\Middleware\\ConvertEmptyStringsToNull->handle(Object(Illuminate\\Http\\Request), Object(Closure))
#16 C:\\Users\\Miguel\\Desktop\\Applikcation Octobre\\Projet gestion de stock\\backend\\vendor\\laravel\\framework\\src\\Illuminate\\Foundation\\Http\\Middleware\\TransformsRequest.php(21): Illuminate\\Pipeline\\Pipeline->Illuminate\\Pipeline\\{closure}(Object(Illuminate\\Http\\Request))
#17 C:\\Users\\Miguel\\Desktop\\Applikcation Octobre\\Projet gestion de stock\\backend\\vendor\\laravel\\framework\\src\\Illuminate\\Foundation\\Http\\Middleware\\TrimStrings.php(51): Illuminate\\Foundation\\Http\\Middleware\\TransformsRequest->handle(Object(Illuminate\\Http\\Request), Object(Closure))
#18 C:\\Users\\Miguel\\Desktop\\Applikcation Octobre\\Projet gestion de stock\\backend\\vendor\\laravel\\framework\\src\\Illuminate\\Pipeline\\Pipeline.php(219): Illuminate\\Foundation\\Http\\Middleware\\TrimStrings->handle(Object(Illuminate\\Http\\Request), Object(Closure))
#19 C:\\Users\\Miguel\\Desktop\\Applikcation Octobre\\Projet gestion de stock\\backend\\vendor\\laravel\\framework\\src\\Illuminate\\Http\\Middleware\\ValidatePostSize.php(27): Illuminate\\Pipeline\\Pipeline->Illuminate\\Pipeline\\{closure}(Object(Illuminate\\Http\\Request))
#20 C:\\Users\\Miguel\\Desktop\\Applikcation Octobre\\Projet gestion de stock\\backend\\vendor\\laravel\\framework\\src\\Illuminate\\Pipeline\\Pipeline.php(219): Illuminate\\Http\\Middleware\\ValidatePostSize->handle(Object(Illuminate\\Http\\Request), Object(Closure))
#21 C:\\Users\\Miguel\\Desktop\\Applikcation Octobre\\Projet gestion de stock\\backend\\vendor\\laravel\\framework\\src\\Illuminate\\Http\\Middleware\\HandleCors.php(61): Illuminate\\Pipeline\\Pipeline->Illuminate\\Pipeline\\{closure}(Object(Illuminate\\Http\\Request))
#22 C:\\Users\\Miguel\\Desktop\\Applikcation Octobre\\Projet gestion de stock\\backend\\vendor\\laravel\\framework\\src\\Illuminate\\Pipeline\\Pipeline.php(219): Illuminate\\Http\\Middleware\\HandleCors->handle(Object(Illuminate\\Http\\Request), Object(Closure))
#23 C:\\Users\\Miguel\\Desktop\\Applikcation Octobre\\Projet gestion de stock\\backend\\vendor\\laravel\\framework\\src\\Illuminate\\Http\\Middleware\\TrustProxies.php(58): Illuminate\\Pipeline\\Pipeline->Illuminate\\Pipeline\\{closure}(Object(Illuminate\\Http\\Request))
#24 C:\\Users\\Miguel\\Desktop\\Applikcation Octobre\\Projet gestion de stock\\backend\\vendor\\laravel\\framework\\src\\Illuminate\\Pipeline\\Pipeline.php(219): Illuminate\\Http\\Middleware\\TrustProxies->handle(Object(Illuminate\\Http\\Request), Object(Closure))
#25 C:\\Users\\Miguel\\Desktop\\Applikcation Octobre\\Projet gestion de stock\\backend\\vendor\\laravel\\framework\\src\\Illuminate\\Pipeline\\Pipeline.php(137): Illuminate\\Pipeline\\Pipeline->Illuminate\\Pipeline\\{closure}(Object(Illuminate\\Http\\Request))
#26 C:\\Users\\Miguel\\Desktop\\Applikcation Octobre\\Projet gestion de stock\\backend\\vendor\\laravel\\framework\\src\\Illuminate\\Foundation\\Http\\Kernel.php(175): Illuminate\\Pipeline\\Pipeline->then(Object(Closure))
#27 C:\\Users\\Miguel\\Desktop\\Applikcation Octobre\\Projet gestion de stock\\backend\\vendor\\laravel\\framework\\src\\Illuminate\\Foundation\\Http\\Kernel.php(144): Illuminate\\Foundation\\Http\\Kernel->sendRequestThroughRouter(Object(Illuminate\\Http\\Request))
#28 C:\\Users\\Miguel\\Desktop\\Applikcation Octobre\\Projet gestion de stock\\backend\\public\\index.php(180): Illuminate\\Foundation\\Http\\Kernel->handle(Object(Illuminate\\Http\\Request))
#29 C:\\Users\\Miguel\\Desktop\\Applikcation Octobre\\Projet gestion de stock\\backend\\vendor\\laravel\\framework\\src\\Illuminate\\Foundation\\resources\\server.php(23): require_once('C:\\\\Users\\\\Miguel...')
#30 {main}
"} 
